datetime,TRFFCVLM,OCCPNCY,SPD_AVG
2023-12-11 00:00:00,36,1,101
2023-12-11 00:05:00,24,1,95
2023-12-11 00:10:00,23,1,98
2023-12-11 00:15:00,23,1,107
2023-12-11 00:20:00,27,1,103
2023-12-11 00:25:00,23,1,97
2023-12-11 00:30:00,23,2,101
2023-12-11 00:35:00,28,2,106
2023-12-11 00:40:00,22,1,99
2023-12-11 00:45:00,26,1,96
2023-12-11 00:50:00,23,1,95
2023-12-11 00:55:00,9,0,107
2023-12-11 01:00:00,11,1,101
2023-12-11 01:05:00,18,2,94
2023-12-11 01:10:00,20,1,97
2023-12-11 01:15:00,21,1,93
2023-12-11 01:20:00,15,1,97
2023-12-11 01:25:00,19,1,92
2023-12-11 01:30:00,20,1,110
2023-12-11 01:35:00,15,1,96
2023-12-11 01:40:00,14,1,92
2023-12-11 01:45:00,13,1,97
2023-12-11 01:50:00,24,1,103
2023-12-11 01:55:00,9,1,89
2023-12-11 02:00:00,19,2,89
2023-12-11 02:05:00,12,1,88
2023-12-11 02:10:00,14,1,100
2023-12-11 02:15:00,10,1,92
2023-12-11 02:20:00,12,2,89
2023-12-11 02:25:00,10,1,93
2023-12-11 02:30:00,12,1,93
2023-12-11 02:35:00,10,1,86
2023-12-11 02:40:00,13,1,95
2023-12-11 02:45:00,8,2,84
2023-12-11 02:50:00,17,1,93
2023-12-11 02:55:00,9,2,88
2023-12-11 03:00:00,11,1,87
2023-12-11 03:05:00,13,1,91
2023-12-11 03:10:00,12,1,103
2023-12-11 03:15:00,8,1,94
2023-12-11 03:20:00,17,2,95
2023-12-11 03:25:00,13,1,88
2023-12-11 03:30:00,16,1,91
2023-12-11 03:35:00,15,1,86
2023-12-11 03:40:00,8,1,78
2023-12-11 03:45:00,13,2,88
2023-12-11 03:50:00,18,2,87
2023-12-11 03:55:00,18,2,87
2023-12-11 04:00:00,16,1,89
2023-12-11 04:05:00,18,2,82
2023-12-11 04:10:00,11,1,88
2023-12-11 04:15:00,25,3,88
2023-12-11 04:20:00,23,2,88
2023-12-11 04:25:00,11,2,86
2023-12-11 04:30:00,20,2,84
2023-12-11 04:35:00,33,3,87
2023-12-11 04:40:00,20,2,86
2023-12-11 04:45:00,27,2,90
2023-12-11 04:50:00,25,2,87
2023-12-11 04:55:00,26,1,91
2023-12-11 05:00:00,23,1,90
2023-12-11 05:05:00,39,2,93
2023-12-11 05:10:00,26,2,90
2023-12-11 05:15:00,29,2,85
2023-12-11 05:20:00,24,2,90
2023-12-11 05:25:00,36,3,88
2023-12-11 05:30:00,38,2,92
2023-12-11 05:35:00,39,2,91
2023-12-11 05:40:00,41,2,95
2023-12-11 05:45:00,34,2,93
2023-12-11 05:50:00,51,3,89
2023-12-11 05:55:00,49,3,91
2023-12-11 06:00:00,52,2,89
2023-12-11 06:05:00,51,2,99
2023-12-11 06:10:00,45,2,92
2023-12-11 06:15:00,58,2,93
2023-12-11 06:20:00,54,2,91
2023-12-11 06:25:00,62,3,91
2023-12-11 06:30:00,66,2,94
2023-12-11 06:35:00,59,2,88
2023-12-11 06:40:00,60,2,94
2023-12-11 06:45:00,81,3,95
2023-12-11 06:50:00,85,3,90
2023-12-11 06:55:00,68,3,92
2023-12-11 07:00:00,72,3,90
2023-12-11 07:05:00,65,3,93
2023-12-11 07:10:00,67,2,94
2023-12-11 07:15:00,73,3,93
2023-12-11 07:20:00,59,2,97
2023-12-11 07:25:00,84,3,98
2023-12-11 07:30:00,74,3,96
2023-12-11 07:35:00,67,2,96
2023-12-11 07:40:00,83,3,94
2023-12-11 07:45:00,98,3,98
2023-12-11 07:50:00,93,3,99
2023-12-11 07:55:00,84,3,94
2023-12-11 08:00:00,88,3,96
2023-12-11 08:05:00,105,3,96
2023-12-11 08:10:00,95,3,98
2023-12-11 08:15:00,80,3,97
2023-12-11 08:20:00,75,2,97
2023-12-11 08:25:00,99,3,95
2023-12-11 08:30:00,96,3,98
2023-12-11 08:35:00,102,3,100
2023-12-11 08:40:00,99,3,96
2023-12-11 08:45:00,84,3,96
2023-12-11 08:50:00,91,3,96
2023-12-11 08:55:00,88,3,96
2023-12-11 09:00:00,63,2,94
2023-12-11 09:05:00,78,3,94
2023-12-11 09:10:00,80,3,95
2023-12-11 09:15:00,84,3,96
2023-12-11 09:20:00,91,3,97
2023-12-11 09:25:00,92,4,93
2023-12-11 09:30:00,98,4,94
2023-12-11 09:35:00,77,3,96
2023-12-11 09:40:00,79,2,95
2023-12-11 09:45:00,99,3,97
2023-12-11 09:50:00,96,4,93
2023-12-11 09:55:00,93,3,92
2023-12-11 10:00:00,114,4,91
2023-12-11 10:05:00,101,3,97
2023-12-11 10:10:00,112,4,95
2023-12-11 10:15:00,98,3,95
2023-12-11 10:20:00,119,5,94
2023-12-11 10:25:00,107,4,95
2023-12-11 10:30:00,106,4,91
2023-12-11 10:35:00,108,4,93
2023-12-11 10:40:00,91,3,96
2023-12-11 10:45:00,105,4,94
2023-12-11 10:50:00,115,4,94
2023-12-11 10:55:00,130,4,96
2023-12-11 11:00:00,124,4,96
2023-12-11 11:05:00,119,4,95
2023-12-11 11:10:00,112,4,91
2023-12-11 11:15:00,109,4,91
2023-12-11 11:20:00,113,4,96
2023-12-11 11:25:00,131,5,91
2023-12-11 11:30:00,127,4,95
2023-12-11 11:35:00,140,5,89
2023-12-11 11:40:00,120,4,90
2023-12-11 11:45:00,108,4,95
2023-12-11 11:50:00,100,4,94
2023-12-11 11:55:00,130,5,94
2023-12-11 12:00:00,131,4,95
2023-12-11 12:05:00,138,5,93
2023-12-11 12:10:00,129,5,92
2023-12-11 12:15:00,114,5,92
2023-12-11 12:20:00,161,6,96
2023-12-11 12:25:00,122,5,92
2023-12-11 12:30:00,119,4,94
2023-12-11 12:35:00,99,4,92
2023-12-11 12:40:00,112,4,93
2023-12-11 12:45:00,120,5,94
2023-12-11 12:50:00,120,5,92
2023-12-11 12:55:00,114,4,94
2023-12-11 13:00:00,126,5,92
2023-12-11 13:05:00,116,4,93
2023-12-11 13:10:00,120,4,93
2023-12-11 13:15:00,118,4,95
2023-12-11 13:20:00,143,5,92
2023-12-11 13:25:00,119,4,94
2023-12-11 13:30:00,120,4,96
2023-12-11 13:35:00,128,5,92
2023-12-11 13:40:00,112,4,95
2023-12-11 13:45:00,122,4,95
2023-12-11 13:50:00,104,4,92
2023-12-11 13:55:00,116,4,91
2023-12-11 14:00:00,121,4,93
2023-12-11 14:05:00,106,4,92
2023-12-11 14:10:00,137,5,92
2023-12-11 14:15:00,119,5,91
2023-12-11 14:20:00,135,5,93
2023-12-11 14:25:00,129,5,91
2023-12-11 14:30:00,121,5,92
2023-12-11 14:35:00,132,5,93
2023-12-11 14:40:00,137,5,93
2023-12-11 14:45:00,112,4,94
2023-12-11 14:50:00,109,4,93
2023-12-11 14:55:00,123,4,98
2023-12-11 15:00:00,108,4,89
2023-12-11 15:05:00,103,3,98
2023-12-11 15:10:00,126,4,93
2023-12-11 15:15:00,116,4,93
2023-12-11 15:20:00,109,4,89
2023-12-11 15:25:00,95,3,92
2023-12-11 15:30:00,112,4,91
2023-12-11 15:35:00,126,4,94
2023-12-11 15:40:00,111,4,95
2023-12-11 15:45:00,112,4,95
2023-12-11 15:50:00,105,4,93
2023-12-11 15:55:00,117,3,96
2023-12-11 16:00:00,118,4,95
2023-12-11 16:05:00,109,3,96
2023-12-11 16:10:00,120,4,96
2023-12-11 16:15:00,97,3,95
2023-12-11 16:20:00,112,3,97
2023-12-11 16:25:00,97,3,97
2023-12-11 16:30:00,131,4,99
2023-12-11 16:35:00,97,3,99
2023-12-11 16:40:00,100,3,95
2023-12-11 16:45:00,94,3,97
2023-12-11 16:50:00,115,4,96
2023-12-11 16:55:00,93,3,95
2023-12-11 17:00:00,89,3,94
2023-12-11 17:05:00,102,3,91
2023-12-11 17:10:00,106,3,93
2023-12-11 17:15:00,111,4,88
2023-12-11 17:20:00,84,3,92
2023-12-11 17:25:00,109,4,88
2023-12-11 17:30:00,108,4,86
2023-12-11 17:35:00,99,4,89
2023-12-11 17:40:00,106,4,87
2023-12-11 17:45:00,90,3,85
2023-12-11 17:50:00,96,4,89
2023-12-11 17:55:00,99,3,88
2023-12-11 18:00:00,103,4,87
2023-12-11 18:05:00,83,3,90
2023-12-11 18:10:00,84,4,87
2023-12-11 18:15:00,61,2,89
2023-12-11 18:20:00,68,2,87
2023-12-11 18:25:00,82,3,90
2023-12-11 18:30:00,80,3,89
2023-12-11 18:35:00,87,3,95
2023-12-11 18:40:00,77,3,90
2023-12-11 18:45:00,77,3,93
2023-12-11 18:50:00,83,3,92
2023-12-11 18:55:00,60,3,88
2023-12-11 19:00:00,76,3,94
2023-12-11 19:05:00,67,3,93
2023-12-11 19:10:00,52,2,88
2023-12-11 19:15:00,65,3,87
2023-12-11 19:20:00,75,3,93
2023-12-11 19:25:00,64,2,94
2023-12-11 19:30:00,57,2,90
2023-12-11 19:35:00,66,2,90
2023-12-11 19:40:00,53,2,90
2023-12-11 19:45:00,68,2,92
2023-12-11 19:50:00,63,2,94
2023-12-11 19:55:00,54,2,99
2023-12-11 20:00:00,49,2,90
2023-12-11 20:05:00,60,2,95
2023-12-11 20:10:00,49,2,89
2023-12-11 20:15:00,51,2,93
2023-12-11 20:20:00,63,2,94
2023-12-11 20:25:00,58,2,91
2023-12-11 20:30:00,33,2,90
2023-12-11 20:35:00,52,2,95
2023-12-11 20:40:00,49,2,96
2023-12-11 20:45:00,65,2,96
2023-12-11 20:50:00,53,2,94
2023-12-11 20:55:00,54,2,91
2023-12-11 21:00:00,40,2,93
2023-12-11 21:05:00,50,2,87
2023-12-11 21:10:00,56,3,93
2023-12-11 21:15:00,46,2,95
2023-12-11 21:20:00,45,2,91
2023-12-11 21:25:00,40,2,95
2023-12-11 21:30:00,52,3,86
2023-12-11 21:35:00,51,2,95
2023-12-11 21:40:00,38,2,92
2023-12-11 21:45:00,39,2,92
2023-12-11 21:50:00,40,2,90
2023-12-11 21:55:00,39,2,96
2023-12-11 22:00:00,34,2,92
2023-12-11 22:05:00,39,2,96
2023-12-11 22:10:00,38,1,98
2023-12-11 22:15:00,55,2,93
2023-12-11 22:20:00,40,2,88
2023-12-11 22:25:00,40,2,91
2023-12-11 22:30:00,45,2,92
2023-12-11 22:35:00,45,2,90
2023-12-11 22:40:00,45,2,92
2023-12-11 22:45:00,41,2,92
2023-12-11 22:50:00,32,2,91
2023-12-11 22:55:00,28,2,91
2023-12-11 23:00:00,29,2,88
2023-12-11 23:05:00,24,2,92
2023-12-11 23:10:00,24,2,91
2023-12-11 23:15:00,38,2,90
2023-12-11 23:20:00,32,1,98
2023-12-11 23:25:00,27,2,85
2023-12-11 23:30:00,29,2,95
2023-12-11 23:35:00,31,2,90
2023-12-11 23:40:00,30,2,91
2023-12-11 23:45:00,29,2,91
2023-12-11 23:50:00,30,2,86
2023-12-11 23:55:00,23,2,85
2023-12-12 00:00:00,25,2,93
2023-12-12 00:05:00,26,2,96
2023-12-12 00:10:00,28,3,87
2023-12-12 00:15:00,28,3,87
2023-12-12 00:20:00,17,2,91
2023-12-12 00:25:00,14,2,82
2023-12-12 00:30:00,22,2,80
2023-12-12 00:35:00,20,1,89
2023-12-12 00:40:00,25,2,92
2023-12-12 00:45:00,13,1,93
2023-12-12 00:50:00,17,3,86
2023-12-12 00:55:00,18,2,86
2023-12-12 01:00:00,12,2,83
2023-12-12 01:05:00,15,1,89
2023-12-12 01:10:00,10,2,84
2023-12-12 01:15:00,18,1,90
2023-12-12 01:20:00,25,3,88
2023-12-12 01:25:00,21,3,83
2023-12-12 01:30:00,12,2,86
2023-12-12 01:35:00,13,2,85
2023-12-12 01:40:00,6,1,83
2023-12-12 01:45:00,18,2,85
2023-12-12 01:50:00,20,2,90
2023-12-12 01:55:00,13,2,83
2023-12-12 02:00:00,18,2,84
2023-12-12 02:05:00,19,2,86
2023-12-12 02:10:00,12,1,85
2023-12-12 02:15:00,19,2,86
2023-12-12 02:20:00,19,2,86
2023-12-12 02:25:00,11,2,90
2023-12-12 02:30:00,19,2,86
2023-12-12 02:35:00,7,1,93
2023-12-12 02:40:00,12,2,92
2023-12-12 02:45:00,10,1,85
2023-12-12 02:50:00,22,2,85
2023-12-12 02:55:00,15,2,84
2023-12-12 03:00:00,8,1,87
2023-12-12 03:05:00,14,2,87
2023-12-12 03:10:00,20,2,85
2023-12-12 03:15:00,15,2,85
2023-12-12 03:20:00,18,2,88
2023-12-12 03:25:00,13,1,97
2023-12-12 03:30:00,20,2,87
2023-12-12 03:35:00,22,2,92
2023-12-12 03:40:00,15,2,83
2023-12-12 03:45:00,18,3,85
2023-12-12 03:50:00,24,2,85
2023-12-12 03:55:00,14,1,93
2023-12-12 04:00:00,25,3,84
2023-12-12 04:05:00,18,4,81
2023-12-12 04:10:00,25,2,86
2023-12-12 04:15:00,22,2,81
2023-12-12 04:20:00,20,2,96
2023-12-12 04:25:00,26,2,87
2023-12-12 04:30:00,33,3,84
2023-12-12 04:35:00,29,4,81
2023-12-12 04:40:00,25,2,89
2023-12-12 04:45:00,23,2,82
2023-12-12 04:50:00,31,3,84
2023-12-12 04:55:00,35,3,87
2023-12-12 05:00:00,26,2,90
2023-12-12 05:05:00,28,2,90
2023-12-12 05:10:00,33,3,84
2023-12-12 05:15:00,43,3,84
2023-12-12 05:20:00,37,3,86
2023-12-12 05:25:00,32,2,85
2023-12-12 05:30:00,35,3,86
2023-12-12 05:35:00,51,4,87
2023-12-12 05:40:00,45,3,85
2023-12-12 05:45:00,51,4,86
2023-12-12 05:50:00,50,3,91
2023-12-12 05:55:00,58,3,92
2023-12-12 06:00:00,68,3,91
2023-12-12 06:05:00,51,3,89
2023-12-12 06:10:00,46,3,90
2023-12-12 06:15:00,38,2,94
2023-12-12 06:20:00,69,3,91
2023-12-12 06:25:00,60,4,91
2023-12-12 06:30:00,51,3,90
2023-12-12 06:35:00,72,4,89
2023-12-12 06:40:00,79,3,94
2023-12-12 06:45:00,69,3,92
2023-12-12 06:50:00,66,3,91
2023-12-12 06:55:00,79,4,93
2023-12-12 07:00:00,84,3,93
2023-12-12 07:05:00,73,3,96
2023-12-12 07:10:00,79,3,91
2023-12-12 07:15:00,65,3,92
2023-12-12 07:20:00,66,3,92
2023-12-12 07:25:00,70,2,102
2023-12-12 07:30:00,67,3,95
2023-12-12 07:35:00,59,3,95
2023-12-12 07:40:00,75,3,94
2023-12-12 07:45:00,75,3,99
2023-12-12 07:50:00,67,3,99
2023-12-12 07:55:00,86,3,92
2023-12-12 08:00:00,80,3,98
2023-12-12 08:05:00,85,2,105
2023-12-12 08:10:00,74,3,97
2023-12-12 08:15:00,83,3,101
2023-12-12 08:20:00,72,3,98
2023-12-12 08:25:00,74,3,99
2023-12-12 08:30:00,90,3,100
2023-12-12 08:35:00,66,2,99
2023-12-12 08:40:00,86,3,99
2023-12-12 08:45:00,96,3,97
2023-12-12 08:50:00,80,3,99
2023-12-12 08:55:00,96,3,99
2023-12-12 09:00:00,93,3,98
2023-12-12 09:05:00,72,2,96
2023-12-12 09:10:00,103,3,101
2023-12-12 09:15:00,82,3,98
2023-12-12 09:20:00,117,4,100
2023-12-12 09:25:00,102,4,98
2023-12-12 09:30:00,100,3,96
2023-12-12 09:35:00,80,3,100
2023-12-12 09:40:00,114,4,98
2023-12-12 09:45:00,99,4,98
2023-12-12 09:50:00,101,3,100
2023-12-12 09:55:00,97,3,97
2023-12-12 10:00:00,138,5,96
2023-12-12 10:05:00,127,5,94
2023-12-12 10:10:00,125,4,101
2023-12-12 10:15:00,125,4,98
2023-12-12 10:20:00,124,5,95
2023-12-12 10:25:00,109,4,98
2023-12-12 10:30:00,109,4,98
2023-12-12 10:35:00,143,5,98
2023-12-12 10:40:00,119,4,96
2023-12-12 10:45:00,150,5,100
2023-12-12 10:50:00,122,4,100
2023-12-12 10:55:00,102,3,98
2023-12-12 11:00:00,133,4,102
2023-12-12 11:05:00,119,4,98
2023-12-12 11:10:00,123,4,101
2023-12-12 11:15:00,143,5,98
2023-12-12 11:20:00,138,5,100
2023-12-12 11:25:00,136,5,100
2023-12-12 11:30:00,144,5,98
2023-12-12 11:35:00,133,5,97
2023-12-12 11:40:00,141,5,96
2023-12-12 11:45:00,133,4,101
2023-12-12 11:50:00,127,5,97
2023-12-12 11:55:00,122,4,98
2023-12-12 12:00:00,120,4,99
2023-12-12 12:05:00,118,5,96
2023-12-12 12:10:00,147,5,98
2023-12-12 12:15:00,133,5,99
2023-12-12 12:20:00,120,5,94
2023-12-12 12:25:00,120,5,97
2023-12-12 12:30:00,136,5,96
2023-12-12 12:35:00,111,4,100
2023-12-12 12:40:00,107,4,99
2023-12-12 12:45:00,126,4,99
2023-12-12 12:50:00,144,5,99
2023-12-12 12:55:00,123,4,101
2023-12-12 13:00:00,133,5,96
2023-12-12 13:05:00,123,4,102
2023-12-12 13:10:00,129,5,97
2023-12-12 13:15:00,147,5,97
2023-12-12 13:20:00,129,4,99
2023-12-12 13:25:00,118,4,101
2023-12-12 13:30:00,142,5,97
2023-12-12 13:35:00,132,5,100
2023-12-12 13:40:00,137,5,97
2023-12-12 13:45:00,120,4,96
2023-12-12 13:50:00,102,4,97
2023-12-12 13:55:00,123,4,101
2023-12-12 14:00:00,128,4,99
2023-12-12 14:05:00,118,4,97
2023-12-12 14:10:00,117,4,98
2023-12-12 14:15:00,142,5,98
2023-12-12 14:20:00,160,6,99
2023-12-12 14:25:00,148,5,101
2023-12-12 14:30:00,138,4,102
2023-12-12 14:35:00,149,5,99
2023-12-12 14:40:00,130,4,103
2023-12-12 14:45:00,135,5,97
2023-12-12 14:50:00,123,4,99
2023-12-12 14:55:00,151,5,100
2023-12-12 15:00:00,114,4,99
2023-12-12 15:05:00,143,5,99
2023-12-12 15:10:00,128,4,101
2023-12-12 15:15:00,130,5,99
2023-12-12 15:20:00,135,4,103
2023-12-12 15:25:00,125,4,100
2023-12-12 15:30:00,137,4,103
2023-12-12 15:35:00,128,4,102
2023-12-12 15:40:00,111,4,100
2023-12-12 15:45:00,120,4,101
2023-12-12 15:50:00,124,4,102
2023-12-12 15:55:00,130,4,99
2023-12-12 16:00:00,139,4,100
2023-12-12 16:05:00,120,4,104
2023-12-12 16:10:00,103,3,99
2023-12-12 16:15:00,98,3,105
2023-12-12 16:20:00,96,3,103
2023-12-12 16:25:00,98,3,103
2023-12-12 16:30:00,103,3,102
2023-12-12 16:35:00,118,3,105
2023-12-12 16:40:00,123,4,100
2023-12-12 16:45:00,108,4,97
2023-12-12 16:50:00,106,3,100
2023-12-12 16:55:00,99,3,102
2023-12-12 17:00:00,119,3,104
2023-12-12 17:05:00,108,3,101
2023-12-12 17:10:00,103,4,96
2023-12-12 17:15:00,88,3,103
2023-12-12 17:20:00,129,4,100
2023-12-12 17:25:00,89,3,100
2023-12-12 17:30:00,110,3,101
2023-12-12 17:35:00,113,4,99
2023-12-12 17:40:00,88,3,99
2023-12-12 17:45:00,102,3,100
2023-12-12 17:50:00,89,3,99
2023-12-12 17:55:00,97,3,100
2023-12-12 18:00:00,83,3,102
2023-12-12 18:05:00,90,3,96
2023-12-12 18:10:00,99,3,104
2023-12-12 18:15:00,93,4,97
2023-12-12 18:20:00,91,3,105
2023-12-12 18:25:00,73,3,101
2023-12-12 18:30:00,103,3,106
2023-12-12 18:35:00,66,2,101
2023-12-12 18:40:00,68,2,100
2023-12-12 18:45:00,74,2,103
2023-12-12 18:50:00,79,3,102
2023-12-12 18:55:00,68,3,102
2023-12-12 19:00:00,86,3,101
2023-12-12 19:05:00,69,2,97
2023-12-12 19:10:00,59,3,94
2023-12-12 19:15:00,75,3,101
2023-12-12 19:20:00,68,2,101
2023-12-12 19:25:00,70,2,101
2023-12-12 19:30:00,67,2,101
2023-12-12 19:35:00,52,2,99
2023-12-12 19:40:00,56,2,98
2023-12-12 19:45:00,79,2,101
2023-12-12 19:50:00,58,2,96
2023-12-12 19:55:00,58,2,97
2023-12-12 20:00:00,68,3,101
2023-12-12 20:05:00,46,2,99
2023-12-12 20:10:00,54,2,99
2023-12-12 20:15:00,57,3,94
2023-12-12 20:20:00,47,2,98
2023-12-12 20:25:00,49,2,97
2023-12-12 20:30:00,56,2,99
2023-12-12 20:35:00,49,2,96
2023-12-12 20:40:00,51,3,96
2023-12-12 20:45:00,45,2,99
2023-12-12 20:50:00,45,2,101
2023-12-12 20:55:00,48,2,100
2023-12-12 21:00:00,36,2,96
2023-12-12 21:05:00,49,2,94
2023-12-12 21:10:00,46,2,101
2023-12-12 21:15:00,37,1,104
2023-12-12 21:20:00,35,2,95
2023-12-12 21:25:00,56,2,103
2023-12-12 21:30:00,49,2,98
2023-12-12 21:35:00,47,2,101
2023-12-12 21:40:00,42,2,101
2023-12-12 21:45:00,46,2,92
2023-12-12 21:50:00,66,3,95
2023-12-12 21:55:00,37,2,93
2023-12-12 22:00:00,26,1,101
2023-12-12 22:05:00,38,2,97
2023-12-12 22:10:00,40,2,95
2023-12-12 22:15:00,45,2,97
2023-12-12 22:20:00,32,1,97
2023-12-12 22:25:00,48,2,100
2023-12-12 22:30:00,33,2,93
2023-12-12 22:35:00,23,2,93
2023-12-12 22:40:00,35,1,99
2023-12-12 22:45:00,40,2,97
2023-12-12 22:50:00,30,2,90
2023-12-12 22:55:00,30,2,95
2023-12-12 23:00:00,44,2,94
2023-12-12 23:05:00,34,2,100
2023-12-12 23:10:00,32,3,93
2023-12-12 23:15:00,25,2,95
2023-12-12 23:20:00,36,2,93
2023-12-12 23:25:00,34,2,90
2023-12-12 23:30:00,26,2,97
2023-12-12 23:35:00,34,2,98
2023-12-12 23:40:00,20,1,95
2023-12-12 23:45:00,27,2,86
2023-12-12 23:50:00,28,2,94
2023-12-12 23:55:00,25,2,92
2023-12-13 00:00:00,29,2,92
2023-12-13 00:05:00,21,1,95
2023-12-13 00:10:00,22,2,102
2023-12-13 00:15:00,25,2,100
2023-12-13 00:20:00,20,2,91
2023-12-13 00:25:00,23,2,90
2023-12-13 00:30:00,23,2,90
2023-12-13 00:35:00,20,2,100
2023-12-13 00:40:00,19,1,103
2023-12-13 00:45:00,36,2,92
2023-12-13 00:50:00,16,2,88
2023-12-13 00:55:00,18,2,89
2023-12-13 01:00:00,23,1,96
2023-12-13 01:05:00,20,1,100
2023-12-13 01:10:00,21,2,94
2023-12-13 01:15:00,11,2,93
2023-12-13 01:20:00,18,2,91
2023-12-13 01:25:00,18,2,91
2023-12-13 01:30:00,18,2,95
2023-12-13 01:35:00,11,2,81
2023-12-13 01:40:00,14,1,94
2023-12-13 01:45:00,15,2,91
2023-12-13 01:50:00,17,1,90
2023-12-13 01:55:00,20,3,82
2023-12-13 02:00:00,19,2,83
2023-12-13 02:05:00,12,2,91
2023-12-13 02:10:00,22,2,82
2023-12-13 02:15:00,14,1,92
2023-12-13 02:20:00,11,1,93
2023-12-13 02:25:00,12,1,94
2023-12-13 02:30:00,18,2,84
2023-12-13 02:35:00,12,2,85
2023-12-13 02:40:00,16,2,91
2023-12-13 02:45:00,15,3,84
2023-12-13 02:50:00,11,2,88
2023-12-13 02:55:00,16,2,85
2023-12-13 03:00:00,13,2,83
2023-12-13 03:05:00,16,2,86
2023-12-13 03:10:00,16,2,91
2023-12-13 03:15:00,14,2,88
2023-12-13 03:20:00,19,2,92
2023-12-13 03:25:00,13,2,87
2023-12-13 03:30:00,18,2,85
2023-12-13 03:35:00,18,3,82
2023-12-13 03:40:00,18,2,87
2023-12-13 03:45:00,18,2,86
2023-12-13 03:50:00,15,2,97
2023-12-13 03:55:00,31,3,83
2023-12-13 04:00:00,19,2,84
2023-12-13 04:05:00,18,2,85
2023-12-13 04:10:00,21,2,89
2023-12-13 04:15:00,32,2,87
2023-12-13 04:20:00,25,4,83
2023-12-13 04:25:00,17,3,94
2023-12-13 04:30:00,28,2,90
2023-12-13 04:35:00,24,2,85
2023-12-13 04:40:00,24,3,88
2023-12-13 04:45:00,34,3,86
2023-12-13 04:50:00,38,3,90
2023-12-13 04:55:00,32,3,88
2023-12-13 05:00:00,28,3,81
2023-12-13 05:05:00,45,3,93
2023-12-13 05:10:00,35,3,86
2023-12-13 05:15:00,43,3,88
2023-12-13 05:20:00,41,3,91
2023-12-13 05:25:00,40,3,89
2023-12-13 05:30:00,50,4,88
2023-12-13 05:35:00,48,5,84
2023-12-13 05:40:00,58,3,87
2023-12-13 05:45:00,56,3,88
2023-12-13 05:50:00,63,3,90
2023-12-13 05:55:00,54,3,91
2023-12-13 06:00:00,48,3,92
2023-12-13 06:05:00,54,3,93
2023-12-13 06:10:00,65,3,93
2023-12-13 06:15:00,68,4,90
2023-12-13 06:20:00,66,3,94
2023-12-13 06:25:00,66,5,91
2023-12-13 06:30:00,68,3,97
2023-12-13 06:35:00,62,3,92
2023-12-13 06:40:00,70,4,94
2023-12-13 06:45:00,66,3,95
2023-12-13 06:50:00,86,3,93
2023-12-13 06:55:00,77,3,98
2023-12-13 07:00:00,79,4,95
2023-12-13 07:05:00,67,3,95
2023-12-13 07:10:00,63,2,100
2023-12-13 07:15:00,74,3,99
2023-12-13 07:20:00,79,3,97
2023-12-13 07:25:00,81,3,99
2023-12-13 07:30:00,82,3,100
2023-12-13 07:35:00,72,2,105
2023-12-13 07:40:00,77,3,97
2023-12-13 07:45:00,68,3,103
2023-12-13 07:50:00,69,2,100
2023-12-13 07:55:00,97,3,105
2023-12-13 08:00:00,85,3,98
2023-12-13 08:05:00,85,3,102
2023-12-13 08:10:00,73,3,98
2023-12-13 08:15:00,82,3,100
2023-12-13 08:20:00,90,3,100
2023-12-13 08:25:00,86,2,103
2023-12-13 08:30:00,86,3,106
2023-12-13 08:35:00,73,3,102
2023-12-13 08:40:00,79,2,104
2023-12-13 08:45:00,93,3,100
2023-12-13 08:50:00,91,3,102
2023-12-13 08:55:00,104,3,102
2023-12-13 09:00:00,94,3,103
2023-12-13 09:05:00,89,3,102
2023-12-13 09:10:00,101,3,105
2023-12-13 09:15:00,89,3,102
2023-12-13 09:20:00,102,3,102
2023-12-13 09:25:00,88,3,101
2023-12-13 09:30:00,108,3,103
2023-12-13 09:35:00,120,4,100
2023-12-13 09:40:00,105,3,103
2023-12-13 09:45:00,123,4,103
2023-12-13 09:50:00,100,3,103
2023-12-13 09:55:00,102,3,98
2023-12-13 10:00:00,143,5,103
2023-12-13 10:05:00,105,3,103
2023-12-13 10:10:00,99,3,101
2023-12-13 10:15:00,130,4,100
2023-12-13 10:20:00,101,4,101
2023-12-13 10:25:00,103,4,98
2023-12-13 10:30:00,114,4,99
2023-12-13 10:35:00,112,4,102
2023-12-13 10:40:00,128,5,99
2023-12-13 10:45:00,119,4,98
2023-12-13 10:50:00,108,3,104
2023-12-13 10:55:00,125,4,102
2023-12-13 11:00:00,160,5,105
2023-12-13 11:05:00,129,5,96
2023-12-13 11:10:00,150,5,99
2023-12-13 11:15:00,126,4,102
2023-12-13 11:20:00,124,4,102
2023-12-13 11:25:00,126,4,101
2023-12-13 11:30:00,146,5,98
2023-12-13 11:35:00,122,5,97
2023-12-13 11:40:00,113,4,102
2023-12-13 11:45:00,126,5,101
2023-12-13 11:50:00,144,5,98
2023-12-13 11:55:00,138,5,98
2023-12-13 12:00:00,150,5,103
2023-12-13 12:05:00,139,5,98
2023-12-13 12:10:00,123,5,98
2023-12-13 12:15:00,139,5,98
2023-12-13 12:20:00,124,5,100
2023-12-13 12:25:00,132,5,99
2023-12-13 12:30:00,130,5,101
2023-12-13 12:35:00,115,4,97
2023-12-13 12:40:00,119,4,102
2023-12-13 12:45:00,108,3,104
2023-12-13 12:50:00,110,4,101
2023-12-13 12:55:00,116,4,99
2023-12-13 13:00:00,125,5,98
2023-12-13 13:05:00,109,4,102
2023-12-13 13:10:00,122,4,100
2023-12-13 13:15:00,143,5,99
2023-12-13 13:20:00,130,5,99
2023-12-13 13:25:00,112,4,101
2023-12-13 13:30:00,128,5,99
2023-12-13 13:35:00,105,4,101
2023-12-13 13:40:00,153,5,99
2023-12-13 13:45:00,136,5,98
2023-12-13 13:50:00,132,5,102
2023-12-13 13:55:00,159,6,96
2023-12-13 14:00:00,165,6,95
2023-12-13 14:05:00,123,5,100
2023-12-13 14:10:00,167,6,98
2023-12-13 14:15:00,161,6,98
2023-12-13 14:20:00,176,6,104
2023-12-13 14:25:00,163,5,101
2023-12-13 14:30:00,138,5,100
2023-12-13 14:35:00,136,5,99
2023-12-13 14:40:00,144,5,101
2023-12-13 14:45:00,155,6,98
2023-12-13 14:50:00,164,6,100
2023-12-13 14:55:00,139,5,99
2023-12-13 15:00:00,130,4,101
2023-12-13 15:05:00,145,5,103
2023-12-13 15:10:00,118,4,102
2023-12-13 15:15:00,141,4,102
2023-12-13 15:20:00,122,4,105
2023-12-13 15:25:00,128,4,104
2023-12-13 15:30:00,117,4,99
2023-12-13 15:35:00,127,4,103
2023-12-13 15:40:00,125,4,100
2023-12-13 15:45:00,119,4,100
2023-12-13 15:50:00,126,4,102
2023-12-13 15:55:00,102,3,105
2023-12-13 16:00:00,128,4,105
2023-12-13 16:05:00,132,4,102
2023-12-13 16:10:00,122,4,105
2023-12-13 16:15:00,105,3,106
2023-12-13 16:20:00,131,4,103
2023-12-13 16:25:00,124,4,100
2023-12-13 16:30:00,114,3,106
2023-12-13 16:35:00,121,3,105
2023-12-13 16:40:00,129,4,104
2023-12-13 16:45:00,125,4,105
2023-12-13 16:50:00,108,3,101
2023-12-13 16:55:00,92,2,108
2023-12-13 17:00:00,115,4,100
2023-12-13 17:05:00,119,3,102
2023-12-13 17:10:00,118,3,104
2023-12-13 17:15:00,122,4,99
2023-12-13 17:20:00,110,4,99
2023-12-13 17:25:00,103,3,101
2023-12-13 17:30:00,121,4,100
2023-12-13 17:35:00,106,3,104
2023-12-13 17:40:00,99,3,103
2023-12-13 17:45:00,98,3,101
2023-12-13 17:50:00,124,4,105
2023-12-13 17:55:00,101,3,101
2023-12-13 18:00:00,104,3,98
2023-12-13 18:05:00,83,2,104
2023-12-13 18:10:00,87,3,100
2023-12-13 18:15:00,102,4,98
2023-12-13 18:20:00,88,3,100
2023-12-13 18:25:00,116,4,96
2023-12-13 18:30:00,92,3,100
2023-12-13 18:35:00,72,2,103
2023-12-13 18:40:00,81,3,98
2023-12-13 18:45:00,100,3,99
2023-12-13 18:50:00,78,3,101
2023-12-13 18:55:00,90,3,97
2023-12-13 19:00:00,87,3,99
2023-12-13 19:05:00,80,3,100
2023-12-13 19:10:00,75,2,102
2023-12-13 19:15:00,66,2,102
2023-12-13 19:20:00,60,2,106
2023-12-13 19:25:00,62,2,104
2023-12-13 19:30:00,68,3,97
2023-12-13 19:35:00,67,2,100
2023-12-13 19:40:00,63,2,95
2023-12-13 19:45:00,52,2,101
2023-12-13 19:50:00,69,2,97
2023-12-13 19:55:00,61,2,101
2023-12-13 20:00:00,65,2,101
2023-12-13 20:05:00,69,3,100
2023-12-13 20:10:00,55,2,97
2023-12-13 20:15:00,59,3,96
2023-12-13 20:20:00,64,2,99
2023-12-13 20:25:00,51,2,96
2023-12-13 20:30:00,47,1,104
2023-12-13 20:35:00,60,2,100
2023-12-13 20:40:00,49,2,93
2023-12-13 20:45:00,71,3,100
2023-12-13 20:50:00,48,2,102
2023-12-13 20:55:00,48,2,100
2023-12-13 21:00:00,45,2,104
2023-12-13 21:05:00,45,2,95
2023-12-13 21:10:00,51,2,92
2023-12-13 21:15:00,47,2,96
2023-12-13 21:20:00,52,1,102
2023-12-13 21:25:00,48,2,93
2023-12-13 21:30:00,42,2,95
2023-12-13 21:35:00,52,2,98
2023-12-13 21:40:00,48,3,100
2023-12-13 21:45:00,61,2,99
2023-12-13 21:50:00,48,2,96
2023-12-13 21:55:00,47,2,98
2023-12-13 22:00:00,45,2,97
2023-12-13 22:05:00,37,2,94
2023-12-13 22:10:00,45,2,93
2023-12-13 22:15:00,59,2,101
2023-12-13 22:20:00,40,2,98
2023-12-13 22:25:00,40,2,95
2023-12-13 22:30:00,28,2,98
2023-12-13 22:35:00,46,3,93
2023-12-13 22:40:00,42,2,95
2023-12-13 22:45:00,43,2,96
2023-12-13 22:50:00,32,2,92
2023-12-13 22:55:00,32,1,98
2023-12-13 23:00:00,40,2,93
2023-12-13 23:05:00,24,1,92
2023-12-13 23:10:00,38,2,93
2023-12-13 23:15:00,40,3,91
2023-12-13 23:20:00,45,2,103
2023-12-13 23:25:00,37,2,93
2023-12-13 23:30:00,27,1,90
2023-12-13 23:35:00,36,2,103
2023-12-13 23:40:00,33,2,95
2023-12-13 23:45:00,19,2,96
2023-12-13 23:50:00,29,1,97
2023-12-13 23:55:00,28,2,90
2023-12-14 00:00:00,21,1,93
2023-12-14 00:05:00,34,2,92
2023-12-14 00:10:00,19,2,94
2023-12-14 00:15:00,24,2,92
2023-12-14 00:20:00,25,1,97
2023-12-14 00:25:00,19,2,87
2023-12-14 00:30:00,30,2,89
2023-12-14 00:35:00,25,2,94
2023-12-14 00:40:00,23,3,82
2023-12-14 00:45:00,12,2,85
2023-12-14 00:50:00,27,2,92
2023-12-14 00:55:00,20,1,92
2023-12-14 01:00:00,20,2,87
2023-12-14 01:05:00,11,2,81
2023-12-14 01:10:00,16,2,90
2023-12-14 01:15:00,25,2,89
2023-12-14 01:20:00,17,2,82
2023-12-14 01:25:00,14,2,84
2023-12-14 01:30:00,12,1,88
2023-12-14 01:35:00,18,2,88
2023-12-14 01:40:00,19,1,89
2023-12-14 01:45:00,13,2,92
2023-12-14 01:50:00,17,1,91
2023-12-14 01:55:00,13,2,80
2023-12-14 02:00:00,13,2,89
2023-12-14 02:05:00,22,3,88
2023-12-14 02:10:00,13,1,92
2023-12-14 02:15:00,16,2,86
2023-12-14 02:20:00,20,2,84
2023-12-14 02:25:00,14,2,82
2023-12-14 02:30:00,16,2,87
2023-12-14 02:35:00,12,1,88
2023-12-14 02:40:00,18,3,81
2023-12-14 02:45:00,18,2,86
2023-12-14 02:50:00,10,1,89
2023-12-14 02:55:00,21,2,85
2023-12-14 03:00:00,14,1,86
2023-12-14 03:05:00,12,2,88
2023-12-14 03:10:00,22,2,83
2023-12-14 03:15:00,15,2,85
2023-12-14 03:20:00,14,1,92
2023-12-14 03:25:00,18,3,84
2023-12-14 03:30:00,12,2,94
2023-12-14 03:35:00,17,2,88
2023-12-14 03:40:00,20,2,82
2023-12-14 03:45:00,27,2,92
2023-12-14 03:50:00,13,2,83
2023-12-14 03:55:00,14,1,85
2023-12-14 04:00:00,17,2,90
2023-12-14 04:05:00,29,3,85
2023-12-14 04:10:00,34,3,87
2023-12-14 04:15:00,28,3,94
2023-12-14 04:20:00,25,2,85
2023-12-14 04:25:00,23,3,86
2023-12-14 04:30:00,30,3,85
2023-12-14 04:35:00,29,3,91
2023-12-14 04:40:00,32,2,85
2023-12-14 04:45:00,30,2,84
2023-12-14 04:50:00,32,3,85
2023-12-14 04:55:00,31,3,83
2023-12-14 05:00:00,33,3,86
2023-12-14 05:05:00,17,2,85
2023-12-14 05:10:00,28,3,84
2023-12-14 05:15:00,35,2,91
2023-12-14 05:20:00,31,3,86
2023-12-14 05:25:00,53,3,87
2023-12-14 05:30:00,52,4,88
2023-12-14 05:35:00,46,3,89
2023-12-14 05:40:00,43,2,94
2023-12-14 05:45:00,50,3,90
2023-12-14 05:50:00,56,4,88
2023-12-14 05:55:00,54,3,93
2023-12-14 06:00:00,44,2,92
2023-12-14 06:05:00,66,3,95
2023-12-14 06:10:00,48,3,91
2023-12-14 06:15:00,46,3,89
2023-12-14 06:20:00,51,2,93
2023-12-14 06:25:00,64,4,92
2023-12-14 06:30:00,64,4,92
2023-12-14 06:35:00,66,3,91
2023-12-14 06:40:00,62,3,95
2023-12-14 06:45:00,73,4,91
2023-12-14 06:50:00,53,3,95
2023-12-14 06:55:00,76,3,95
2023-12-14 07:00:00,78,4,91
2023-12-14 07:05:00,68,3,93
2023-12-14 07:10:00,57,2,96
2023-12-14 07:15:00,75,3,96
2023-12-14 07:20:00,73,3,100
2023-12-14 07:25:00,75,3,94
2023-12-14 07:30:00,69,3,96
2023-12-14 07:35:00,63,3,101
2023-12-14 07:40:00,74,3,96
2023-12-14 07:45:00,74,3,96
2023-12-14 07:50:00,76,3,98
2023-12-14 07:55:00,75,2,105
2023-12-14 08:00:00,86,3,99
2023-12-14 08:05:00,64,3,97
2023-12-14 08:10:00,82,3,99
2023-12-14 08:15:00,92,3,102
2023-12-14 08:20:00,87,3,103
2023-12-14 08:25:00,108,3,104
2023-12-14 08:30:00,96,3,104
2023-12-14 08:35:00,87,3,103
2023-12-14 08:40:00,77,2,102
2023-12-14 08:45:00,70,2,103
2023-12-14 08:50:00,77,2,103
2023-12-14 08:55:00,99,3,101
2023-12-14 09:00:00,95,3,102
2023-12-14 09:05:00,102,3,100
2023-12-14 09:10:00,118,4,102
2023-12-14 09:15:00,86,3,99
2023-12-14 09:20:00,104,3,101
2023-12-14 09:25:00,102,3,102
2023-12-14 09:30:00,92,3,101
2023-12-14 09:35:00,130,4,98
2023-12-14 09:40:00,111,4,97
2023-12-14 09:45:00,101,3,102
2023-12-14 09:50:00,95,3,103
2023-12-14 09:55:00,134,4,101
2023-12-14 10:00:00,126,4,99
2023-12-14 10:05:00,109,4,102
2023-12-14 10:10:00,130,5,98
2023-12-14 10:15:00,102,4,97
2023-12-14 10:20:00,119,4,98
2023-12-14 10:25:00,119,3,101
2023-12-14 10:30:00,97,3,100
2023-12-14 10:35:00,127,4,102
2023-12-14 10:40:00,116,4,104
2023-12-14 10:45:00,116,4,101
2023-12-14 10:50:00,100,3,98
2023-12-14 10:55:00,133,4,101
2023-12-14 11:00:00,144,4,103
2023-12-14 11:05:00,119,4,99
2023-12-14 11:10:00,129,4,101
2023-12-14 11:15:00,136,5,100
2023-12-14 11:20:00,144,4,100
2023-12-14 11:25:00,137,5,99
2023-12-14 11:30:00,113,4,102
2023-12-14 11:35:00,139,5,99
2023-12-14 11:40:00,137,5,100
2023-12-14 11:45:00,151,5,101
2023-12-14 11:50:00,146,5,97
2023-12-14 11:55:00,123,4,103
2023-12-14 12:00:00,135,5,97
2023-12-14 12:05:00,162,6,98
2023-12-14 12:10:00,115,4,95
2023-12-14 12:15:00,131,5,101
2023-12-14 12:20:00,120,4,96
2023-12-14 12:25:00,127,5,98
2023-12-14 12:30:00,114,4,98
2023-12-14 12:35:00,111,4,96
2023-12-14 12:40:00,105,4,97
2023-12-14 12:45:00,114,4,96
2023-12-14 12:50:00,111,4,97
2023-12-14 12:55:00,113,5,95
2023-12-14 13:00:00,129,5,99
2023-12-14 13:05:00,131,5,101
2023-12-14 13:10:00,131,5,97
2023-12-14 13:15:00,114,4,97
2023-12-14 13:20:00,119,4,98
2023-12-14 13:25:00,112,4,96
2023-12-14 13:30:00,141,5,94
2023-12-14 13:35:00,146,5,96
2023-12-14 13:40:00,129,4,100
2023-12-14 13:45:00,152,6,92
2023-12-14 13:50:00,121,4,97
2023-12-14 13:55:00,129,5,95
2023-12-14 14:00:00,157,6,97
2023-12-14 14:05:00,112,4,94
2023-12-14 14:10:00,139,5,97
2023-12-14 14:15:00,160,6,95
2023-12-14 14:20:00,114,4,94
2023-12-14 14:25:00,159,5,94
2023-12-14 14:30:00,152,5,97
2023-12-14 14:35:00,157,6,95
2023-12-14 14:40:00,118,4,96
2023-12-14 14:45:00,140,5,94
2023-12-14 14:50:00,141,5,98
2023-12-14 14:55:00,112,4,98
2023-12-14 15:00:00,154,5,98
2023-12-14 15:05:00,147,5,96
2023-12-14 15:10:00,114,4,92
2023-12-14 15:15:00,106,3,98
2023-12-14 15:20:00,143,5,94
2023-12-14 15:25:00,98,3,97
2023-12-14 15:30:00,156,5,96
2023-12-14 15:35:00,113,4,96
2023-12-14 15:40:00,122,4,97
2023-12-14 15:45:00,144,4,98
2023-12-14 15:50:00,143,4,97
2023-12-14 15:55:00,137,4,96
2023-12-14 16:00:00,116,4,97
2023-12-14 16:05:00,127,4,97
2023-12-14 16:10:00,143,5,96
2023-12-14 16:15:00,133,4,98
2023-12-14 16:20:00,109,4,96
2023-12-14 16:25:00,136,5,96
2023-12-14 16:30:00,152,5,96
2023-12-14 16:35:00,117,3,98
2023-12-14 16:40:00,84,3,95
2023-12-14 16:45:00,133,4,96
2023-12-14 16:50:00,99,3,95
2023-12-14 16:55:00,124,4,96
2023-12-14 17:00:00,112,3,94
2023-12-14 17:05:00,116,4,91
2023-12-14 17:10:00,103,3,93
2023-12-14 17:15:00,115,3,96
2023-12-14 17:20:00,99,3,97
2023-12-14 17:25:00,128,4,94
2023-12-14 17:30:00,99,3,97
2023-12-14 17:35:00,114,4,91
2023-12-14 17:40:00,94,4,94
2023-12-14 17:45:00,106,3,94
2023-12-14 17:50:00,96,3,96
2023-12-14 17:55:00,113,4,94
2023-12-14 18:00:00,117,4,93
2023-12-14 18:05:00,92,3,94
2023-12-14 18:10:00,101,4,94
2023-12-14 18:15:00,107,3,97
2023-12-14 18:20:00,122,4,93
2023-12-14 18:25:00,95,3,92
2023-12-14 18:30:00,91,3,98
2023-12-14 18:35:00,106,4,94
2023-12-14 18:40:00,100,3,94
2023-12-14 18:45:00,87,3,92
2023-12-14 18:50:00,96,3,92
2023-12-14 18:55:00,60,2,94
2023-12-14 19:00:00,73,2,94
2023-12-14 19:05:00,70,2,96
2023-12-14 19:10:00,64,3,89
2023-12-14 19:15:00,83,3,97
2023-12-14 19:20:00,75,3,94
2023-12-14 19:25:00,76,2,94
2023-12-14 19:30:00,86,3,94
2023-12-14 19:35:00,58,2,93
2023-12-14 19:40:00,62,3,93
2023-12-14 19:45:00,49,2,98
2023-12-14 19:50:00,70,3,91
2023-12-14 19:55:00,79,3,92
2023-12-14 20:00:00,49,2,93
2023-12-14 20:05:00,64,2,95
2023-12-14 20:10:00,56,2,93
2023-12-14 20:15:00,73,3,97
2023-12-14 20:20:00,55,3,92
2023-12-14 20:25:00,79,3,92
2023-12-14 20:30:00,58,2,93
2023-12-14 20:35:00,66,3,93
2023-12-14 20:40:00,59,3,92
2023-12-14 20:45:00,55,2,95
2023-12-14 20:50:00,62,2,93
2023-12-14 20:55:00,62,2,96
2023-12-14 21:00:00,63,2,97
2023-12-14 21:05:00,64,3,90
2023-12-14 21:10:00,51,2,93
2023-12-14 21:15:00,60,2,95
2023-12-14 21:20:00,48,2,94
2023-12-14 21:25:00,60,2,95
2023-12-14 21:30:00,40,1,92
2023-12-14 21:35:00,42,2,90
2023-12-14 21:40:00,51,3,86
2023-12-14 21:45:00,63,3,91
2023-12-14 21:50:00,55,2,93
2023-12-14 21:55:00,53,2,93
2023-12-14 22:00:00,40,2,92
2023-12-14 22:05:00,43,2,90
2023-12-14 22:10:00,52,2,97
2023-12-14 22:15:00,38,3,88
2023-12-14 22:20:00,47,2,92
2023-12-14 22:25:00,38,1,94
2023-12-14 22:30:00,46,2,91
2023-12-14 22:35:00,28,2,88
2023-12-14 22:40:00,35,1,98
2023-12-14 22:45:00,45,2,92
2023-12-14 22:50:00,36,2,93
2023-12-14 22:55:00,33,2,93
2023-12-14 23:00:00,25,1,89
2023-12-14 23:05:00,43,2,94
2023-12-14 23:10:00,29,1,94
2023-12-14 23:15:00,38,1,97
2023-12-14 23:20:00,33,2,94
2023-12-14 23:25:00,32,2,89
2023-12-14 23:30:00,39,2,97
2023-12-14 23:35:00,19,1,93
2023-12-14 23:40:00,32,1,94
2023-12-14 23:45:00,28,2,89
2023-12-14 23:50:00,24,2,88
2023-12-14 23:55:00,18,2,86
2023-12-15 00:00:00,34,2,89
2023-12-15 00:05:00,31,2,96
2023-12-15 00:10:00,23,2,92
2023-12-15 00:15:00,18,1,91
2023-12-15 00:20:00,18,1,88
2023-12-15 00:25:00,19,2,79
2023-12-15 00:30:00,22,2,84
2023-12-15 00:35:00,27,2,90
2023-12-15 00:40:00,17,2,86
2023-12-15 00:45:00,26,2,83
2023-12-15 00:50:00,18,2,84
2023-12-15 00:55:00,20,2,85
2023-12-15 01:00:00,22,2,83
2023-12-15 01:05:00,19,1,84
2023-12-15 01:10:00,24,3,77
2023-12-15 01:15:00,20,1,87
2023-12-15 01:20:00,11,2,85
2023-12-15 01:25:00,28,2,85
2023-12-15 01:30:00,21,2,86
2023-12-15 01:35:00,21,2,84
2023-12-15 01:40:00,20,2,88
2023-12-15 01:45:00,16,2,78
2023-12-15 01:50:00,21,2,83
2023-12-15 01:55:00,21,2,85
2023-12-15 02:00:00,18,2,84
2023-12-15 02:05:00,21,2,83
2023-12-15 02:10:00,13,1,87
2023-12-15 02:15:00,17,2,91
2023-12-15 02:20:00,9,1,93
2023-12-15 02:25:00,16,2,81
2023-12-15 02:30:00,12,1,79
2023-12-15 02:35:00,11,2,83
2023-12-15 02:40:00,15,2,81
2023-12-15 02:45:00,13,3,79
2023-12-15 02:50:00,13,2,82
2023-12-15 02:55:00,14,2,88
2023-12-15 03:00:00,30,2,84
2023-12-15 03:05:00,19,1,89
2023-12-15 03:10:00,11,2,85
2023-12-15 03:15:00,16,2,82
2023-12-15 03:20:00,11,1,81
2023-12-15 03:25:00,14,2,82
2023-12-15 03:30:00,16,2,87
2023-12-15 03:35:00,19,2,86
2023-12-15 03:40:00,20,2,82
2023-12-15 03:45:00,19,2,79
2023-12-15 03:50:00,21,2,83
2023-12-15 03:55:00,23,2,83
2023-12-15 04:00:00,23,2,83
2023-12-15 04:05:00,16,2,85
2023-12-15 04:10:00,29,3,83
2023-12-15 04:15:00,31,3,80
2023-12-15 04:20:00,27,2,82
2023-12-15 04:25:00,16,2,83
2023-12-15 04:30:00,33,3,81
2023-12-15 04:35:00,24,3,82
2023-12-15 04:40:00,25,2,88
2023-12-15 04:45:00,18,2,81
2023-12-15 04:50:00,31,4,80
2023-12-15 04:55:00,33,4,85
2023-12-15 05:00:00,42,4,84
2023-12-15 05:05:00,20,2,87
2023-12-15 05:10:00,38,3,83
2023-12-15 05:15:00,27,2,84
2023-12-15 05:20:00,49,4,81
2023-12-15 05:25:00,44,3,83
2023-12-15 05:30:00,44,4,85
2023-12-15 05:35:00,46,4,82
2023-12-15 05:40:00,29,3,86
2023-12-15 05:45:00,46,3,82
2023-12-15 05:50:00,43,3,85
2023-12-15 05:55:00,37,3,88
2023-12-15 06:00:00,53,4,85
2023-12-15 06:05:00,39,3,82
2023-12-15 06:10:00,29,2,82
2023-12-15 06:15:00,56,4,86
2023-12-15 06:20:00,61,4,84
2023-12-15 06:25:00,58,3,85
2023-12-15 06:30:00,46,3,86
2023-12-15 06:35:00,47,3,89
2023-12-15 06:40:00,49,3,89
2023-12-15 06:45:00,47,3,88
2023-12-15 06:50:00,53,3,90
2023-12-15 06:55:00,65,3,88
2023-12-15 07:00:00,64,4,90
2023-12-15 07:05:00,63,3,92
2023-12-15 07:10:00,65,3,90
2023-12-15 07:15:00,68,4,90
2023-12-15 07:20:00,60,3,92
2023-12-15 07:25:00,61,3,89
2023-12-15 07:30:00,71,3,92
2023-12-15 07:35:00,78,3,98
2023-12-15 07:40:00,66,3,98
2023-12-15 07:45:00,71,3,95
2023-12-15 07:50:00,64,2,98
2023-12-15 07:55:00,71,3,93
2023-12-15 08:00:00,86,3,99
2023-12-15 08:05:00,67,3,96
2023-12-15 08:10:00,78,3,94
2023-12-15 08:15:00,74,3,96
2023-12-15 08:20:00,70,3,99
2023-12-15 08:25:00,69,3,101
2023-12-15 08:30:00,74,2,102
2023-12-15 08:35:00,78,3,97
2023-12-15 08:40:00,74,3,96
2023-12-15 08:45:00,77,2,97
2023-12-15 08:50:00,66,3,102
2023-12-15 08:55:00,80,3,94
2023-12-15 09:00:00,69,3,100
2023-12-15 09:05:00,77,3,95
2023-12-15 09:10:00,85,3,101
2023-12-15 09:15:00,91,3,96
2023-12-15 09:20:00,95,3,97
2023-12-15 09:25:00,89,4,94
2023-12-15 09:30:00,88,4,93
2023-12-15 09:35:00,98,4,93
2023-12-15 09:40:00,92,3,97
2023-12-15 09:45:00,87,3,96
2023-12-15 09:50:00,98,3,97
2023-12-15 09:55:00,100,4,96
2023-12-15 10:00:00,99,4,92
2023-12-15 10:05:00,110,4,92
2023-12-15 10:10:00,110,4,96
2023-12-15 10:15:00,115,4,94
2023-12-15 10:20:00,83,3,98
2023-12-15 10:25:00,123,4,95
2023-12-15 10:30:00,104,4,92
2023-12-15 10:35:00,109,4,92
2023-12-15 10:40:00,94,3,93
2023-12-15 10:45:00,107,3,98
2023-12-15 10:50:00,113,4,94
2023-12-15 10:55:00,115,4,93
2023-12-15 11:00:00,126,5,95
2023-12-15 11:05:00,114,4,95
2023-12-15 11:10:00,129,4,97
2023-12-15 11:15:00,113,4,93
2023-12-15 11:20:00,97,3,100
2023-12-15 11:25:00,96,4,95
2023-12-15 11:30:00,110,4,98
2023-12-15 11:35:00,123,4,96
2023-12-15 11:40:00,110,4,96
2023-12-15 11:45:00,136,5,93
2023-12-15 11:50:00,123,5,94
2023-12-15 11:55:00,133,5,94
2023-12-15 12:00:00,140,5,96
2023-12-15 12:05:00,117,5,92
2023-12-15 12:10:00,98,4,93
2023-12-15 12:15:00,124,5,92
2023-12-15 12:20:00,125,5,90
2023-12-15 12:25:00,149,6,92
2023-12-15 12:30:00,143,5,95
2023-12-15 12:35:00,114,4,93
2023-12-15 12:40:00,149,6,91
2023-12-15 12:45:00,128,5,92
2023-12-15 12:50:00,137,5,91
2023-12-15 12:55:00,154,6,96
2023-12-15 13:00:00,140,5,95
2023-12-15 13:05:00,106,4,94
2023-12-15 13:10:00,139,5,94
2023-12-15 13:15:00,137,5,92
2023-12-15 13:20:00,125,4,95
2023-12-15 13:25:00,151,6,92
2023-12-15 13:30:00,137,5,90
2023-12-15 13:35:00,131,4,95
2023-12-15 13:40:00,152,5,92
2023-12-15 13:45:00,172,6,92
2023-12-15 13:50:00,125,4,96
2023-12-15 13:55:00,165,6,93
2023-12-15 14:00:00,136,5,91
2023-12-15 14:05:00,147,5,94
2023-12-15 14:10:00,178,6,93
2023-12-15 14:15:00,160,6,90
2023-12-15 14:20:00,156,5,91
2023-12-15 14:25:00,195,7,92
2023-12-15 14:30:00,147,5,94
2023-12-15 14:35:00,206,7,92
2023-12-15 14:40:00,161,6,94
2023-12-15 14:45:00,200,7,96
2023-12-15 14:50:00,182,6,95
2023-12-15 14:55:00,170,6,94
2023-12-15 15:00:00,171,6,91
2023-12-15 15:05:00,175,6,94
2023-12-15 15:10:00,202,7,93
2023-12-15 15:15:00,170,5,97
2023-12-15 15:20:00,178,6,95
2023-12-15 15:25:00,169,5,93
2023-12-15 15:30:00,200,7,91
2023-12-15 15:35:00,185,6,94
2023-12-15 15:40:00,190,6,97
2023-12-15 15:45:00,157,5,96
2023-12-15 15:50:00,161,5,100
2023-12-15 15:55:00,181,5,100
2023-12-15 16:00:00,171,5,97
2023-12-15 16:05:00,203,6,102
2023-12-15 16:10:00,169,5,98
2023-12-15 16:15:00,170,5,97
2023-12-15 16:20:00,170,5,98
2023-12-15 16:25:00,194,6,98
2023-12-15 16:30:00,159,4,101
2023-12-15 16:35:00,158,5,98
2023-12-15 16:40:00,150,4,101
2023-12-15 16:45:00,193,6,97
2023-12-15 16:50:00,199,6,96
2023-12-15 16:55:00,162,5,98
2023-12-15 17:00:00,182,5,99
2023-12-15 17:05:00,162,4,99
2023-12-15 17:10:00,159,4,98
2023-12-15 17:15:00,152,4,99
2023-12-15 17:20:00,202,7,94
2023-12-15 17:25:00,168,5,98
2023-12-15 17:30:00,184,5,99
2023-12-15 17:35:00,153,4,99
2023-12-15 17:40:00,141,5,100
2023-12-15 17:45:00,176,5,101
2023-12-15 17:50:00,176,5,102
2023-12-15 17:55:00,152,4,101
2023-12-15 18:00:00,167,5,106
2023-12-15 18:05:00,157,4,104
2023-12-15 18:10:00,177,5,99
2023-12-15 18:15:00,158,5,102
2023-12-15 18:20:00,181,5,104
2023-12-15 18:25:00,171,5,103
2023-12-15 18:30:00,152,4,104
2023-12-15 18:35:00,171,5,102
2023-12-15 18:40:00,127,4,105
2023-12-15 18:45:00,152,4,103
2023-12-15 18:50:00,128,4,103
2023-12-15 18:55:00,166,5,104
2023-12-15 19:00:00,139,4,104
2023-12-15 19:05:00,126,3,103
2023-12-15 19:10:00,149,4,102
2023-12-15 19:15:00,116,3,104
2023-12-15 19:20:00,110,3,104
2023-12-15 19:25:00,116,4,103
2023-12-15 19:30:00,134,4,101
2023-12-15 19:35:00,130,4,103
2023-12-15 19:40:00,89,3,97
2023-12-15 19:45:00,113,3,101
2023-12-15 19:50:00,100,3,98
2023-12-15 19:55:00,126,4,102
2023-12-15 20:00:00,119,4,100
2023-12-15 20:05:00,108,3,103
2023-12-15 20:10:00,89,3,98
2023-12-15 20:15:00,118,3,101
2023-12-15 20:20:00,100,3,99
2023-12-15 20:25:00,119,3,100
2023-12-15 20:30:00,107,3,102
2023-12-15 20:35:00,103,3,104
2023-12-15 20:40:00,98,3,99
2023-12-15 20:45:00,99,3,101
2023-12-15 20:50:00,80,3,98
2023-12-15 20:55:00,98,3,100
2023-12-15 21:00:00,81,2,101
2023-12-15 21:05:00,96,3,101
2023-12-15 21:10:00,89,3,96
2023-12-15 21:15:00,83,3,99
2023-12-15 21:20:00,88,3,99
2023-12-15 21:25:00,67,2,97
2023-12-15 21:30:00,70,2,96
2023-12-15 21:35:00,71,2,97
2023-12-15 21:40:00,85,3,99
2023-12-15 21:45:00,62,2,96
2023-12-15 21:50:00,65,2,97
2023-12-15 21:55:00,64,2,97
2023-12-15 22:00:00,58,2,96
2023-12-15 22:05:00,64,2,97
2023-12-15 22:10:00,75,2,98
2023-12-15 22:15:00,55,2,98
2023-12-15 22:20:00,65,2,99
2023-12-15 22:25:00,46,2,95
2023-12-15 22:30:00,46,1,94
2023-12-15 22:35:00,54,2,101
2023-12-15 22:40:00,57,2,99
2023-12-15 22:45:00,48,2,98
2023-12-15 22:50:00,50,2,103
2023-12-15 22:55:00,52,2,101
2023-12-15 23:00:00,53,1,98
2023-12-15 23:05:00,54,1,104
2023-12-15 23:10:00,57,2,101
2023-12-15 23:15:00,59,2,103
2023-12-15 23:20:00,45,2,102
2023-12-15 23:25:00,53,2,102
2023-12-15 23:30:00,38,1,102
2023-12-15 23:35:00,42,1,102
2023-12-15 23:40:00,56,2,98
2023-12-15 23:45:00,43,2,100
2023-12-15 23:50:00,36,1,96
2023-12-15 23:55:00,32,2,96
2023-12-16 00:00:00,34,1,97
2023-12-16 00:05:00,36,1,100
2023-12-16 00:10:00,32,1,105
2023-12-16 00:15:00,41,2,104
2023-12-16 00:20:00,28,1,109
2023-12-16 00:25:00,36,1,103
2023-12-16 00:30:00,40,2,101
2023-12-16 00:35:00,37,2,93
2023-12-16 00:40:00,40,1,105
2023-12-16 00:45:00,25,1,97
2023-12-16 00:50:00,29,1,103
2023-12-16 00:55:00,28,1,91
2023-12-16 01:00:00,27,2,92
2023-12-16 01:05:00,32,1,103
2023-12-16 01:10:00,21,1,92
2023-12-16 01:15:00,20,1,101
2023-12-16 01:20:00,21,1,96
2023-12-16 01:25:00,23,2,93
2023-12-16 01:30:00,22,2,91
2023-12-16 01:35:00,23,1,92
2023-12-16 01:40:00,20,1,95
2023-12-16 01:45:00,14,1,102
2023-12-16 01:50:00,24,2,96
2023-12-16 01:55:00,24,2,85
2023-12-16 02:00:00,18,1,100
2023-12-16 02:05:00,27,2,92
2023-12-16 02:10:00,24,1,90
2023-12-16 02:15:00,15,1,97
2023-12-16 02:20:00,17,2,92
2023-12-16 02:25:00,22,2,87
2023-12-16 02:30:00,16,2,91
2023-12-16 02:35:00,16,1,91
2023-12-16 02:40:00,16,1,98
2023-12-16 02:45:00,19,2,88
2023-12-16 02:50:00,17,2,90
2023-12-16 02:55:00,14,1,93
2023-12-16 03:00:00,10,2,87
2023-12-16 03:05:00,23,2,87
2023-12-16 03:10:00,21,2,84
2023-12-16 03:15:00,16,2,88
2023-12-16 03:20:00,14,2,89
2023-12-16 03:25:00,17,1,88
2023-12-16 03:30:00,16,1,95
2023-12-16 03:35:00,12,2,88
2023-12-16 03:40:00,11,1,93
2023-12-16 03:45:00,9,2,88
2023-12-16 03:50:00,16,1,95
2023-12-16 03:55:00,16,2,91
2023-12-16 04:00:00,16,1,88
2023-12-16 04:05:00,11,2,88
2023-12-16 04:10:00,25,3,81
2023-12-16 04:15:00,19,2,85
2023-12-16 04:20:00,13,1,94
2023-12-16 04:25:00,21,3,84
2023-12-16 04:30:00,14,2,91
2023-12-16 04:35:00,16,2,92
2023-12-16 04:40:00,15,2,89
2023-12-16 04:45:00,27,2,91
2023-12-16 04:50:00,27,2,90
2023-12-16 04:55:00,27,3,87
2023-12-16 05:00:00,23,2,84
2023-12-16 05:05:00,37,2,88
2023-12-16 05:10:00,24,2,89
2023-12-16 05:15:00,23,2,86
2023-12-16 05:20:00,22,2,94
2023-12-16 05:25:00,20,2,84
2023-12-16 05:30:00,38,3,87
2023-12-16 05:35:00,33,3,83
2023-12-16 05:40:00,34,2,90
2023-12-16 05:45:00,36,2,90
2023-12-16 05:50:00,45,4,83
2023-12-16 05:55:00,49,2,94
2023-12-16 06:00:00,37,2,89
2023-12-16 06:05:00,39,3,95
2023-12-16 06:10:00,38,2,92
2023-12-16 06:15:00,42,2,93
2023-12-16 06:20:00,38,2,93
2023-12-16 06:25:00,46,2,93
2023-12-16 06:30:00,36,2,91
2023-12-16 06:35:00,63,3,95
2023-12-16 06:40:00,45,2,93
2023-12-16 06:45:00,43,2,94
2023-12-16 06:50:00,44,2,97
2023-12-16 06:55:00,50,2,98
2023-12-16 07:00:00,57,3,92
2023-12-16 07:05:00,56,2,98
2023-12-16 07:10:00,57,3,97
2023-12-16 07:15:00,54,2,99
2023-12-16 07:20:00,43,1,97
2023-12-16 07:25:00,46,1,103
2023-12-16 07:30:00,51,2,103
2023-12-16 07:35:00,55,2,103
2023-12-16 07:40:00,48,2,100
2023-12-16 07:45:00,46,2,103
2023-12-16 07:50:00,59,2,109
2023-12-16 07:55:00,46,2,108
2023-12-16 08:00:00,68,3,104
2023-12-16 08:05:00,68,2,106
2023-12-16 08:10:00,60,2,107
2023-12-16 08:15:00,57,2,104
2023-12-16 08:20:00,65,2,111
2023-12-16 08:25:00,51,2,105
2023-12-16 08:30:00,86,3,102
2023-12-16 08:35:00,63,2,106
2023-12-16 08:40:00,50,2,102
2023-12-16 08:45:00,79,2,110
2023-12-16 08:50:00,70,2,105
2023-12-16 08:55:00,72,2,107
2023-12-16 09:00:00,94,3,107
2023-12-16 09:05:00,101,3,105
2023-12-16 09:10:00,94,3,106
2023-12-16 09:15:00,100,3,102
2023-12-16 09:20:00,90,2,104
2023-12-16 09:25:00,102,3,105
2023-12-16 09:30:00,119,3,105
2023-12-16 09:35:00,108,3,104
2023-12-16 09:40:00,107,3,105
2023-12-16 09:45:00,119,3,108
2023-12-16 09:50:00,135,3,104
2023-12-16 09:55:00,137,4,104
2023-12-16 10:00:00,139,4,102
2023-12-16 10:05:00,139,3,105
2023-12-16 10:10:00,119,3,105
2023-12-16 10:15:00,171,4,105
2023-12-16 10:20:00,159,4,105
2023-12-16 10:25:00,176,5,106
2023-12-16 10:30:00,151,4,108
2023-12-16 10:35:00,154,4,104
2023-12-16 10:40:00,166,4,104
2023-12-16 10:45:00,146,4,103
2023-12-16 10:50:00,153,4,105
2023-12-16 10:55:00,177,5,103
2023-12-16 11:00:00,160,4,106
2023-12-16 11:05:00,205,6,103
2023-12-16 11:10:00,181,5,104
2023-12-16 11:15:00,198,5,106
2023-12-16 11:20:00,182,5,106
2023-12-16 11:25:00,197,5,106
2023-12-16 11:30:00,186,5,104
2023-12-16 11:35:00,167,4,106
2023-12-16 11:40:00,177,5,107
2023-12-16 11:45:00,157,4,107
2023-12-16 11:50:00,219,6,108
2023-12-16 11:55:00,208,6,104
2023-12-16 12:00:00,188,5,106
2023-12-16 12:05:00,185,5,106
2023-12-16 12:10:00,179,5,105
2023-12-16 12:15:00,174,5,108
2023-12-16 12:20:00,188,5,107
2023-12-16 12:25:00,169,5,105
2023-12-16 12:30:00,179,5,105
2023-12-16 12:35:00,156,4,108
2023-12-16 12:40:00,161,4,105
2023-12-16 12:45:00,151,4,109
2023-12-16 12:50:00,151,4,112
2023-12-16 12:55:00,142,4,106
2023-12-16 13:00:00,168,4,108
2023-12-16 13:05:00,158,4,107
2023-12-16 13:10:00,176,5,103
2023-12-16 13:15:00,167,4,106
2023-12-16 13:20:00,167,4,108
2023-12-16 13:25:00,177,4,106
2023-12-16 13:30:00,166,4,108
2023-12-16 13:35:00,149,4,105
2023-12-16 13:40:00,205,5,106
2023-12-16 13:45:00,148,4,107
2023-12-16 13:50:00,150,4,104
2023-12-16 13:55:00,191,5,107
2023-12-16 14:00:00,161,4,108
2023-12-16 14:05:00,158,4,107
2023-12-16 14:10:00,192,5,108
2023-12-16 14:15:00,173,4,108
2023-12-16 14:20:00,164,4,108
2023-12-16 14:25:00,179,5,103
2023-12-16 14:30:00,172,4,106
2023-12-16 14:35:00,171,5,107
2023-12-16 14:40:00,186,5,104
2023-12-16 14:45:00,197,5,105
2023-12-16 14:50:00,160,4,108
2023-12-16 14:55:00,183,5,106
2023-12-16 15:00:00,191,5,105
2023-12-16 15:05:00,179,5,106
2023-12-16 15:10:00,189,5,108
2023-12-16 15:15:00,210,5,106
2023-12-16 15:20:00,174,5,107
2023-12-16 15:25:00,214,5,108
2023-12-16 15:30:00,204,5,110
2023-12-16 15:35:00,195,5,107
2023-12-16 15:40:00,200,5,105
2023-12-16 15:45:00,200,5,108
2023-12-16 15:50:00,198,5,108
2023-12-16 15:55:00,176,4,107
2023-12-16 16:00:00,183,5,108
2023-12-16 16:05:00,187,5,108
2023-12-16 16:10:00,198,5,105
2023-12-16 16:15:00,174,4,108
2023-12-16 16:20:00,194,5,108
2023-12-16 16:25:00,180,5,103
2023-12-16 16:30:00,196,5,103
2023-12-16 16:35:00,176,4,106
2023-12-16 16:40:00,167,4,106
2023-12-16 16:45:00,247,7,101
2023-12-16 16:50:00,175,4,103
2023-12-16 16:55:00,144,3,104
2023-12-16 17:00:00,176,4,107
2023-12-16 17:05:00,149,4,110
2023-12-16 17:10:00,159,4,106
2023-12-16 17:15:00,149,4,107
2023-12-16 17:20:00,149,4,108
2023-12-16 17:25:00,167,4,105
2023-12-16 17:30:00,172,4,106
2023-12-16 17:35:00,166,4,103
2023-12-16 17:40:00,162,4,103
2023-12-16 17:45:00,155,4,104
2023-12-16 17:50:00,156,4,104
2023-12-16 17:55:00,143,3,105
2023-12-16 18:00:00,163,4,103
2023-12-16 18:05:00,134,3,105
2023-12-16 18:10:00,143,4,106
2023-12-16 18:15:00,157,4,106
2023-12-16 18:20:00,121,3,104
2023-12-16 18:25:00,115,3,105
2023-12-16 18:30:00,97,3,107
2023-12-16 18:35:00,95,2,105
2023-12-16 18:40:00,125,3,103
2023-12-16 18:45:00,96,3,102
2023-12-16 18:50:00,78,2,105
2023-12-16 18:55:00,94,2,106
2023-12-16 19:00:00,96,2,107
2023-12-16 19:05:00,78,2,106
2023-12-16 19:10:00,73,2,104
2023-12-16 19:15:00,89,2,109
2023-12-16 19:20:00,79,2,109
2023-12-16 19:25:00,93,2,104
2023-12-16 19:30:00,71,2,105
2023-12-16 19:35:00,89,2,108
2023-12-16 19:40:00,67,2,104
2023-12-16 19:45:00,87,2,102
2023-12-16 19:50:00,83,2,100
2023-12-16 19:55:00,77,2,102
2023-12-16 20:00:00,81,2,102
2023-12-16 20:05:00,102,3,106
2023-12-16 20:10:00,73,2,108
2023-12-16 20:15:00,79,2,105
2023-12-16 20:20:00,78,2,106
2023-12-16 20:25:00,87,2,101
2023-12-16 20:30:00,47,1,111
2023-12-16 20:35:00,52,1,103
2023-12-16 20:40:00,82,2,105
2023-12-16 20:45:00,61,1,104
2023-12-16 20:50:00,57,1,101
2023-12-16 20:55:00,66,2,102
2023-12-16 21:00:00,64,2,100
2023-12-16 21:05:00,57,1,105
2023-12-16 21:10:00,62,2,99
2023-12-16 21:15:00,72,2,106
2023-12-16 21:20:00,54,1,107
2023-12-16 21:25:00,50,1,104
2023-12-16 21:30:00,51,1,108
2023-12-16 21:35:00,43,1,105
2023-12-16 21:40:00,56,2,105
2023-12-16 21:45:00,48,2,102
2023-12-16 21:50:00,54,1,104
2023-12-16 21:55:00,56,1,101
2023-12-16 22:00:00,52,1,106
2023-12-16 22:05:00,47,1,106
2023-12-16 22:10:00,45,1,104
2023-12-16 22:15:00,42,1,108
2023-12-16 22:20:00,38,1,99
2023-12-16 22:25:00,46,1,104
2023-12-16 22:30:00,48,1,105
2023-12-16 22:35:00,40,1,102
2023-12-16 22:40:00,46,2,97
2023-12-16 22:45:00,40,1,103
2023-12-16 22:50:00,35,1,109
2023-12-16 22:55:00,47,1,104
2023-12-16 23:00:00,27,1,101
2023-12-16 23:05:00,28,1,106
2023-12-16 23:10:00,34,1,100
2023-12-16 23:15:00,22,1,97
2023-12-16 23:20:00,32,2,105
2023-12-16 23:25:00,39,1,106
2023-12-16 23:30:00,25,1,99
2023-12-16 23:35:00,21,1,97
2023-12-16 23:40:00,24,1,97
2023-12-16 23:45:00,17,1,105
2023-12-16 23:50:00,27,1,103
2023-12-16 23:55:00,28,1,101
2023-12-17 00:00:00,20,1,93
2023-12-17 00:05:00,21,1,105
2023-12-17 00:10:00,20,1,100
2023-12-17 00:15:00,12,1,96
2023-12-17 00:20:00,24,1,101
2023-12-17 00:25:00,18,1,102
2023-12-17 00:30:00,21,1,103
2023-12-17 00:35:00,17,1,98
2023-12-17 00:40:00,16,1,99
2023-12-17 00:45:00,22,1,104
2023-12-17 00:50:00,11,1,102
2023-12-17 00:55:00,13,1,98
2023-12-17 01:00:00,14,1,91
2023-12-17 01:05:00,10,1,97
2023-12-17 01:10:00,15,1,102
2023-12-17 01:15:00,21,1,91
2023-12-17 01:20:00,21,2,96
2023-12-17 01:25:00,11,0,96
2023-12-17 01:30:00,7,1,102
2023-12-17 01:35:00,14,1,101
2023-12-17 01:40:00,16,1,77
2023-12-17 01:45:00,4,1,100
2023-12-17 01:50:00,11,1,94
2023-12-17 01:55:00,9,1,96
2023-12-17 02:00:00,9,1,101
2023-12-17 02:05:00,7,1,88
2023-12-17 02:10:00,8,0,97
2023-12-17 02:15:00,6,1,90
2023-12-17 02:20:00,7,1,88
2023-12-17 02:25:00,11,1,93
2023-12-17 02:30:00,8,1,91
2023-12-17 02:35:00,6,1,88
2023-12-17 02:40:00,6,1,86
2023-12-17 02:45:00,8,1,99
2023-12-17 02:50:00,8,1,91
2023-12-17 02:55:00,6,1,93
2023-12-17 03:00:00,9,1,96
2023-12-17 03:05:00,5,1,91
2023-12-17 03:10:00,12,1,96
2023-12-17 03:15:00,6,1,90
2023-12-17 03:20:00,8,1,97
2023-12-17 03:25:00,9,2,89
2023-12-17 03:30:00,14,2,90
2023-12-17 03:35:00,4,1,88
2023-12-17 03:40:00,11,2,87
2023-12-17 03:45:00,5,1,106
2023-12-17 03:50:00,4,0,111
2023-12-17 03:55:00,6,1,92
2023-12-17 04:00:00,6,2,93
2023-12-17 04:05:00,12,1,100
2023-12-17 04:10:00,2,1,83
2023-12-17 04:15:00,10,1,93
2023-12-17 04:20:00,5,1,103
2023-12-17 04:25:00,12,1,95
2023-12-17 04:30:00,4,1,95
2023-12-17 04:35:00,13,2,90
2023-12-17 04:40:00,9,1,100
2023-12-17 04:45:00,3,0,102
2023-12-17 04:50:00,10,1,89
2023-12-17 04:55:00,10,1,94
2023-12-17 05:00:00,4,0,93
2023-12-17 05:05:00,9,1,96
2023-12-17 05:10:00,12,1,90
2023-12-17 05:15:00,11,1,95
2023-12-17 05:20:00,14,1,97
2023-12-17 05:25:00,9,1,92
2023-12-17 05:30:00,8,0,98
2023-12-17 05:35:00,12,1,104
2023-12-17 05:40:00,15,1,99
2023-12-17 05:45:00,12,1,95
2023-12-17 05:50:00,15,1,89
2023-12-17 05:55:00,17,1,100
2023-12-17 06:00:00,14,1,92
2023-12-17 06:05:00,16,1,103
2023-12-17 06:10:00,15,1,100
2023-12-17 06:15:00,17,1,98
2023-12-17 06:20:00,14,1,98
2023-12-17 06:25:00,15,1,97
2023-12-17 06:30:00,18,1,100
2023-12-17 06:35:00,17,1,99
2023-12-17 06:40:00,11,1,99
2023-12-17 06:45:00,17,1,96
2023-12-17 06:50:00,18,1,89
2023-12-17 06:55:00,16,1,94
2023-12-17 07:00:00,23,2,96
2023-12-17 07:05:00,19,1,94
2023-12-17 07:10:00,21,1,102
2023-12-17 07:15:00,25,1,99
2023-12-17 07:20:00,35,1,98
2023-12-17 07:25:00,23,1,97
2023-12-17 07:30:00,27,1,103
2023-12-17 07:35:00,20,1,104
2023-12-17 07:40:00,28,2,96
2023-12-17 07:45:00,24,1,97
2023-12-17 07:50:00,19,1,107
2023-12-17 07:55:00,37,1,99
2023-12-17 08:00:00,20,1,95
2023-12-17 08:05:00,30,1,102
2023-12-17 08:10:00,29,1,103
2023-12-17 08:15:00,31,1,103
2023-12-17 08:20:00,24,1,105
2023-12-17 08:25:00,35,1,106
2023-12-17 08:30:00,39,1,102
2023-12-17 08:35:00,22,1,105
2023-12-17 08:40:00,38,1,108
2023-12-17 08:45:00,38,2,103
2023-12-17 08:50:00,42,1,109
2023-12-17 08:55:00,41,1,107
2023-12-17 09:00:00,47,2,103
2023-12-17 09:05:00,51,1,102
2023-12-17 09:10:00,63,2,107
2023-12-17 09:15:00,58,2,102
2023-12-17 09:20:00,66,2,107
2023-12-17 09:25:00,55,1,106
2023-12-17 09:30:00,77,2,105
2023-12-17 09:35:00,56,2,103
2023-12-17 09:40:00,80,2,104
2023-12-17 09:45:00,78,2,113
2023-12-17 09:50:00,71,2,105
2023-12-17 09:55:00,83,2,110
2023-12-17 10:00:00,88,2,112
2023-12-17 10:05:00,86,2,109
2023-12-17 10:10:00,83,2,106
2023-12-17 10:15:00,113,3,107
2023-12-17 10:20:00,83,2,105
2023-12-17 10:25:00,99,2,110
2023-12-17 10:30:00,125,3,108
2023-12-17 10:35:00,107,2,110
2023-12-17 10:40:00,140,3,110
2023-12-17 10:45:00,116,3,111
2023-12-17 10:50:00,114,3,109
2023-12-17 10:55:00,109,2,110
2023-12-17 11:00:00,147,3,106
2023-12-17 11:05:00,139,3,104
2023-12-17 11:10:00,104,2,106
2023-12-17 11:15:00,127,3,108
2023-12-17 11:20:00,156,4,108
2023-12-17 11:25:00,148,4,109
2023-12-17 11:30:00,119,3,111
2023-12-17 11:35:00,124,3,111
2023-12-17 11:40:00,141,4,105
2023-12-17 11:45:00,138,4,109
2023-12-17 11:50:00,120,3,109
2023-12-17 11:55:00,150,4,108
2023-12-17 12:00:00,114,3,108
2023-12-17 12:05:00,138,3,109
2023-12-17 12:10:00,128,3,107
2023-12-17 12:15:00,128,3,111
2023-12-17 12:20:00,150,4,109
2023-12-17 12:25:00,135,3,112
2023-12-17 12:30:00,130,3,108
2023-12-17 12:35:00,139,3,109
2023-12-17 12:40:00,137,3,110
2023-12-17 12:45:00,127,3,112
2023-12-17 12:50:00,127,3,110
2023-12-17 12:55:00,166,4,109
2023-12-17 13:00:00,125,3,114
2023-12-17 13:05:00,135,3,111
2023-12-17 13:10:00,167,4,108
2023-12-17 13:15:00,139,3,110
2023-12-17 13:20:00,143,3,108
2023-12-17 13:25:00,131,3,109
2023-12-17 13:30:00,136,3,110
2023-12-17 13:35:00,132,3,107
2023-12-17 13:40:00,149,3,109
2023-12-17 13:45:00,149,4,111
2023-12-17 13:50:00,154,4,114
2023-12-17 13:55:00,161,4,110
2023-12-17 14:00:00,146,3,110
2023-12-17 14:05:00,150,4,105
2023-12-17 14:10:00,148,4,107
2023-12-17 14:15:00,187,4,107
2023-12-17 14:20:00,169,4,110
2023-12-17 14:25:00,181,4,111
2023-12-17 14:30:00,219,5,109
2023-12-17 14:35:00,181,4,112
2023-12-17 14:40:00,164,4,108
2023-12-17 14:45:00,195,5,107
2023-12-17 14:50:00,185,4,107
2023-12-17 14:55:00,187,5,109
2023-12-17 15:00:00,175,4,108
2023-12-17 15:05:00,203,5,108
2023-12-17 15:10:00,183,4,108
2023-12-17 15:15:00,198,5,109
2023-12-17 15:20:00,180,4,110
2023-12-17 15:25:00,203,5,109
2023-12-17 15:30:00,196,5,109
2023-12-17 15:35:00,187,4,105
2023-12-17 15:40:00,206,5,107
2023-12-17 15:45:00,211,5,106
2023-12-17 15:50:00,214,5,108
2023-12-17 15:55:00,172,4,107
2023-12-17 16:00:00,226,5,108
2023-12-17 16:05:00,198,5,106
2023-12-17 16:10:00,176,5,108
2023-12-17 16:15:00,166,4,106
2023-12-17 16:20:00,152,3,106
2023-12-17 16:25:00,181,4,108
2023-12-17 16:30:00,187,4,113
2023-12-17 16:35:00,185,4,109
2023-12-17 16:40:00,181,4,109
2023-12-17 16:45:00,168,4,107
2023-12-17 16:50:00,186,4,108
2023-12-17 16:55:00,222,6,107
2023-12-17 17:00:00,185,4,104
2023-12-17 17:05:00,192,5,105
2023-12-17 17:10:00,154,4,110
2023-12-17 17:15:00,180,4,105
2023-12-17 17:20:00,172,4,105
2023-12-17 17:25:00,200,5,107
2023-12-17 17:30:00,159,4,108
2023-12-17 17:35:00,182,4,104
2023-12-17 17:40:00,163,4,104
2023-12-17 17:45:00,174,4,104
2023-12-17 17:50:00,130,3,103
2023-12-17 17:55:00,159,4,103
2023-12-17 18:00:00,141,3,103
2023-12-17 18:05:00,130,3,103
2023-12-17 18:10:00,146,4,103
2023-12-17 18:15:00,112,3,106
2023-12-17 18:20:00,123,3,102
2023-12-17 18:25:00,158,4,105
2023-12-17 18:30:00,107,3,107
2023-12-17 18:35:00,106,3,105
2023-12-17 18:40:00,116,3,103
2023-12-17 18:45:00,122,3,102
2023-12-17 18:50:00,128,3,105
2023-12-17 18:55:00,108,3,105
2023-12-17 19:00:00,120,3,104
2023-12-17 19:05:00,101,3,104
2023-12-17 19:10:00,114,3,106
2023-12-17 19:15:00,105,2,106
2023-12-17 19:20:00,87,2,101
2023-12-17 19:25:00,114,3,106
2023-12-17 19:30:00,93,2,108
2023-12-17 19:35:00,93,2,105
2023-12-17 19:40:00,104,3,107
2023-12-17 19:45:00,96,2,104
2023-12-17 19:50:00,82,2,103
2023-12-17 19:55:00,96,3,105
2023-12-17 20:00:00,90,2,105
2023-12-17 20:05:00,103,2,109
2023-12-17 20:10:00,90,2,108
2023-12-17 20:15:00,104,3,103
2023-12-17 20:20:00,99,2,112
2023-12-17 20:25:00,99,3,106
2023-12-17 20:30:00,98,3,106
2023-12-17 20:35:00,82,2,108
2023-12-17 20:40:00,89,2,103
2023-12-17 20:45:00,91,2,106
2023-12-17 20:50:00,85,2,103
2023-12-17 20:55:00,75,2,106
2023-12-17 21:00:00,84,2,109
2023-12-17 21:05:00,90,2,107
2023-12-17 21:10:00,71,2,110
2023-12-17 21:15:00,78,2,103
2023-12-17 21:20:00,59,2,101
2023-12-17 21:25:00,79,2,103
2023-12-17 21:30:00,58,1,106
2023-12-17 21:35:00,65,2,102
2023-12-17 21:40:00,53,1,104
2023-12-17 21:45:00,57,2,102
2023-12-17 21:50:00,53,2,104
2023-12-17 21:55:00,50,1,106
2023-12-17 22:00:00,59,2,99
2023-12-17 22:05:00,59,2,104
2023-12-17 22:10:00,49,2,107
2023-12-17 22:15:00,54,2,102
2023-12-17 22:20:00,60,2,99
2023-12-17 22:25:00,54,2,105
2023-12-17 22:30:00,48,1,103
2023-12-17 22:35:00,53,2,98
2023-12-17 22:40:00,41,2,102
2023-12-17 22:45:00,40,1,103
2023-12-17 22:50:00,35,1,99
2023-12-17 22:55:00,37,1,105
2023-12-17 23:00:00,34,1,108
2023-12-17 23:05:00,25,1,109
2023-12-17 23:10:00,40,1,101
2023-12-17 23:15:00,41,2,97
2023-12-17 23:20:00,28,1,102
2023-12-17 23:25:00,37,1,105
2023-12-17 23:30:00,25,1,102
2023-12-17 23:35:00,30,2,96
2023-12-17 23:40:00,34,1,101
2023-12-17 23:45:00,26,2,97
2023-12-17 23:50:00,20,2,101
2023-12-17 23:55:00,27,1,101
2023-12-18 00:00:00,26,1,97
2023-12-18 00:05:00,20,1,107
2023-12-18 00:10:00,25,2,92
2023-12-18 00:15:00,20,1,103
2023-12-18 00:20:00,16,1,95
2023-12-18 00:25:00,24,1,105
2023-12-18 00:30:00,16,1,102
2023-12-18 00:35:00,23,1,96
2023-12-18 00:40:00,21,1,95
2023-12-18 00:45:00,24,1,96
2023-12-18 00:50:00,22,1,94
2023-12-18 00:55:00,21,1,95
2023-12-18 01:00:00,25,1,95
2023-12-18 01:05:00,12,1,107
2023-12-18 01:10:00,17,1,105
2023-12-18 01:15:00,13,2,101
2023-12-18 01:20:00,17,1,100
2023-12-18 01:25:00,11,1,90
2023-12-18 01:30:00,9,2,87
2023-12-18 01:35:00,14,1,98
2023-12-18 01:40:00,17,1,90
2023-12-18 01:45:00,14,1,91
2023-12-18 01:50:00,13,1,87
2023-12-18 01:55:00,18,1,98
2023-12-18 02:00:00,17,1,95
2023-12-18 02:05:00,14,2,90
2023-12-18 02:10:00,13,1,95
2023-12-18 02:15:00,14,1,99
2023-12-18 02:20:00,18,1,101
2023-12-18 02:25:00,12,1,97
2023-12-18 02:30:00,12,1,96
2023-12-18 02:35:00,14,1,87
2023-12-18 02:40:00,9,1,87
2023-12-18 02:45:00,5,1,90
2023-12-18 02:50:00,10,1,90
2023-12-18 02:55:00,8,1,90
2023-12-18 03:00:00,13,1,88
2023-12-18 03:05:00,13,2,87
2023-12-18 03:10:00,15,2,89
2023-12-18 03:15:00,14,1,92
2023-12-18 03:20:00,12,2,89
2023-12-18 03:25:00,14,2,93
2023-12-18 03:30:00,10,2,85
2023-12-18 03:35:00,18,2,88
2023-12-18 03:40:00,11,1,93
2023-12-18 03:45:00,5,2,90
2023-12-18 03:50:00,11,1,93
2023-12-18 03:55:00,18,2,86
2023-12-18 04:00:00,17,2,89
2023-12-18 04:05:00,15,2,85
2023-12-18 04:10:00,12,1,94
2023-12-18 04:15:00,14,2,90
2023-12-18 04:20:00,18,1,98
2023-12-18 04:25:00,22,2,87
2023-12-18 04:30:00,17,2,85
2023-12-18 04:35:00,21,2,85
2023-12-18 04:40:00,26,2,94
2023-12-18 04:45:00,22,2,89
2023-12-18 04:50:00,21,1,96
2023-12-18 04:55:00,28,2,90
2023-12-18 05:00:00,19,2,92
2023-12-18 05:05:00,35,2,91
2023-12-18 05:10:00,38,2,91
2023-12-18 05:15:00,25,2,94
2023-12-18 05:20:00,22,1,95
2023-12-18 05:25:00,32,2,96
2023-12-18 05:30:00,30,2,91
2023-12-18 05:35:00,34,2,95
2023-12-18 05:40:00,47,3,92
2023-12-18 05:45:00,46,2,98
2023-12-18 05:50:00,43,2,96
2023-12-18 05:55:00,42,1,99
2023-12-18 06:00:00,56,2,95
2023-12-18 06:05:00,67,2,98
2023-12-18 06:10:00,51,2,98
2023-12-18 06:15:00,73,3,97
2023-12-18 06:20:00,65,3,93
2023-12-18 06:25:00,56,2,98
2023-12-18 06:30:00,60,2,97
2023-12-18 06:35:00,60,2,103
2023-12-18 06:40:00,59,3,96
2023-12-18 06:45:00,96,3,98
2023-12-18 06:50:00,86,3,100
2023-12-18 06:55:00,76,3,96
2023-12-18 07:00:00,79,2,102
2023-12-18 07:05:00,75,3,98
2023-12-18 07:10:00,113,4,98
2023-12-18 07:15:00,55,2,97
2023-12-18 07:20:00,85,3,99
2023-12-18 07:25:00,84,3,100
2023-12-18 07:30:00,82,3,97
2023-12-18 07:35:00,102,3,100
2023-12-18 07:40:00,79,3,102
2023-12-18 07:45:00,97,3,101
2023-12-18 07:50:00,100,3,101
2023-12-18 07:55:00,93,3,101
2023-12-18 08:00:00,102,3,102
2023-12-18 08:05:00,88,3,102
2023-12-18 08:10:00,87,3,100
2023-12-18 08:15:00,97,3,102
2023-12-18 08:20:00,109,3,101
2023-12-18 08:25:00,89,3,103
2023-12-18 08:30:00,84,3,102
2023-12-18 08:35:00,85,3,102
2023-12-18 08:40:00,76,2,104
2023-12-18 08:45:00,82,3,102
2023-12-18 08:50:00,71,2,102
2023-12-18 08:55:00,95,3,101
2023-12-18 09:00:00,89,3,103
2023-12-18 09:05:00,95,3,99
2023-12-18 09:10:00,88,3,103
2023-12-18 09:15:00,113,4,100
2023-12-18 09:20:00,98,3,100
2023-12-18 09:25:00,104,3,101
2023-12-18 09:30:00,107,4,102
2023-12-18 09:35:00,97,3,101
2023-12-18 09:40:00,113,3,105
2023-12-18 09:45:00,119,4,101
2023-12-18 09:50:00,99,4,101
2023-12-18 09:55:00,110,4,100
2023-12-18 10:00:00,94,3,101
2023-12-18 10:05:00,105,4,102
2023-12-18 10:10:00,81,3,100
2023-12-18 10:15:00,111,3,101
2023-12-18 10:20:00,111,4,96
2023-12-18 10:25:00,141,5,101
2023-12-18 10:30:00,112,4,100
2023-12-18 10:35:00,102,3,102
2023-12-18 10:40:00,113,4,102
2023-12-18 10:45:00,116,4,99
2023-12-18 10:50:00,122,4,103
2023-12-18 10:55:00,110,3,103
2023-12-18 11:00:00,118,4,103
2023-12-18 11:05:00,143,5,102
2023-12-18 11:10:00,107,3,102
2023-12-18 11:15:00,113,3,101
2023-12-18 11:20:00,100,3,102
2023-12-18 11:25:00,117,4,103
2023-12-18 11:30:00,114,4,104
2023-12-18 11:35:00,114,4,103
2023-12-18 11:40:00,120,4,100
2023-12-18 11:45:00,123,4,101
2023-12-18 11:50:00,122,4,105
2023-12-18 11:55:00,124,4,102
2023-12-18 12:00:00,96,3,102
2023-12-18 12:05:00,105,3,101
2023-12-18 12:10:00,122,4,101
2023-12-18 12:15:00,135,5,102
2023-12-18 12:20:00,117,4,100
2023-12-18 12:25:00,115,5,97
2023-12-18 12:30:00,125,4,104
2023-12-18 12:35:00,124,4,99
2023-12-18 12:40:00,101,4,101
2023-12-18 12:45:00,134,5,102
2023-12-18 12:50:00,109,4,101
2023-12-18 12:55:00,126,5,100
2023-12-18 13:00:00,123,4,102
2023-12-18 13:05:00,111,4,101
2023-12-18 13:10:00,125,4,103
2023-12-18 13:15:00,120,4,101
2023-12-18 13:20:00,140,4,100
2023-12-18 13:25:00,110,3,102
2023-12-18 13:30:00,124,4,102
2023-12-18 13:35:00,117,4,101
2023-12-18 13:40:00,139,5,102
2023-12-18 13:45:00,132,5,99
2023-12-18 13:50:00,126,4,103
2023-12-18 13:55:00,129,4,102
2023-12-18 14:00:00,147,5,101
2023-12-18 14:05:00,126,4,104
2023-12-18 14:10:00,147,5,103
2023-12-18 14:15:00,153,5,108
2023-12-18 14:20:00,131,5,105
2023-12-18 14:25:00,124,4,100
2023-12-18 14:30:00,128,4,101
2023-12-18 14:35:00,148,4,102
2023-12-18 14:40:00,149,4,108
2023-12-18 14:45:00,129,4,101
2023-12-18 14:50:00,153,5,106
2023-12-18 14:55:00,132,4,101
2023-12-18 15:00:00,134,4,105
2023-12-18 15:05:00,154,5,102
2023-12-18 15:10:00,162,5,106
2023-12-18 15:15:00,141,5,99
2023-12-18 15:20:00,127,4,103
2023-12-18 15:25:00,149,5,102
2023-12-18 15:30:00,161,5,105
2023-12-18 15:35:00,129,4,100
2023-12-18 15:40:00,142,4,103
2023-12-18 15:45:00,138,4,103
2023-12-18 15:50:00,108,3,105
2023-12-18 15:55:00,120,4,100
2023-12-18 16:00:00,126,4,101
2023-12-18 16:05:00,131,4,102
2023-12-18 16:10:00,153,5,104
2023-12-18 16:15:00,112,3,105
2023-12-18 16:20:00,125,4,103
2023-12-18 16:25:00,107,3,104
2023-12-18 16:30:00,93,3,105
2023-12-18 16:35:00,102,3,105
2023-12-18 16:40:00,128,3,107
2023-12-18 16:45:00,113,3,105
2023-12-18 16:50:00,145,4,100
2023-12-18 16:55:00,109,3,102
2023-12-18 17:00:00,87,3,101
2023-12-18 17:05:00,95,3,99
2023-12-18 17:10:00,92,3,102
2023-12-18 17:15:00,100,3,101
2023-12-18 17:20:00,102,3,103
2023-12-18 17:25:00,96,3,99
2023-12-18 17:30:00,102,3,102
2023-12-18 17:35:00,90,3,100
2023-12-18 17:40:00,90,3,99
2023-12-18 17:45:00,98,3,101
2023-12-18 17:50:00,96,3,99
2023-12-18 17:55:00,99,3,100
2023-12-18 18:00:00,96,3,100
2023-12-18 18:05:00,89,3,97
2023-12-18 18:10:00,81,3,99
2023-12-18 18:15:00,100,3,101
2023-12-18 18:20:00,87,3,98
2023-12-18 18:25:00,81,3,98
2023-12-18 18:30:00,84,3,99
2023-12-18 18:35:00,80,3,98
2023-12-18 18:40:00,77,3,103
2023-12-18 18:45:00,73,2,104
2023-12-18 18:50:00,79,3,96
2023-12-18 18:55:00,80,3,99
2023-12-18 19:00:00,76,2,100
2023-12-18 19:05:00,67,2,101
2023-12-18 19:10:00,86,3,100
2023-12-18 19:15:00,68,3,95
2023-12-18 19:20:00,61,2,98
2023-12-18 19:25:00,70,3,103
2023-12-18 19:30:00,71,3,101
2023-12-18 19:35:00,64,2,98
2023-12-18 19:40:00,51,2,98
2023-12-18 19:45:00,76,3,95
2023-12-18 19:50:00,75,3,100
2023-12-18 19:55:00,51,2,104
2023-12-18 20:00:00,59,2,96
2023-12-18 20:05:00,57,2,98
2023-12-18 20:10:00,63,2,97
2023-12-18 20:15:00,53,2,97
2023-12-18 20:20:00,42,2,100
2023-12-18 20:25:00,61,2,93
2023-12-18 20:30:00,49,2,99
2023-12-18 20:35:00,46,2,92
2023-12-18 20:40:00,61,2,97
2023-12-18 20:45:00,41,1,100
2023-12-18 20:50:00,63,3,94
2023-12-18 20:55:00,50,2,98
2023-12-18 21:00:00,55,2,95
2023-12-18 21:05:00,68,3,98
2023-12-18 21:10:00,33,2,94
2023-12-18 21:15:00,48,3,90
2023-12-18 21:20:00,44,2,101
2023-12-18 21:25:00,40,1,97
2023-12-18 21:30:00,48,2,95
2023-12-18 21:35:00,48,2,99
2023-12-18 21:40:00,47,2,103
2023-12-18 21:45:00,49,2,103
2023-12-18 21:50:00,34,2,92
2023-12-18 21:55:00,36,2,94
2023-12-18 22:00:00,44,2,97
2023-12-18 22:05:00,49,2,103
2023-12-18 22:10:00,47,2,98
2023-12-18 22:15:00,45,3,92
2023-12-18 22:20:00,38,2,90
2023-12-18 22:25:00,34,2,98
2023-12-18 22:30:00,45,2,96
2023-12-18 22:35:00,28,1,97
2023-12-18 22:40:00,31,2,93
2023-12-18 22:45:00,35,1,98
2023-12-18 22:50:00,43,2,97
2023-12-18 22:55:00,31,2,94
2023-12-18 23:00:00,35,1,97
2023-12-18 23:05:00,30,2,93
2023-12-18 23:10:00,35,2,104
2023-12-18 23:15:00,40,2,90
2023-12-18 23:20:00,28,1,97
2023-12-18 23:25:00,28,2,95
2023-12-18 23:30:00,43,2,97
2023-12-18 23:35:00,26,1,93
2023-12-18 23:40:00,24,2,92
2023-12-18 23:45:00,27,2,90
2023-12-18 23:50:00,21,2,89
2023-12-18 23:55:00,36,2,89
2023-12-19 00:00:00,26,2,89
2023-12-19 00:05:00,16,2,89
2023-12-19 00:10:00,26,3,87
2023-12-19 00:15:00,27,2,93
2023-12-19 00:20:00,18,2,97
2023-12-19 00:25:00,23,2,91
2023-12-19 00:30:00,18,1,91
2023-12-19 00:35:00,15,2,94
2023-12-19 00:40:00,17,2,92
2023-12-19 00:45:00,17,2,87
2023-12-19 00:50:00,22,2,83
2023-12-19 00:55:00,17,2,83
2023-12-19 01:00:00,14,1,94
2023-12-19 01:05:00,18,2,91
2023-12-19 01:10:00,17,2,87
2023-12-19 01:15:00,24,2,88
2023-12-19 01:20:00,19,1,93
2023-12-19 01:25:00,15,3,82
2023-12-19 01:30:00,16,2,82
2023-12-19 01:35:00,18,2,85
2023-12-19 01:40:00,13,1,94
2023-12-19 01:45:00,26,2,85
2023-12-19 01:50:00,6,2,79
2023-12-19 01:55:00,30,4,88
2023-12-19 02:00:00,12,1,91
2023-12-19 02:05:00,18,2,93
2023-12-19 02:10:00,19,2,87
2023-12-19 02:15:00,20,1,86
2023-12-19 02:20:00,17,2,87
2023-12-19 02:25:00,9,1,93
2023-12-19 02:30:00,17,2,86
2023-12-19 02:35:00,21,1,90
2023-12-19 02:40:00,16,1,97
2023-12-19 02:45:00,18,2,90
2023-12-19 02:50:00,16,2,84
2023-12-19 02:55:00,16,1,89
2023-12-19 03:00:00,14,1,91
2023-12-19 03:05:00,8,1,81
2023-12-19 03:10:00,15,2,89
2023-12-19 03:15:00,26,3,86
2023-12-19 03:20:00,26,2,92
2023-12-19 03:25:00,11,2,92
2023-12-19 03:30:00,14,2,83
2023-12-19 03:35:00,16,2,89
2023-12-19 03:40:00,26,3,89
2023-12-19 03:45:00,16,2,86
2023-12-19 03:50:00,14,3,87
2023-12-19 03:55:00,20,2,88
2023-12-19 04:00:00,16,2,83
2023-12-19 04:05:00,21,2,84
2023-12-19 04:10:00,20,2,89
2023-12-19 04:15:00,23,2,86
2023-12-19 04:20:00,23,3,85
2023-12-19 04:25:00,31,2,82
2023-12-19 04:30:00,25,3,79
2023-12-19 04:35:00,23,3,88
2023-12-19 04:40:00,33,4,84
2023-12-19 04:45:00,37,3,87
2023-12-19 04:50:00,26,3,89
2023-12-19 04:55:00,32,2,85
2023-12-19 05:00:00,33,3,82
2023-12-19 05:05:00,29,2,88
2023-12-19 05:10:00,32,3,84
2023-12-19 05:15:00,29,2,86
2023-12-19 05:20:00,32,4,84
2023-12-19 05:25:00,36,3,87
2023-12-19 05:30:00,40,4,91
2023-12-19 05:35:00,49,4,88
2023-12-19 05:40:00,45,3,90
2023-12-19 05:45:00,56,4,90
2023-12-19 05:50:00,64,3,92
2023-12-19 05:55:00,48,3,94
2023-12-19 06:00:00,48,3,93
2023-12-19 06:05:00,59,3,92
2023-12-19 06:10:00,72,4,89
2023-12-19 06:15:00,61,4,91
2023-12-19 06:20:00,62,4,88
2023-12-19 06:25:00,59,3,91
2023-12-19 06:30:00,60,3,91
2023-12-19 06:35:00,50,3,90
2023-12-19 06:40:00,61,3,95
2023-12-19 06:45:00,57,3,94
2023-12-19 06:50:00,71,4,89
2023-12-19 06:55:00,64,3,92
2023-12-19 07:00:00,66,4,86
2023-12-19 07:05:00,77,4,96
2023-12-19 07:10:00,76,3,93
2023-12-19 07:15:00,83,4,95
2023-12-19 07:20:00,79,3,96
2023-12-19 07:25:00,80,4,95
2023-12-19 07:30:00,84,3,97
2023-12-19 07:35:00,69,2,98
2023-12-19 07:40:00,79,3,97
2023-12-19 07:45:00,73,3,100
2023-12-19 07:50:00,75,3,95
2023-12-19 07:55:00,90,4,98
2023-12-19 08:00:00,88,3,101
2023-12-19 08:05:00,72,3,101
2023-12-19 08:10:00,91,3,99
2023-12-19 08:15:00,88,3,101
2023-12-19 08:20:00,84,4,95
2023-12-19 08:25:00,86,3,99
2023-12-19 08:30:00,92,4,97
2023-12-19 08:35:00,88,3,99
2023-12-19 08:40:00,66,2,103
2023-12-19 08:45:00,98,3,104
2023-12-19 08:50:00,96,3,102
2023-12-19 08:55:00,110,4,100
2023-12-19 09:00:00,96,3,101
2023-12-19 09:05:00,94,3,97
2023-12-19 09:10:00,98,3,99
2023-12-19 09:15:00,103,4,97
2023-12-19 09:20:00,93,3,101
2023-12-19 09:25:00,96,4,98
2023-12-19 09:30:00,94,3,99
2023-12-19 09:35:00,122,4,101
2023-12-19 09:40:00,114,4,98
2023-12-19 09:45:00,111,4,102
2023-12-19 09:50:00,116,4,99
2023-12-19 09:55:00,121,4,100
2023-12-19 10:00:00,112,4,101
2023-12-19 10:05:00,120,4,102
2023-12-19 10:10:00,98,4,97
2023-12-19 10:15:00,119,4,98
2023-12-19 10:20:00,126,4,102
2023-12-19 10:25:00,122,4,99
2023-12-19 10:30:00,123,4,101
2023-12-19 10:35:00,114,4,106
2023-12-19 10:40:00,101,3,104
2023-12-19 10:45:00,112,3,101
2023-12-19 10:50:00,101,3,104
2023-12-19 10:55:00,97,3,102
2023-12-19 11:00:00,109,4,100
2023-12-19 11:05:00,125,4,102
2023-12-19 11:10:00,130,4,102
2023-12-19 11:15:00,124,4,100
2023-12-19 11:20:00,119,4,102
2023-12-19 11:25:00,122,4,98
2023-12-19 11:30:00,134,4,102
2023-12-19 11:35:00,104,3,101
2023-12-19 11:40:00,116,4,99
2023-12-19 11:45:00,108,4,99
2023-12-19 11:50:00,136,5,98
2023-12-19 11:55:00,107,4,95
2023-12-19 12:00:00,116,4,99
2023-12-19 12:05:00,122,4,99
2023-12-19 12:10:00,124,4,101
2023-12-19 12:15:00,102,4,100
2023-12-19 12:20:00,120,5,98
2023-12-19 12:25:00,133,5,99
2023-12-19 12:30:00,130,5,98
2023-12-19 12:35:00,121,4,96
2023-12-19 12:40:00,121,5,96
2023-12-19 12:45:00,144,6,98
2023-12-19 12:50:00,116,4,102
2023-12-19 12:55:00,139,4,105
2023-12-19 13:00:00,130,5,101
2023-12-19 13:05:00,103,4,99
2023-12-19 13:10:00,129,5,98
2023-12-19 13:15:00,129,5,97
2023-12-19 13:20:00,116,5,95
2023-12-19 13:25:00,127,5,99
2023-12-19 13:30:00,129,5,97
2023-12-19 13:35:00,137,5,98
2023-12-19 13:40:00,120,4,106
2023-12-19 13:45:00,146,5,98
2023-12-19 13:50:00,125,4,102
2023-12-19 13:55:00,128,4,104
2023-12-19 14:00:00,145,5,100
2023-12-19 14:05:00,133,4,102
2023-12-19 14:10:00,122,4,103
2023-12-19 14:15:00,142,5,102
2023-12-19 14:20:00,112,4,100
2023-12-19 14:25:00,123,4,103
2023-12-19 14:30:00,128,5,99
2023-12-19 14:35:00,137,4,103
2023-12-19 14:40:00,114,4,100
2023-12-19 14:45:00,123,4,101
2023-12-19 14:50:00,117,4,102
2023-12-19 14:55:00,122,4,101
2023-12-19 15:00:00,121,4,102
2023-12-19 15:05:00,134,4,103
2023-12-19 15:10:00,130,4,103
2023-12-19 15:15:00,122,4,99
2023-12-19 15:20:00,141,4,105
2023-12-19 15:25:00,98,3,102
2023-12-19 15:30:00,114,3,104
2023-12-19 15:35:00,122,4,102
2023-12-19 15:40:00,120,4,101
2023-12-19 15:45:00,133,5,98
2023-12-19 15:50:00,161,5,104
2023-12-19 15:55:00,123,4,101
2023-12-19 16:00:00,154,5,103
2023-12-19 16:05:00,162,5,101
2023-12-19 16:10:00,152,5,100
2023-12-19 16:15:00,161,5,104
2023-12-19 16:20:00,141,5,97
2023-12-19 16:25:00,130,4,101
2023-12-19 16:30:00,129,4,99
2023-12-19 16:35:00,118,4,100
2023-12-19 16:40:00,85,3,100
2023-12-19 16:45:00,137,4,103
2023-12-19 16:50:00,125,4,101
2023-12-19 16:55:00,123,4,100
2023-12-19 17:00:00,121,4,102
2023-12-19 17:05:00,109,3,102
2023-12-19 17:10:00,140,5,100
2023-12-19 17:15:00,112,4,104
2023-12-19 17:20:00,123,4,98
2023-12-19 17:25:00,114,4,101
2023-12-19 17:30:00,127,4,101
2023-12-19 17:35:00,95,3,98
2023-12-19 17:40:00,97,3,100
2023-12-19 17:45:00,118,4,98
2023-12-19 17:50:00,105,3,99
2023-12-19 17:55:00,110,3,101
2023-12-19 18:00:00,108,3,101
2023-12-19 18:05:00,99,3,100
2023-12-19 18:10:00,92,3,97
2023-12-19 18:15:00,90,3,100
2023-12-19 18:20:00,73,2,99
2023-12-19 18:25:00,96,3,99
2023-12-19 18:30:00,84,3,97
2023-12-19 18:35:00,75,3,99
2023-12-19 18:40:00,76,3,99
2023-12-19 18:45:00,74,3,97
2023-12-19 18:50:00,83,2,104
2023-12-19 18:55:00,71,3,98
2023-12-19 19:00:00,89,3,101
2023-12-19 19:05:00,69,2,98
2023-12-19 19:10:00,72,2,101
2023-12-19 19:15:00,75,3,101
2023-12-19 19:20:00,66,2,97
2023-12-19 19:25:00,58,2,98
2023-12-19 19:30:00,69,2,97
2023-12-19 19:35:00,63,2,97
2023-12-19 19:40:00,72,2,103
2023-12-19 19:45:00,66,3,99
2023-12-19 19:50:00,55,2,98
2023-12-19 19:55:00,68,3,97
2023-12-19 20:00:00,69,2,97
2023-12-19 20:05:00,73,3,94
2023-12-19 20:10:00,59,2,100
2023-12-19 20:15:00,59,3,102
2023-12-19 20:20:00,50,2,102
2023-12-19 20:25:00,56,2,104
2023-12-19 20:30:00,51,3,95
2023-12-19 20:35:00,67,3,96
2023-12-19 20:40:00,47,2,96
2023-12-19 20:45:00,50,2,99
2023-12-19 20:50:00,53,2,95
2023-12-19 20:55:00,66,3,96
2023-12-19 21:00:00,52,2,103
2023-12-19 21:05:00,47,2,96
2023-12-19 21:10:00,51,3,92
2023-12-19 21:15:00,33,2,96
2023-12-19 21:20:00,55,3,94
2023-12-19 21:25:00,46,2,96
2023-12-19 21:30:00,50,3,93
2023-12-19 21:35:00,55,3,95
2023-12-19 21:40:00,54,2,99
2023-12-19 21:45:00,41,2,98
2023-12-19 21:50:00,45,2,98
2023-12-19 21:55:00,46,2,94
2023-12-19 22:00:00,55,2,100
2023-12-19 22:05:00,43,2,97
2023-12-19 22:10:00,42,2,97
2023-12-19 22:15:00,48,2,92
2023-12-19 22:20:00,42,3,92
2023-12-19 22:25:00,45,2,96
2023-12-19 22:30:00,40,2,95
2023-12-19 22:35:00,44,2,98
2023-12-19 22:40:00,44,3,90
2023-12-19 22:45:00,43,2,92
2023-12-19 22:50:00,36,2,96
2023-12-19 22:55:00,40,3,90
2023-12-19 23:00:00,40,2,99
2023-12-19 23:05:00,34,2,92
2023-12-19 23:10:00,31,2,91
2023-12-19 23:15:00,27,2,98
2023-12-19 23:20:00,28,2,98
2023-12-19 23:25:00,41,2,90
2023-12-19 23:30:00,27,2,91
2023-12-19 23:35:00,25,1,92
2023-12-19 23:40:00,23,2,93
2023-12-19 23:45:00,35,2,91
2023-12-19 23:50:00,25,1,92
2023-12-19 23:55:00,28,2,92
2023-12-20 00:00:00,35,2,92
2023-12-20 00:05:00,16,1,89
2023-12-20 00:10:00,28,2,90
2023-12-20 00:15:00,25,2,91
2023-12-20 00:20:00,22,1,96
2023-12-20 00:25:00,15,1,95
2023-12-20 00:30:00,19,2,89
2023-12-20 00:35:00,15,2,87
2023-12-20 00:40:00,21,2,88
2023-12-20 00:45:00,22,2,87
2023-12-20 00:50:00,20,2,88
2023-12-20 00:55:00,27,2,89
2023-12-20 01:00:00,20,2,87
2023-12-20 01:05:00,19,3,83
2023-12-20 01:10:00,20,1,95
2023-12-20 01:15:00,15,1,89
2023-12-20 01:20:00,19,2,87
2023-12-20 01:25:00,28,2,92
2023-12-20 01:30:00,28,2,96
2023-12-20 01:35:00,15,1,92
2023-12-20 01:40:00,21,3,84
2023-12-20 01:45:00,15,2,85
2023-12-20 01:50:00,18,2,89
2023-12-20 01:55:00,16,3,84
2023-12-20 02:00:00,16,1,100
2023-12-20 02:05:00,20,1,87
2023-12-20 02:10:00,20,2,87
2023-12-20 02:15:00,21,2,85
2023-12-20 02:20:00,10,1,93
2023-12-20 02:25:00,19,1,86
2023-12-20 02:30:00,8,1,83
2023-12-20 02:35:00,14,1,86
2023-12-20 02:40:00,10,3,81
2023-12-20 02:45:00,15,4,82
2023-12-20 02:50:00,12,1,94
2023-12-20 02:55:00,23,2,83
2023-12-20 03:00:00,14,2,83
2023-12-20 03:05:00,19,2,85
2023-12-20 03:10:00,16,2,92
2023-12-20 03:15:00,13,2,96
2023-12-20 03:20:00,18,2,92
2023-12-20 03:25:00,14,2,87
2023-12-20 03:30:00,13,2,85
2023-12-20 03:35:00,27,2,86
2023-12-20 03:40:00,23,3,84
2023-12-20 03:45:00,17,3,80
2023-12-20 03:50:00,16,2,92
2023-12-20 03:55:00,19,2,77
2023-12-20 04:00:00,18,2,84
2023-12-20 04:05:00,22,2,82
2023-12-20 04:10:00,29,2,85
2023-12-20 04:15:00,20,2,83
2023-12-20 04:20:00,20,2,81
2023-12-20 04:25:00,26,3,81
2023-12-20 04:30:00,29,4,79
2023-12-20 04:35:00,33,3,83
2023-12-20 04:40:00,35,3,81
2023-12-20 04:45:00,26,3,81
2023-12-20 04:50:00,28,3,78
2023-12-20 04:55:00,43,3,78
2023-12-20 05:00:00,34,3,79
2023-12-20 05:05:00,30,3,78
2023-12-20 05:10:00,34,4,73
2023-12-20 05:15:00,35,3,79
2023-12-20 05:20:00,47,4,78
2023-12-20 05:25:00,44,4,80
2023-12-20 05:30:00,38,4,78
2023-12-20 05:35:00,44,3,84
2023-12-20 05:40:00,47,3,82
2023-12-20 05:45:00,53,4,82
2023-12-20 05:50:00,53,4,83
2023-12-20 05:55:00,53,4,85
2023-12-20 06:00:00,57,4,84
2023-12-20 06:05:00,65,4,85
2023-12-20 06:10:00,49,3,87
2023-12-20 06:15:00,55,4,84
2023-12-20 06:20:00,72,4,86
2023-12-20 06:25:00,51,4,84
2023-12-20 06:30:00,54,3,87
2023-12-20 06:35:00,80,4,86
2023-12-20 06:40:00,73,3,88
2023-12-20 06:45:00,80,4,88
2023-12-20 06:50:00,63,3,88
2023-12-20 06:55:00,63,3,89
2023-12-20 07:00:00,65,3,87
2023-12-20 07:05:00,76,4,85
2023-12-20 07:10:00,70,4,90
2023-12-20 07:15:00,56,3,92
2023-12-20 07:20:00,66,3,91
2023-12-20 07:25:00,59,2,92
2023-12-20 07:30:00,60,3,92
2023-12-20 07:35:00,75,3,90
2023-12-20 07:40:00,85,4,94
2023-12-20 07:45:00,63,2,98
2023-12-20 07:50:00,75,3,99
2023-12-20 07:55:00,81,2,101
2023-12-20 08:00:00,53,2,96
2023-12-20 08:05:00,82,3,96
2023-12-20 08:10:00,78,3,98
2023-12-20 08:15:00,83,3,99
2023-12-20 08:20:00,74,2,98
2023-12-20 08:25:00,70,3,95
2023-12-20 08:30:00,73,2,98
2023-12-20 08:35:00,83,3,99
2023-12-20 08:40:00,68,2,102
2023-12-20 08:45:00,105,4,96
2023-12-20 08:50:00,93,3,97
2023-12-20 08:55:00,79,3,94
2023-12-20 09:00:00,78,3,98
2023-12-20 09:05:00,79,3,98
2023-12-20 09:10:00,88,3,102
2023-12-20 09:15:00,94,3,99
2023-12-20 09:20:00,84,3,100
2023-12-20 09:25:00,118,5,97
2023-12-20 09:30:00,104,4,98
2023-12-20 09:35:00,110,4,96
2023-12-20 09:40:00,101,4,96
2023-12-20 09:45:00,117,4,97
2023-12-20 09:50:00,109,4,98
2023-12-20 09:55:00,99,3,100
2023-12-20 10:00:00,93,3,99
2023-12-20 10:05:00,101,4,100
2023-12-20 10:10:00,113,4,102
2023-12-20 10:15:00,106,4,98
2023-12-20 10:20:00,109,4,100
2023-12-20 10:25:00,105,4,103
2023-12-20 10:30:00,146,5,98
2023-12-20 10:35:00,101,4,99
2023-12-20 10:40:00,93,3,101
2023-12-20 10:45:00,99,4,101
2023-12-20 10:50:00,106,3,101
2023-12-20 10:55:00,125,5,96
2023-12-20 11:00:00,112,4,103
2023-12-20 11:05:00,112,4,102
2023-12-20 11:10:00,93,3,100
2023-12-20 11:15:00,110,4,101
2023-12-20 11:20:00,125,4,101
2023-12-20 11:25:00,135,4,105
2023-12-20 11:30:00,112,4,98
2023-12-20 11:35:00,133,4,100
2023-12-20 11:40:00,124,4,104
2023-12-20 11:45:00,109,3,104
2023-12-20 11:50:00,113,4,102
2023-12-20 11:55:00,115,4,101
2023-12-20 12:00:00,123,5,98
2023-12-20 12:05:00,106,4,98
2023-12-20 12:10:00,112,4,97
2023-12-20 12:15:00,115,4,100
2023-12-20 12:20:00,126,4,101
2023-12-20 12:25:00,120,5,98
2023-12-20 12:30:00,122,5,100
2023-12-20 12:35:00,112,4,101
2023-12-20 12:40:00,104,5,97
2023-12-20 12:45:00,108,4,104
2023-12-20 12:50:00,149,5,100
2023-12-20 12:55:00,100,4,99
2023-12-20 13:00:00,122,4,103
2023-12-20 13:05:00,126,4,100
2023-12-20 13:10:00,117,4,100
2023-12-20 13:15:00,118,4,102
2023-12-20 13:20:00,117,4,100
2023-12-20 13:25:00,117,4,99
2023-12-20 13:30:00,126,4,98
2023-12-20 13:35:00,125,4,103
2023-12-20 13:40:00,120,4,97
2023-12-20 13:45:00,130,4,103
2023-12-20 13:50:00,115,4,101
2023-12-20 13:55:00,140,5,101
2023-12-20 14:00:00,139,5,98
2023-12-20 14:05:00,126,5,96
2023-12-20 14:10:00,138,5,102
2023-12-20 14:15:00,145,5,100
2023-12-20 14:20:00,155,5,102
2023-12-20 14:25:00,178,6,100
2023-12-20 14:30:00,128,5,98
2023-12-20 14:35:00,153,6,99
2023-12-20 14:40:00,147,5,101
2023-12-20 14:45:00,134,5,100
2023-12-20 14:50:00,133,4,101
2023-12-20 14:55:00,128,4,104
2023-12-20 15:00:00,140,5,101
2023-12-20 15:05:00,155,5,101
2023-12-20 15:10:00,146,5,99
2023-12-20 15:15:00,166,5,101
2023-12-20 15:20:00,162,5,99
2023-12-20 15:25:00,176,6,102
2023-12-20 15:30:00,125,4,100
2023-12-20 15:35:00,151,5,102
2023-12-20 15:40:00,130,4,101
2023-12-20 15:45:00,127,4,103
2023-12-20 15:50:00,107,4,101
2023-12-20 15:55:00,129,4,102
2023-12-20 16:00:00,139,4,101
2023-12-20 16:05:00,136,4,105
2023-12-20 16:10:00,123,4,102
2023-12-20 16:15:00,152,5,104
2023-12-20 16:20:00,109,3,102
2023-12-20 16:25:00,110,4,103
2023-12-20 16:30:00,121,3,103
2023-12-20 16:35:00,124,4,99
2023-12-20 16:40:00,117,3,103
2023-12-20 16:45:00,106,4,103
2023-12-20 16:50:00,121,3,107
2023-12-20 16:55:00,97,3,105
2023-12-20 17:00:00,109,3,103
2023-12-20 17:05:00,119,3,106
2023-12-20 17:10:00,98,3,103
2023-12-20 17:15:00,102,3,99
2023-12-20 17:20:00,120,4,98
2023-12-20 17:25:00,102,4,99
2023-12-20 17:30:00,109,4,97
2023-12-20 17:35:00,100,3,102
2023-12-20 17:40:00,127,4,99
2023-12-20 17:45:00,108,3,101
2023-12-20 17:50:00,100,3,101
2023-12-20 17:55:00,107,4,98
2023-12-20 18:00:00,89,3,98
2023-12-20 18:05:00,115,4,99
2023-12-20 18:10:00,103,4,99
2023-12-20 18:15:00,89,3,96
2023-12-20 18:20:00,96,3,97
2023-12-20 18:25:00,85,3,100
2023-12-20 18:30:00,87,3,99
2023-12-20 18:35:00,87,3,103
2023-12-20 18:40:00,93,3,99
2023-12-20 18:45:00,87,3,97
2023-12-20 18:50:00,95,3,102
2023-12-20 18:55:00,70,2,104
2023-12-20 19:00:00,87,3,99
2023-12-20 19:05:00,71,2,102
2023-12-20 19:10:00,63,2,97
2023-12-20 19:15:00,70,2,98
2023-12-20 19:20:00,70,2,98
2023-12-20 19:25:00,65,2,97
2023-12-20 19:30:00,58,2,101
2023-12-20 19:35:00,75,3,101
2023-12-20 19:40:00,72,2,99
2023-12-20 19:45:00,54,2,98
2023-12-20 19:50:00,59,2,96
2023-12-20 19:55:00,53,3,94
2023-12-20 20:00:00,52,2,97
2023-12-20 20:05:00,62,2,97
2023-12-20 20:10:00,68,2,100
2023-12-20 20:15:00,49,2,97
2023-12-20 20:20:00,54,2,98
2023-12-20 20:25:00,48,2,97
2023-12-20 20:30:00,61,3,95
2023-12-20 20:35:00,52,2,98
2023-12-20 20:40:00,50,2,100
2023-12-20 20:45:00,51,2,97
2023-12-20 20:50:00,51,2,94
2023-12-20 20:55:00,46,2,100
2023-12-20 21:00:00,42,2,95
2023-12-20 21:05:00,46,2,97
2023-12-20 21:10:00,52,3,93
2023-12-20 21:15:00,40,2,103
2023-12-20 21:20:00,48,2,99
2023-12-20 21:25:00,44,2,97
2023-12-20 21:30:00,42,2,96
2023-12-20 21:35:00,47,3,97
2023-12-20 21:40:00,52,3,91
2023-12-20 21:45:00,48,2,94
2023-12-20 21:50:00,46,2,94
2023-12-20 21:55:00,46,2,97
2023-12-20 22:00:00,49,2,98
2023-12-20 22:05:00,54,2,96
2023-12-20 22:10:00,44,2,100
2023-12-20 22:15:00,48,2,95
2023-12-20 22:20:00,39,2,92
2023-12-20 22:25:00,42,2,93
2023-12-20 22:30:00,51,2,96
2023-12-20 22:35:00,42,2,100
2023-12-20 22:40:00,40,2,101
2023-12-20 22:45:00,37,1,97
2023-12-20 22:50:00,43,2,92
2023-12-20 22:55:00,37,1,99
2023-12-20 23:00:00,40,2,94
2023-12-20 23:05:00,24,2,93
2023-12-20 23:10:00,25,1,91
2023-12-20 23:15:00,35,2,92
2023-12-20 23:20:00,32,2,94
2023-12-20 23:25:00,25,1,93
2023-12-20 23:30:00,33,2,89
2023-12-20 23:35:00,16,1,88
2023-12-20 23:40:00,31,2,95
2023-12-20 23:45:00,30,2,93
2023-12-20 23:50:00,18,2,98
2023-12-20 23:55:00,28,2,95
2023-12-21 00:00:00,18,1,96
2023-12-21 00:05:00,19,2,93
2023-12-21 00:10:00,21,2,90
2023-12-21 00:15:00,20,2,86
2023-12-21 00:20:00,12,2,87
2023-12-21 00:25:00,25,1,91
2023-12-21 00:30:00,16,1,91
2023-12-21 00:35:00,25,2,90
2023-12-21 00:40:00,24,2,90
2023-12-21 00:45:00,18,2,91
2023-12-21 00:50:00,17,1,91
2023-12-21 00:55:00,27,3,88
2023-12-21 01:00:00,14,1,95
2023-12-21 01:05:00,25,1,89
2023-12-21 01:10:00,15,2,90
2023-12-21 01:15:00,21,1,93
2023-12-21 01:20:00,22,2,88
2023-12-21 01:25:00,18,2,85
2023-12-21 01:30:00,23,3,84
2023-12-21 01:35:00,27,2,88
2023-12-21 01:40:00,19,1,90
2023-12-21 01:45:00,17,1,88
2023-12-21 01:50:00,20,1,90
2023-12-21 01:55:00,8,2,86
2023-12-21 02:00:00,23,3,85
2023-12-21 02:05:00,12,2,81
2023-12-21 02:10:00,7,2,82
2023-12-21 02:15:00,15,1,90
2023-12-21 02:20:00,24,2,89
2023-12-21 02:25:00,24,2,84
2023-12-21 02:30:00,18,2,84
2023-12-21 02:35:00,17,2,90
2023-12-21 02:40:00,13,3,81
2023-12-21 02:45:00,8,1,87
2023-12-21 02:50:00,16,2,85
2023-12-21 02:55:00,15,2,91
2023-12-21 03:00:00,10,2,82
2023-12-21 03:05:00,20,2,87
2023-12-21 03:10:00,14,2,94
2023-12-21 03:15:00,25,2,90
2023-12-21 03:20:00,26,2,84
2023-12-21 03:25:00,28,2,88
2023-12-21 03:30:00,14,2,86
2023-12-21 03:35:00,7,2,84
2023-12-21 03:40:00,14,2,83
2023-12-21 03:45:00,14,2,83
2023-12-21 03:50:00,21,2,83
2023-12-21 03:55:00,26,3,86
2023-12-21 04:00:00,22,3,81
2023-12-21 04:05:00,21,3,84
2023-12-21 04:10:00,14,2,85
2023-12-21 04:15:00,25,3,83
2023-12-21 04:20:00,35,4,86
2023-12-21 04:25:00,21,3,84
2023-12-21 04:30:00,23,2,84
2023-12-21 04:35:00,25,3,83
2023-12-21 04:40:00,25,3,83
2023-12-21 04:45:00,28,3,85
2023-12-21 04:50:00,37,3,88
2023-12-21 04:55:00,27,3,84
2023-12-21 05:00:00,29,2,86
2023-12-21 05:05:00,33,3,87
2023-12-21 05:10:00,43,3,89
2023-12-21 05:15:00,43,3,85
2023-12-21 05:20:00,29,3,87
2023-12-21 05:25:00,42,3,88
2023-12-21 05:30:00,41,3,85
2023-12-21 05:35:00,47,4,86
2023-12-21 05:40:00,43,2,92
2023-12-21 05:45:00,57,4,89
2023-12-21 05:50:00,49,3,91
2023-12-21 05:55:00,46,3,88
2023-12-21 06:00:00,45,3,90
2023-12-21 06:05:00,45,2,93
2023-12-21 06:10:00,45,3,90
2023-12-21 06:15:00,50,3,89
2023-12-21 06:20:00,39,2,89
2023-12-21 06:25:00,57,3,88
2023-12-21 06:30:00,68,4,88
2023-12-21 06:35:00,62,3,94
2023-12-21 06:40:00,65,3,94
2023-12-21 06:45:00,36,2,97
2023-12-21 06:50:00,62,3,92
2023-12-21 06:55:00,67,3,91
2023-12-21 07:00:00,69,3,91
2023-12-21 07:05:00,72,3,91
2023-12-21 07:10:00,61,4,90
2023-12-21 07:15:00,61,3,94
2023-12-21 07:20:00,55,3,94
2023-12-21 07:25:00,59,3,91
2023-12-21 07:30:00,74,4,93
2023-12-21 07:35:00,72,3,96
2023-12-21 07:40:00,70,3,99
2023-12-21 07:45:00,72,3,94
2023-12-21 07:50:00,64,3,95
2023-12-21 07:55:00,73,3,95
2023-12-21 08:00:00,67,3,98
2023-12-21 08:05:00,78,3,99
2023-12-21 08:10:00,61,2,98
2023-12-21 08:15:00,74,2,103
2023-12-21 08:20:00,74,3,99
2023-12-21 08:25:00,73,3,98
2023-12-21 08:30:00,66,2,96
2023-12-21 08:35:00,79,3,100
2023-12-21 08:40:00,86,3,99
2023-12-21 08:45:00,94,3,101
2023-12-21 08:50:00,101,4,101
2023-12-21 08:55:00,70,3,99
2023-12-21 09:00:00,79,3,99
2023-12-21 09:05:00,98,3,99
2023-12-21 09:10:00,96,3,100
2023-12-21 09:15:00,96,4,98
2023-12-21 09:20:00,88,3,104
2023-12-21 09:25:00,116,4,103
2023-12-21 09:30:00,105,4,100
2023-12-21 09:35:00,104,3,100
2023-12-21 09:40:00,113,4,100
2023-12-21 09:45:00,104,4,101
2023-12-21 09:50:00,133,4,102
2023-12-21 09:55:00,101,3,101
2023-12-21 10:00:00,112,4,100
2023-12-21 10:05:00,115,4,102
2023-12-21 10:10:00,104,3,102
2023-12-21 10:15:00,109,4,105
2023-12-21 10:20:00,114,4,97
2023-12-21 10:25:00,114,4,104
2023-12-21 10:30:00,106,4,101
2023-12-21 10:35:00,104,3,100
2023-12-21 10:40:00,139,5,104
2023-12-21 10:45:00,96,3,103
2023-12-21 10:50:00,143,4,102
2023-12-21 10:55:00,110,4,103
2023-12-21 11:00:00,118,4,102
2023-12-21 11:05:00,124,4,104
2023-12-21 11:10:00,148,5,100
2023-12-21 11:15:00,122,4,101
2023-12-21 11:20:00,99,3,101
2023-12-21 11:25:00,104,3,100
2023-12-21 11:30:00,127,4,100
2023-12-21 11:35:00,119,3,107
2023-12-21 11:40:00,126,4,101
2023-12-21 11:45:00,137,4,102
2023-12-21 11:50:00,146,5,102
2023-12-21 11:55:00,117,4,99
2023-12-21 12:00:00,126,5,101
2023-12-21 12:05:00,123,5,98
2023-12-21 12:10:00,140,5,103
2023-12-21 12:15:00,128,5,99
2023-12-21 12:20:00,135,5,99
2023-12-21 12:25:00,141,5,99
2023-12-21 12:30:00,126,5,101
2023-12-21 12:35:00,128,5,97
2023-12-21 12:40:00,128,5,99
2023-12-21 12:45:00,140,5,99
2023-12-21 12:50:00,132,4,99
2023-12-21 12:55:00,130,5,97
2023-12-21 13:00:00,140,5,100
2023-12-21 13:05:00,134,5,101
2023-12-21 13:10:00,134,4,103
2023-12-21 13:15:00,142,5,99
2023-12-21 13:20:00,102,3,102
2023-12-21 13:25:00,153,5,103
2023-12-21 13:30:00,138,5,100
2023-12-21 13:35:00,131,4,101
2023-12-21 13:40:00,155,5,100
2023-12-21 13:45:00,142,5,100
2023-12-21 13:50:00,140,5,98
2023-12-21 13:55:00,155,5,102
2023-12-21 14:00:00,138,5,100
2023-12-21 14:05:00,125,4,98
2023-12-21 14:10:00,151,5,104
2023-12-21 14:15:00,127,4,103
2023-12-21 14:20:00,127,4,100
2023-12-21 14:25:00,139,4,106
2023-12-21 14:30:00,147,5,100
2023-12-21 14:35:00,163,5,101
2023-12-21 14:40:00,132,4,101
2023-12-21 14:45:00,154,4,104
2023-12-21 14:50:00,145,5,104
2023-12-21 14:55:00,172,6,103
2023-12-21 15:00:00,142,5,104
2023-12-21 15:05:00,139,5,101
2023-12-21 15:10:00,135,4,104
2023-12-21 15:15:00,160,6,101
2023-12-21 15:20:00,124,3,105
2023-12-21 15:25:00,136,4,103
2023-12-21 15:30:00,156,5,101
2023-12-21 15:35:00,124,4,101
2023-12-21 15:40:00,143,4,103
2023-12-21 15:45:00,150,5,100
2023-12-21 15:50:00,148,5,104
2023-12-21 15:55:00,133,4,103
2023-12-21 16:00:00,133,4,101
2023-12-21 16:05:00,141,4,102
2023-12-21 16:10:00,156,5,102
2023-12-21 16:15:00,109,3,105
2023-12-21 16:20:00,127,4,102
2023-12-21 16:25:00,126,4,102
2023-12-21 16:30:00,124,3,103
2023-12-21 16:35:00,138,4,105
2023-12-21 16:40:00,130,4,104
2023-12-21 16:45:00,131,4,104
2023-12-21 16:50:00,130,4,103
2023-12-21 16:55:00,135,4,105
2023-12-21 17:00:00,109,3,107
2023-12-21 17:05:00,127,4,103
2023-12-21 17:10:00,104,4,102
2023-12-21 17:15:00,122,4,104
2023-12-21 17:20:00,145,5,100
2023-12-21 17:25:00,107,3,102
2023-12-21 17:30:00,122,3,102
2023-12-21 17:35:00,117,4,103
2023-12-21 17:40:00,115,4,101
2023-12-21 17:45:00,117,4,98
2023-12-21 17:50:00,97,3,101
2023-12-21 17:55:00,114,3,99
2023-12-21 18:00:00,106,3,100
2023-12-21 18:05:00,114,4,98
2023-12-21 18:10:00,110,3,102
2023-12-21 18:15:00,116,4,99
2023-12-21 18:20:00,94,3,96
2023-12-21 18:25:00,117,4,100
2023-12-21 18:30:00,85,2,101
2023-12-21 18:35:00,85,3,100
2023-12-21 18:40:00,117,4,98
2023-12-21 18:45:00,103,3,100
2023-12-21 18:50:00,77,2,102
2023-12-21 18:55:00,85,3,98
2023-12-21 19:00:00,75,2,101
2023-12-21 19:05:00,86,3,100
2023-12-21 19:10:00,82,3,103
2023-12-21 19:15:00,72,2,100
2023-12-21 19:20:00,90,3,98
2023-12-21 19:25:00,71,2,99
2023-12-21 19:30:00,77,3,99
2023-12-21 19:35:00,71,2,101
2023-12-21 19:40:00,60,2,97
2023-12-21 19:45:00,66,2,102
2023-12-21 19:50:00,58,2,96
2023-12-21 19:55:00,70,2,102
2023-12-21 20:00:00,50,2,101
2023-12-21 20:05:00,58,2,99
2023-12-21 20:10:00,72,3,100
2023-12-21 20:15:00,65,3,98
2023-12-21 20:20:00,63,2,99
2023-12-21 20:25:00,61,2,101
2023-12-21 20:30:00,44,1,103
2023-12-21 20:35:00,55,2,98
2023-12-21 20:40:00,64,2,98
2023-12-21 20:45:00,52,2,102
2023-12-21 20:50:00,64,3,101
2023-12-21 20:55:00,48,1,102
2023-12-21 21:00:00,46,2,96
2023-12-21 21:05:00,46,2,98
2023-12-21 21:10:00,44,2,99
2023-12-21 21:15:00,65,2,106
2023-12-21 21:20:00,55,2,94
2023-12-21 21:25:00,38,2,98
2023-12-21 21:30:00,44,2,94
2023-12-21 21:35:00,40,2,100
2023-12-21 21:40:00,45,2,93
2023-12-21 21:45:00,45,2,94
2023-12-21 21:50:00,58,2,100
2023-12-21 21:55:00,45,2,99
2023-12-21 22:00:00,55,3,96
2023-12-21 22:05:00,52,2,103
2023-12-21 22:10:00,46,2,100
2023-12-21 22:15:00,44,2,103
2023-12-21 22:20:00,34,1,102
2023-12-21 22:25:00,47,2,95
2023-12-21 22:30:00,37,2,93
2023-12-21 22:35:00,37,2,92
2023-12-21 22:40:00,36,1,99
2023-12-21 22:45:00,40,2,105
2023-12-21 22:50:00,45,2,98
2023-12-21 22:55:00,42,2,94
2023-12-21 23:00:00,37,2,97
2023-12-21 23:05:00,39,2,95
2023-12-21 23:10:00,50,3,91
2023-12-21 23:15:00,49,2,99
2023-12-21 23:20:00,28,1,101
2023-12-21 23:25:00,37,2,99
2023-12-21 23:30:00,38,2,99
2023-12-21 23:35:00,33,2,91
2023-12-21 23:40:00,24,2,90
2023-12-21 23:45:00,27,2,89
2023-12-21 23:50:00,28,2,93
2023-12-21 23:55:00,32,2,94
2023-12-22 00:00:00,33,2,93
2023-12-22 00:05:00,30,2,93
2023-12-22 00:10:00,25,1,103
2023-12-22 00:15:00,25,2,91
2023-12-22 00:20:00,23,2,89
2023-12-22 00:25:00,17,2,86
2023-12-22 00:30:00,21,1,88
2023-12-22 00:35:00,25,2,92
2023-12-22 00:40:00,29,3,93
2023-12-22 00:45:00,15,2,94
2023-12-22 00:50:00,15,1,92
2023-12-22 00:55:00,17,2,89
2023-12-22 01:00:00,24,2,90
2023-12-22 01:05:00,23,1,90
2023-12-22 01:10:00,15,2,92
2023-12-22 01:15:00,17,1,85
2023-12-22 01:20:00,19,1,90
2023-12-22 01:25:00,17,1,96
2023-12-22 01:30:00,14,2,87
2023-12-22 01:35:00,15,1,96
2023-12-22 01:40:00,19,2,97
2023-12-22 01:45:00,17,2,88
2023-12-22 01:50:00,20,2,89
2023-12-22 01:55:00,11,2,87
2023-12-22 02:00:00,16,2,87
2023-12-22 02:05:00,14,1,86
2023-12-22 02:10:00,20,2,85
2023-12-22 02:15:00,15,2,88
2023-12-22 02:20:00,15,2,88
2023-12-22 02:25:00,21,2,88
2023-12-22 02:30:00,12,1,88
2023-12-22 02:35:00,8,2,80
2023-12-22 02:40:00,15,1,89
2023-12-22 02:45:00,12,1,87
2023-12-22 02:50:00,14,2,88
2023-12-22 02:55:00,22,1,92
2023-12-22 03:00:00,17,2,82
2023-12-22 03:05:00,12,2,81
2023-12-22 03:10:00,17,2,94
2023-12-22 03:15:00,13,2,86
2023-12-22 03:20:00,17,2,87
2023-12-22 03:25:00,19,2,84
2023-12-22 03:30:00,18,2,91
2023-12-22 03:35:00,13,1,87
2023-12-22 03:40:00,18,2,87
2023-12-22 03:45:00,30,3,85
2023-12-22 03:50:00,16,2,83
2023-12-22 03:55:00,19,3,86
2023-12-22 04:00:00,22,1,86
2023-12-22 04:05:00,18,2,83
2023-12-22 04:10:00,20,3,86
2023-12-22 04:15:00,21,2,88
2023-12-22 04:20:00,23,3,82
2023-12-22 04:25:00,30,2,89
2023-12-22 04:30:00,31,2,81
2023-12-22 04:35:00,23,2,85
2023-12-22 04:40:00,22,2,81
2023-12-22 04:45:00,28,2,85
2023-12-22 04:50:00,35,3,78
2023-12-22 04:55:00,20,2,89
2023-12-22 05:00:00,34,3,85
2023-12-22 05:05:00,41,3,89
2023-12-22 05:10:00,43,3,81
2023-12-22 05:15:00,45,4,85
2023-12-22 05:20:00,33,2,85
2023-12-22 05:25:00,37,3,89
2023-12-22 05:30:00,42,3,86
2023-12-22 05:35:00,58,3,86
2023-12-22 05:40:00,40,3,86
2023-12-22 05:45:00,52,4,86
2023-12-22 05:50:00,46,3,89
2023-12-22 05:55:00,57,3,88
2023-12-22 06:00:00,53,4,88
2023-12-22 06:05:00,53,3,90
2023-12-22 06:10:00,43,3,90
2023-12-22 06:15:00,47,3,87
2023-12-22 06:20:00,52,4,85
2023-12-22 06:25:00,58,3,90
2023-12-22 06:30:00,62,3,90
2023-12-22 06:35:00,73,3,95
2023-12-22 06:40:00,60,3,93
2023-12-22 06:45:00,57,4,91
2023-12-22 06:50:00,58,3,92
2023-12-22 06:55:00,44,2,89
2023-12-22 07:00:00,65,3,94
2023-12-22 07:05:00,56,3,90
2023-12-22 07:10:00,75,3,89
2023-12-22 07:15:00,63,3,95
2023-12-22 07:20:00,59,4,91
2023-12-22 07:25:00,50,2,91
2023-12-22 07:30:00,75,3,93
2023-12-22 07:35:00,71,3,95
2023-12-22 07:40:00,62,2,98
2023-12-22 07:45:00,59,2,97
2023-12-22 07:50:00,58,3,94
2023-12-22 07:55:00,73,3,98
2023-12-22 08:00:00,66,3,93
2023-12-22 08:05:00,65,3,98
2023-12-22 08:10:00,73,3,101
2023-12-22 08:15:00,60,2,100
2023-12-22 08:20:00,91,3,100
2023-12-22 08:25:00,74,2,99
2023-12-22 08:30:00,77,2,103
2023-12-22 08:35:00,74,3,100
2023-12-22 08:40:00,77,3,100
2023-12-22 08:45:00,81,3,102
2023-12-22 08:50:00,91,3,103
2023-12-22 08:55:00,102,4,100
2023-12-22 09:00:00,83,4,97
2023-12-22 09:05:00,100,3,105
2023-12-22 09:10:00,77,3,99
2023-12-22 09:15:00,88,3,98
2023-12-22 09:20:00,100,3,104
2023-12-22 09:25:00,91,3,100
2023-12-22 09:30:00,105,3,103
2023-12-22 09:35:00,121,4,101
2023-12-22 09:40:00,117,4,102
2023-12-22 09:45:00,116,4,101
2023-12-22 09:50:00,119,4,101
2023-12-22 09:55:00,103,3,104
2023-12-22 10:00:00,114,3,103
2023-12-22 10:05:00,125,4,106
2023-12-22 10:10:00,106,4,103
2023-12-22 10:15:00,115,4,104
2023-12-22 10:20:00,102,3,103
2023-12-22 10:25:00,106,4,103
2023-12-22 10:30:00,112,4,100
2023-12-22 10:35:00,122,4,102
2023-12-22 10:40:00,105,3,101
2023-12-22 10:45:00,118,4,102
2023-12-22 10:50:00,131,4,102
2023-12-22 10:55:00,129,4,105
2023-12-22 11:00:00,114,3,104
2023-12-22 11:05:00,114,4,102
2023-12-22 11:10:00,113,3,105
2023-12-22 11:15:00,153,5,102
2023-12-22 11:20:00,147,5,103
2023-12-22 11:25:00,127,4,105
2023-12-22 11:30:00,140,5,104
2023-12-22 11:35:00,128,4,101
2023-12-22 11:40:00,148,5,103
2023-12-22 11:45:00,109,4,104
2023-12-22 11:50:00,132,4,107
2023-12-22 11:55:00,123,4,103
2023-12-22 12:00:00,136,4,102
2023-12-22 12:05:00,108,4,105
2023-12-22 12:10:00,142,4,100
2023-12-22 12:15:00,145,5,101
2023-12-22 12:20:00,160,5,101
2023-12-22 12:25:00,152,5,102
2023-12-22 12:30:00,151,5,104
2023-12-22 12:35:00,129,4,101
2023-12-22 12:40:00,166,6,101
2023-12-22 12:45:00,150,5,104
2023-12-22 12:50:00,159,5,103
2023-12-22 12:55:00,151,5,104
2023-12-22 13:00:00,150,5,100
2023-12-22 13:05:00,149,5,103
2023-12-22 13:10:00,117,4,104
2023-12-22 13:15:00,180,6,102
2023-12-22 13:20:00,157,5,103
2023-12-22 13:25:00,180,6,99
2023-12-22 13:30:00,148,5,100
2023-12-22 13:35:00,134,4,105
2023-12-22 13:40:00,160,5,102
2023-12-22 13:45:00,139,4,104
2023-12-22 13:50:00,159,5,106
2023-12-22 13:55:00,160,5,104
2023-12-22 14:00:00,165,5,102
2023-12-22 14:05:00,188,6,105
2023-12-22 14:10:00,159,5,104
2023-12-22 14:15:00,172,5,103
2023-12-22 14:20:00,172,6,102
2023-12-22 14:25:00,188,6,104
2023-12-22 14:30:00,186,6,104
2023-12-22 14:35:00,222,7,105
2023-12-22 14:40:00,207,7,101
2023-12-22 14:45:00,213,6,104
2023-12-22 14:50:00,192,6,102
2023-12-22 14:55:00,183,5,103
2023-12-22 15:00:00,199,6,104
2023-12-22 15:05:00,219,7,105
2023-12-22 15:10:00,198,6,104
2023-12-22 15:15:00,207,6,105
2023-12-22 15:20:00,174,5,104
2023-12-22 15:25:00,212,6,103
2023-12-22 15:30:00,253,8,101
2023-12-22 15:35:00,234,7,103
2023-12-22 15:40:00,173,5,104
2023-12-22 15:45:00,197,6,103
2023-12-22 15:50:00,198,6,105
2023-12-22 15:55:00,163,5,103
2023-12-22 16:00:00,141,4,104
2023-12-22 16:05:00,172,5,107
2023-12-22 16:10:00,200,6,104
2023-12-22 16:15:00,146,4,102
2023-12-22 16:20:00,193,5,106
2023-12-22 16:25:00,161,4,108
2023-12-22 16:30:00,225,7,104
2023-12-22 16:35:00,191,5,106
2023-12-22 16:40:00,167,5,109
2023-12-22 16:45:00,205,6,107
2023-12-22 16:50:00,217,6,108
2023-12-22 16:55:00,168,5,102
2023-12-22 17:00:00,181,5,105
2023-12-22 17:05:00,204,6,107
2023-12-22 17:10:00,172,5,103
2023-12-22 17:15:00,194,5,104
2023-12-22 17:20:00,235,6,104
2023-12-22 17:25:00,193,5,102
2023-12-22 17:30:00,170,5,104
2023-12-22 17:35:00,143,4,104
2023-12-22 17:40:00,185,5,100
2023-12-22 17:45:00,218,6,100
2023-12-22 17:50:00,187,5,103
2023-12-22 17:55:00,172,5,100
2023-12-22 18:00:00,156,4,103
2023-12-22 18:05:00,185,5,100
2023-12-22 18:10:00,171,5,105
2023-12-22 18:15:00,176,5,99
2023-12-22 18:20:00,148,4,104
2023-12-22 18:25:00,172,5,104
2023-12-22 18:30:00,153,4,105
2023-12-22 18:35:00,169,5,103
2023-12-22 18:40:00,150,4,105
2023-12-22 18:45:00,154,4,106
2023-12-22 18:50:00,196,5,104
2023-12-22 18:55:00,154,4,102
2023-12-22 19:00:00,193,6,103
2023-12-22 19:05:00,151,4,106
2023-12-22 19:10:00,170,4,106
2023-12-22 19:15:00,139,4,105
2023-12-22 19:20:00,150,4,103
2023-12-22 19:25:00,120,3,107
2023-12-22 19:30:00,125,4,101
2023-12-22 19:35:00,151,4,105
2023-12-22 19:40:00,140,4,105
2023-12-22 19:45:00,129,4,103
2023-12-22 19:50:00,169,5,105
2023-12-22 19:55:00,176,5,103
2023-12-22 20:00:00,134,4,106
2023-12-22 20:05:00,145,4,106
2023-12-22 20:10:00,140,3,110
2023-12-22 20:15:00,142,4,102
2023-12-22 20:20:00,161,4,106
2023-12-22 20:25:00,116,3,103
2023-12-22 20:30:00,147,4,102
2023-12-22 20:35:00,95,2,109
2023-12-22 20:40:00,134,4,102
2023-12-22 20:45:00,97,3,105
2023-12-22 20:50:00,88,2,106
2023-12-22 20:55:00,77,2,110
2023-12-22 21:00:00,105,3,106
2023-12-22 21:05:00,73,2,103
2023-12-22 21:10:00,109,3,106
2023-12-22 21:15:00,84,2,103
2023-12-22 21:20:00,110,3,106
2023-12-22 21:25:00,94,3,104
2023-12-22 21:30:00,94,2,104
2023-12-22 21:35:00,101,2,106
2023-12-22 21:40:00,136,4,103
2023-12-22 21:45:00,81,2,102
2023-12-22 21:50:00,88,2,102
2023-12-22 21:55:00,88,2,103
2023-12-22 22:00:00,100,3,101
2023-12-22 22:05:00,124,4,108
2023-12-22 22:10:00,88,3,103
2023-12-22 22:15:00,100,3,100
2023-12-22 22:20:00,95,3,103
2023-12-22 22:25:00,76,2,104
2023-12-22 22:30:00,78,2,101
2023-12-22 22:35:00,89,2,103
2023-12-22 22:40:00,69,2,101
2023-12-22 22:45:00,84,2,105
2023-12-22 22:50:00,68,2,101
2023-12-22 22:55:00,67,2,101
2023-12-22 23:00:00,47,1,100
2023-12-22 23:05:00,74,2,99
2023-12-22 23:10:00,77,2,104
2023-12-22 23:15:00,73,2,103
2023-12-22 23:20:00,61,2,110
2023-12-22 23:25:00,59,2,106
2023-12-22 23:30:00,55,2,105
2023-12-22 23:35:00,52,1,107
2023-12-22 23:40:00,70,2,99
2023-12-22 23:45:00,47,2,106
2023-12-22 23:50:00,46,2,99
2023-12-22 23:55:00,53,2,100
2023-12-23 00:00:00,50,2,97
2023-12-23 00:05:00,49,2,94
2023-12-23 00:10:00,50,2,102
2023-12-23 00:15:00,48,2,100
2023-12-23 00:20:00,39,2,93
2023-12-23 00:25:00,30,1,105
2023-12-23 00:30:00,47,1,102
2023-12-23 00:35:00,44,1,101
2023-12-23 00:40:00,37,2,91
2023-12-23 00:45:00,35,1,105
2023-12-23 00:50:00,35,1,106
2023-12-23 00:55:00,24,1,99
2023-12-23 01:00:00,33,2,97
2023-12-23 01:05:00,29,2,96
2023-12-23 01:10:00,31,1,98
2023-12-23 01:15:00,30,2,102
2023-12-23 01:20:00,33,2,95
2023-12-23 01:25:00,35,1,105
2023-12-23 01:30:00,22,1,92
2023-12-23 01:35:00,24,2,96
2023-12-23 01:40:00,28,1,95
2023-12-23 01:45:00,13,2,95
2023-12-23 01:50:00,24,1,102
2023-12-23 01:55:00,18,1,95
2023-12-23 02:00:00,25,1,97
2023-12-23 02:05:00,15,1,93
2023-12-23 02:10:00,16,1,92
2023-12-23 02:15:00,20,1,96
2023-12-23 02:20:00,26,1,98
2023-12-23 02:25:00,21,1,92
2023-12-23 02:30:00,17,2,89
2023-12-23 02:35:00,18,2,94
2023-12-23 02:40:00,13,1,93
2023-12-23 02:45:00,12,1,95
2023-12-23 02:50:00,18,2,87
2023-12-23 02:55:00,18,2,96
2023-12-23 03:00:00,18,1,94
2023-12-23 03:05:00,12,2,89
2023-12-23 03:10:00,24,1,102
2023-12-23 03:15:00,23,2,89
2023-12-23 03:20:00,18,2,91
2023-12-23 03:25:00,26,2,100
2023-12-23 03:30:00,18,2,90
2023-12-23 03:35:00,14,1,99
2023-12-23 03:40:00,15,1,90
2023-12-23 03:45:00,17,2,82
2023-12-23 03:50:00,17,2,87
2023-12-23 03:55:00,17,1,87
2023-12-23 04:00:00,24,2,91
2023-12-23 04:05:00,20,2,88
2023-12-23 04:10:00,29,2,82
2023-12-23 04:15:00,30,2,88
2023-12-23 04:20:00,22,2,86
2023-12-23 04:25:00,19,2,91
2023-12-23 04:30:00,31,2,88
2023-12-23 04:35:00,16,2,89
2023-12-23 04:40:00,17,2,87
2023-12-23 04:45:00,24,1,88
2023-12-23 04:50:00,25,2,87
2023-12-23 04:55:00,29,2,91
2023-12-23 05:00:00,34,2,89
2023-12-23 05:05:00,18,2,83
2023-12-23 05:10:00,24,2,86
2023-12-23 05:15:00,29,2,88
2023-12-23 05:20:00,30,2,87
2023-12-23 05:25:00,35,3,90
2023-12-23 05:30:00,39,2,94
2023-12-23 05:35:00,44,2,91
2023-12-23 05:40:00,39,2,90
2023-12-23 05:45:00,36,3,90
2023-12-23 05:50:00,39,2,89
2023-12-23 05:55:00,35,3,90
2023-12-23 06:00:00,41,2,92
2023-12-23 06:05:00,31,2,91
2023-12-23 06:10:00,35,2,93
2023-12-23 06:15:00,53,2,93
2023-12-23 06:20:00,48,2,94
2023-12-23 06:25:00,37,3,88
2023-12-23 06:30:00,42,2,94
2023-12-23 06:35:00,42,2,98
2023-12-23 06:40:00,32,2,98
2023-12-23 06:45:00,48,2,94
2023-12-23 06:50:00,44,2,90
2023-12-23 06:55:00,51,3,90
2023-12-23 07:00:00,48,2,94
2023-12-23 07:05:00,50,2,99
2023-12-23 07:10:00,39,2,92
2023-12-23 07:15:00,54,2,96
2023-12-23 07:20:00,50,2,97
2023-12-23 07:25:00,46,2,96
2023-12-23 07:30:00,55,2,102
2023-12-23 07:35:00,49,2,102
2023-12-23 07:40:00,50,2,103
2023-12-23 07:45:00,52,2,102
2023-12-23 07:50:00,43,2,97
2023-12-23 07:55:00,66,2,101
2023-12-23 08:00:00,58,2,105
2023-12-23 08:05:00,59,2,106
2023-12-23 08:10:00,60,2,105
2023-12-23 08:15:00,63,2,103
2023-12-23 08:20:00,70,2,103
2023-12-23 08:25:00,60,2,109
2023-12-23 08:30:00,67,2,106
2023-12-23 08:35:00,66,2,104
2023-12-23 08:40:00,84,2,107
2023-12-23 08:45:00,73,2,106
2023-12-23 08:50:00,71,2,100
2023-12-23 08:55:00,82,2,104
2023-12-23 09:00:00,86,3,108
2023-12-23 09:05:00,77,2,103
2023-12-23 09:10:00,88,2,108
2023-12-23 09:15:00,87,3,103
2023-12-23 09:20:00,120,3,107
2023-12-23 09:25:00,99,3,106
2023-12-23 09:30:00,106,3,105
2023-12-23 09:35:00,105,3,105
2023-12-23 09:40:00,110,3,112
2023-12-23 09:45:00,140,4,109
2023-12-23 09:50:00,134,4,108
2023-12-23 09:55:00,131,4,107
2023-12-23 10:00:00,145,4,111
2023-12-23 10:05:00,134,3,111
2023-12-23 10:10:00,130,3,109
2023-12-23 10:15:00,149,4,107
2023-12-23 10:20:00,174,4,108
2023-12-23 10:25:00,133,3,110
2023-12-23 10:30:00,186,5,111
2023-12-23 10:35:00,147,3,114
2023-12-23 10:40:00,216,5,109
2023-12-23 10:45:00,147,4,111
2023-12-23 10:50:00,174,4,111
2023-12-23 10:55:00,187,5,110
2023-12-23 11:00:00,194,5,110
2023-12-23 11:05:00,198,5,112
2023-12-23 11:10:00,203,5,109
2023-12-23 11:15:00,225,6,107
2023-12-23 11:20:00,212,6,107
2023-12-23 11:25:00,263,7,108
2023-12-23 11:30:00,223,6,111
2023-12-23 11:35:00,204,5,108
2023-12-23 11:40:00,244,7,106
2023-12-23 11:45:00,169,4,111
2023-12-23 11:50:00,261,7,108
2023-12-23 11:55:00,228,6,111
2023-12-23 12:00:00,211,6,108
2023-12-23 12:05:00,262,7,108
2023-12-23 12:10:00,253,7,111
2023-12-23 12:15:00,226,6,107
2023-12-23 12:20:00,237,6,108
2023-12-23 12:25:00,235,6,107
2023-12-23 12:30:00,241,7,109
2023-12-23 12:35:00,244,7,109
2023-12-23 12:40:00,223,6,110
2023-12-23 12:45:00,233,6,106
2023-12-23 12:50:00,239,6,107
2023-12-23 12:55:00,240,6,110
2023-12-23 13:00:00,271,7,104
2023-12-23 13:05:00,217,6,108
2023-12-23 13:10:00,212,5,108
2023-12-23 13:15:00,253,7,107
2023-12-23 13:20:00,231,6,108
2023-12-23 13:25:00,246,6,103
2023-12-23 13:30:00,246,6,109
2023-12-23 13:35:00,242,6,108
2023-12-23 13:40:00,264,7,107
2023-12-23 13:45:00,245,6,107
2023-12-23 13:50:00,252,7,108
2023-12-23 13:55:00,250,6,107
2023-12-23 14:00:00,229,6,106
2023-12-23 14:05:00,229,6,111
2023-12-23 14:10:00,243,6,109
2023-12-23 14:15:00,251,7,106
2023-12-23 14:20:00,256,7,109
2023-12-23 14:25:00,213,5,109
2023-12-23 14:30:00,217,6,107
2023-12-23 14:35:00,273,7,104
2023-12-23 14:40:00,221,6,104
2023-12-23 14:45:00,286,7,105
2023-12-23 14:50:00,278,7,103
2023-12-23 14:55:00,261,7,104
2023-12-23 15:00:00,258,7,107
2023-12-23 15:05:00,254,7,105
2023-12-23 15:10:00,269,7,106
2023-12-23 15:15:00,258,7,107
2023-12-23 15:20:00,274,7,103
2023-12-23 15:25:00,246,6,107
2023-12-23 15:30:00,251,6,108
2023-12-23 15:35:00,235,6,106
2023-12-23 15:40:00,241,6,103
2023-12-23 15:45:00,265,7,104
2023-12-23 15:50:00,264,7,103
2023-12-23 15:55:00,239,6,107
2023-12-23 16:00:00,198,5,109
2023-12-23 16:05:00,235,6,107
2023-12-23 16:10:00,267,7,107
2023-12-23 16:15:00,208,5,108
2023-12-23 16:20:00,228,6,108
2023-12-23 16:25:00,249,6,107
2023-12-23 16:30:00,200,5,107
2023-12-23 16:35:00,225,6,107
2023-12-23 16:40:00,236,6,105
2023-12-23 16:45:00,277,7,109
2023-12-23 16:50:00,167,4,108
2023-12-23 16:55:00,197,5,106
2023-12-23 17:00:00,231,6,106
2023-12-23 17:05:00,195,5,107
2023-12-23 17:10:00,217,5,107
2023-12-23 17:15:00,195,5,105
2023-12-23 17:20:00,171,4,107
2023-12-23 17:25:00,197,5,105
2023-12-23 17:30:00,195,5,104
2023-12-23 17:35:00,203,5,105
2023-12-23 17:40:00,164,4,104
2023-12-23 17:45:00,123,4,99
2023-12-23 17:50:00,193,6,102
2023-12-23 17:55:00,84,2,109
2023-12-23 18:00:00,117,3,107
2023-12-23 18:05:00,107,2,112
2023-12-23 18:10:00,103,2,112
2023-12-23 18:15:00,127,3,102
2023-12-23 18:20:00,105,2,108
2023-12-23 18:25:00,115,3,113
2023-12-23 18:30:00,106,2,107
2023-12-23 18:35:00,106,3,103
2023-12-23 18:40:00,109,3,110
2023-12-23 18:45:00,115,3,106
2023-12-23 18:50:00,103,2,112
2023-12-23 18:55:00,105,3,108
2023-12-23 19:00:00,163,4,103
2023-12-23 19:05:00,85,2,107
2023-12-23 19:10:00,106,3,107
2023-12-23 19:15:00,99,2,103
2023-12-23 19:20:00,122,3,104
2023-12-23 19:25:00,117,3,107
2023-12-23 19:30:00,107,3,106
2023-12-23 19:35:00,134,4,103
2023-12-23 19:40:00,180,5,105
2023-12-23 19:45:00,124,3,104
2023-12-23 19:50:00,70,2,102
2023-12-23 19:55:00,81,2,106
2023-12-23 20:00:00,79,2,106
2023-12-23 20:05:00,65,2,103
2023-12-23 20:10:00,89,2,106
2023-12-23 20:15:00,65,2,104
2023-12-23 20:20:00,94,2,110
2023-12-23 20:25:00,80,2,109
2023-12-23 20:30:00,74,2,105
2023-12-23 20:35:00,80,2,107
2023-12-23 20:40:00,81,2,106
2023-12-23 20:45:00,58,2,101
2023-12-23 20:50:00,67,2,102
2023-12-23 20:55:00,69,2,104
2023-12-23 21:00:00,79,2,106
2023-12-23 21:05:00,65,2,103
2023-12-23 21:10:00,65,1,108
2023-12-23 21:15:00,82,2,102
2023-12-23 21:20:00,57,2,101
2023-12-23 21:25:00,66,2,102
2023-12-23 21:30:00,56,2,104
2023-12-23 21:35:00,64,2,102
2023-12-23 21:40:00,52,1,105
2023-12-23 21:45:00,49,1,107
2023-12-23 21:50:00,51,2,101
2023-12-23 21:55:00,54,1,104
2023-12-23 22:00:00,47,1,110
2023-12-23 22:05:00,63,2,106
2023-12-23 22:10:00,52,1,106
2023-12-23 22:15:00,57,2,104
2023-12-23 22:20:00,67,2,108
2023-12-23 22:25:00,42,1,106
2023-12-23 22:30:00,39,1,101
2023-12-23 22:35:00,35,1,102
2023-12-23 22:40:00,47,1,111
2023-12-23 22:45:00,45,1,101
2023-12-23 22:50:00,46,1,107
2023-12-23 22:55:00,33,1,103
2023-12-23 23:00:00,46,1,107
2023-12-23 23:05:00,36,1,107
2023-12-23 23:10:00,38,1,96
2023-12-23 23:15:00,23,1,100
2023-12-23 23:20:00,35,1,106
2023-12-23 23:25:00,36,1,104
2023-12-23 23:30:00,25,1,110
2023-12-23 23:35:00,30,1,108
2023-12-23 23:40:00,14,1,94
2023-12-23 23:45:00,34,1,108
2023-12-23 23:50:00,30,1,102
2023-12-23 23:55:00,18,0,99
2023-12-24 00:00:00,15,1,101
2023-12-24 00:05:00,20,1,100
2023-12-24 00:10:00,22,1,104
2023-12-24 00:15:00,16,1,101
2023-12-24 00:20:00,23,1,103
2023-12-24 00:25:00,17,1,92
2023-12-24 00:30:00,15,0,94
2023-12-24 00:35:00,9,0,95
2023-12-24 00:40:00,15,1,99
2023-12-24 00:45:00,19,1,101
2023-12-24 00:50:00,19,1,104
2023-12-24 00:55:00,13,1,103
2023-12-24 01:00:00,12,1,96
2023-12-24 01:05:00,13,1,101
2023-12-24 01:10:00,11,0,101
2023-12-24 01:15:00,9,1,107
2023-12-24 01:20:00,17,1,102
2023-12-24 01:25:00,17,1,96
2023-12-24 01:30:00,13,1,92
2023-12-24 01:35:00,13,1,100
2023-12-24 01:40:00,14,1,97
2023-12-24 01:45:00,9,0,106
2023-12-24 01:50:00,6,0,112
2023-12-24 01:55:00,9,1,86
2023-12-24 02:00:00,7,1,91
2023-12-24 02:05:00,12,0,105
2023-12-24 02:10:00,12,1,97
2023-12-24 02:15:00,6,1,98
2023-12-24 02:20:00,8,1,85
2023-12-24 02:25:00,10,1,92
2023-12-24 02:30:00,5,1,97
2023-12-24 02:35:00,11,1,102
2023-12-24 02:40:00,8,1,93
2023-12-24 02:45:00,6,1,92
2023-12-24 02:50:00,7,1,101
2023-12-24 02:55:00,8,1,95
2023-12-24 03:00:00,13,2,90
2023-12-24 03:05:00,10,1,109
2023-12-24 03:10:00,9,1,104
2023-12-24 03:15:00,6,1,90
2023-12-24 03:20:00,4,1,95
2023-12-24 03:25:00,7,1,95
2023-12-24 03:30:00,6,1,104
2023-12-24 03:35:00,6,0,107
2023-12-24 03:40:00,8,1,97
2023-12-24 03:45:00,9,1,95
2023-12-24 03:50:00,2,1,77
2023-12-24 03:55:00,8,1,96
2023-12-24 04:00:00,2,1,88
2023-12-24 04:05:00,6,1,83
2023-12-24 04:10:00,9,1,97
2023-12-24 04:15:00,10,2,97
2023-12-24 04:20:00,3,0,100
2023-12-24 04:25:00,8,1,104
2023-12-24 04:30:00,7,1,99
2023-12-24 04:35:00,4,2,95
2023-12-24 04:40:00,7,1,98
2023-12-24 04:45:00,7,1,86
2023-12-24 04:50:00,4,1,99
2023-12-24 04:55:00,6,1,94
2023-12-24 05:00:00,11,1,94
2023-12-24 05:05:00,12,1,94
2023-12-24 05:10:00,9,1,102
2023-12-24 05:15:00,9,1,90
2023-12-24 05:20:00,8,1,90
2023-12-24 05:25:00,5,1,99
2023-12-24 05:30:00,5,1,92
2023-12-24 05:35:00,15,1,94
2023-12-24 05:40:00,12,1,94
2023-12-24 05:45:00,8,0,95
2023-12-24 05:50:00,18,1,96
2023-12-24 05:55:00,11,1,90
2023-12-24 06:00:00,12,1,102
2023-12-24 06:05:00,14,1,94
2023-12-24 06:10:00,14,1,98
2023-12-24 06:15:00,12,1,105
2023-12-24 06:20:00,11,0,99
2023-12-24 06:25:00,17,1,103
2023-12-24 06:30:00,16,1,100
2023-12-24 06:35:00,13,1,102
2023-12-24 06:40:00,18,1,100
2023-12-24 06:45:00,19,1,103
2023-12-24 06:50:00,9,0,103
2023-12-24 06:55:00,18,0,103
2023-12-24 07:00:00,17,1,95
2023-12-24 07:05:00,13,1,103
2023-12-24 07:10:00,15,1,97
2023-12-24 07:15:00,19,1,99
2023-12-24 07:20:00,22,1,102
2023-12-24 07:25:00,19,1,89
2023-12-24 07:30:00,18,1,105
2023-12-24 07:35:00,13,1,100
2023-12-24 07:40:00,23,1,109
2023-12-24 07:45:00,20,1,100
2023-12-24 07:50:00,21,1,105
2023-12-24 07:55:00,30,1,100
2023-12-24 08:00:00,23,1,104
2023-12-24 08:05:00,26,1,105
2023-12-24 08:10:00,32,1,106
2023-12-24 08:15:00,26,1,101
2023-12-24 08:20:00,32,1,105
2023-12-24 08:25:00,27,1,107
2023-12-24 08:30:00,31,1,107
2023-12-24 08:35:00,40,1,105
2023-12-24 08:40:00,34,1,104
2023-12-24 08:45:00,40,1,100
2023-12-24 08:50:00,33,1,107
2023-12-24 08:55:00,51,1,115
2023-12-24 09:00:00,42,2,101
2023-12-24 09:05:00,40,1,101
2023-12-24 09:10:00,62,2,110
2023-12-24 09:15:00,64,2,110
2023-12-24 09:20:00,69,2,105
2023-12-24 09:25:00,64,1,110
2023-12-24 09:30:00,58,2,104
2023-12-24 09:35:00,62,2,101
2023-12-24 09:40:00,71,2,110
2023-12-24 09:45:00,85,2,109
2023-12-24 09:50:00,79,2,110
2023-12-24 09:55:00,115,3,108
2023-12-24 10:00:00,85,2,107
2023-12-24 10:05:00,80,2,112
2023-12-24 10:10:00,91,2,109
2023-12-24 10:15:00,100,2,106
2023-12-24 10:20:00,131,3,103
2023-12-24 10:25:00,118,3,108
2023-12-24 10:30:00,123,3,110
2023-12-24 10:35:00,113,3,106
2023-12-24 10:40:00,145,3,110
2023-12-24 10:45:00,138,3,113
2023-12-24 10:50:00,146,3,112
2023-12-24 10:55:00,155,3,110
2023-12-24 11:00:00,140,3,108
2023-12-24 11:05:00,158,4,109
2023-12-24 11:10:00,164,4,108
2023-12-24 11:15:00,158,4,108
2023-12-24 11:20:00,157,4,107
2023-12-24 11:25:00,155,3,110
2023-12-24 11:30:00,148,3,107
2023-12-24 11:35:00,198,5,107
2023-12-24 11:40:00,172,4,110
2023-12-24 11:45:00,176,4,108
2023-12-24 11:50:00,178,4,110
2023-12-24 11:55:00,164,4,112
2023-12-24 12:00:00,195,5,110
2023-12-24 12:05:00,143,3,110
2023-12-24 12:10:00,194,5,105
2023-12-24 12:15:00,171,4,107
2023-12-24 12:20:00,153,4,105
2023-12-24 12:25:00,195,5,109
2023-12-24 12:30:00,217,5,108
2023-12-24 12:35:00,172,4,110
2023-12-24 12:40:00,179,4,111
2023-12-24 12:45:00,150,4,108
2023-12-24 12:50:00,134,3,110
2023-12-24 12:55:00,178,4,108
2023-12-24 13:00:00,160,4,112
2023-12-24 13:05:00,159,4,108
2023-12-24 13:10:00,185,4,109
2023-12-24 13:15:00,162,4,111
2023-12-24 13:20:00,166,4,110
2023-12-24 13:25:00,152,4,109
2023-12-24 13:30:00,150,4,111
2023-12-24 13:35:00,159,4,109
2023-12-24 13:40:00,152,3,110
2023-12-24 13:45:00,164,4,110
2023-12-24 13:50:00,185,4,110
2023-12-24 13:55:00,158,4,109
2023-12-24 14:00:00,221,6,106
2023-12-24 14:05:00,212,5,109
2023-12-24 14:10:00,202,5,110
2023-12-24 14:15:00,176,4,110
2023-12-24 14:20:00,185,4,110
2023-12-24 14:25:00,187,4,110
2023-12-24 14:30:00,220,5,111
2023-12-24 14:35:00,207,5,107
2023-12-24 14:40:00,205,5,108
2023-12-24 14:45:00,241,6,106
2023-12-24 14:50:00,195,4,109
2023-12-24 14:55:00,197,5,112
2023-12-24 15:00:00,176,4,109
2023-12-24 15:05:00,210,5,108
2023-12-24 15:10:00,187,4,110
2023-12-24 15:15:00,201,5,107
2023-12-24 15:20:00,189,4,108
2023-12-24 15:25:00,189,4,109
2023-12-24 15:30:00,207,5,108
2023-12-24 15:35:00,170,4,109
2023-12-24 15:40:00,183,4,110
2023-12-24 15:45:00,217,5,108
2023-12-24 15:50:00,177,4,106
2023-12-24 15:55:00,159,4,109
2023-12-24 16:00:00,163,4,108
2023-12-24 16:05:00,176,4,108
2023-12-24 16:10:00,166,4,112
2023-12-24 16:15:00,175,4,108
2023-12-24 16:20:00,161,4,109
2023-12-24 16:25:00,165,4,112
2023-12-24 16:30:00,151,4,109
2023-12-24 16:35:00,172,4,109
2023-12-24 16:40:00,189,4,109
2023-12-24 16:45:00,174,4,109
2023-12-24 16:50:00,159,4,112
2023-12-24 16:55:00,126,3,110
2023-12-24 17:00:00,123,3,107
2023-12-24 17:05:00,143,3,108
2023-12-24 17:10:00,149,4,107
2023-12-24 17:15:00,136,3,108
2023-12-24 17:20:00,129,3,108
2023-12-24 17:25:00,145,3,109
2023-12-24 17:30:00,128,3,108
2023-12-24 17:35:00,121,3,103
2023-12-24 17:40:00,130,3,106
2023-12-24 17:45:00,115,3,107
2023-12-24 17:50:00,119,3,109
2023-12-24 17:55:00,118,3,101
2023-12-24 18:00:00,115,3,105
2023-12-24 18:05:00,127,3,104
2023-12-24 18:10:00,107,2,105
2023-12-24 18:15:00,116,3,107
2023-12-24 18:20:00,113,3,108
2023-12-24 18:25:00,105,2,106
2023-12-24 18:30:00,91,2,102
2023-12-24 18:35:00,87,2,107
2023-12-24 18:40:00,98,3,107
2023-12-24 18:45:00,98,2,108
2023-12-24 18:50:00,100,3,104
2023-12-24 18:55:00,97,2,105
2023-12-24 19:00:00,77,2,110
2023-12-24 19:05:00,86,2,106
2023-12-24 19:10:00,83,2,105
2023-12-24 19:15:00,85,2,107
2023-12-24 19:20:00,79,2,106
2023-12-24 19:25:00,93,2,108
2023-12-24 19:30:00,91,2,107
2023-12-24 19:35:00,81,2,108
2023-12-24 19:40:00,60,1,108
2023-12-24 19:45:00,67,1,105
2023-12-24 19:50:00,74,2,105
2023-12-24 19:55:00,67,2,105
2023-12-24 20:00:00,66,2,107
2023-12-24 20:05:00,61,1,109
2023-12-24 20:10:00,74,2,107
2023-12-24 20:15:00,73,2,108
2023-12-24 20:20:00,80,2,104
2023-12-24 20:25:00,62,2,103
2023-12-24 20:30:00,70,2,105
2023-12-24 20:35:00,67,2,109
2023-12-24 20:40:00,57,2,105
2023-12-24 20:45:00,52,2,107
2023-12-24 20:50:00,55,1,103
2023-12-24 20:55:00,60,2,104
2023-12-24 21:00:00,48,1,105
2023-12-24 21:05:00,64,2,103
2023-12-24 21:10:00,56,2,105
2023-12-24 21:15:00,66,1,108
2023-12-24 21:20:00,45,2,106
2023-12-24 21:25:00,57,1,108
2023-12-24 21:30:00,61,1,103
2023-12-24 21:35:00,63,2,111
2023-12-24 21:40:00,55,2,106
2023-12-24 21:45:00,54,1,106
2023-12-24 21:50:00,52,1,108
2023-12-24 21:55:00,52,1,103
2023-12-24 22:00:00,58,1,110
2023-12-24 22:05:00,51,1,112
2023-12-24 22:10:00,44,1,111
2023-12-24 22:15:00,40,1,106
2023-12-24 22:20:00,43,1,102
2023-12-24 22:25:00,50,1,107
2023-12-24 22:30:00,36,1,103
2023-12-24 22:35:00,37,1,106
2023-12-24 22:40:00,36,1,102
2023-12-24 22:45:00,33,1,103
2023-12-24 22:50:00,36,1,101
2023-12-24 22:55:00,46,1,108
2023-12-24 23:00:00,40,2,103
2023-12-24 23:05:00,29,1,107
2023-12-24 23:10:00,17,1,100
2023-12-24 23:15:00,40,1,97
2023-12-24 23:20:00,28,1,104
2023-12-24 23:25:00,31,1,105
2023-12-24 23:30:00,38,1,97
2023-12-24 23:35:00,22,1,104
2023-12-24 23:40:00,26,1,107
2023-12-24 23:45:00,17,1,101
2023-12-24 23:50:00,24,1,100
2023-12-24 23:55:00,20,1,101
2023-12-25 00:00:00,24,1,96
2023-12-25 00:05:00,18,1,90
2023-12-25 00:10:00,17,1,96
2023-12-25 00:15:00,22,1,102
2023-12-25 00:20:00,19,1,104
2023-12-25 00:25:00,19,1,95
2023-12-25 00:30:00,20,1,97
2023-12-25 00:35:00,20,1,98
2023-12-25 00:40:00,13,1,100
2023-12-25 00:45:00,15,1,99
2023-12-25 00:50:00,11,1,91
2023-12-25 00:55:00,10,1,92
2023-12-25 01:00:00,16,1,93
2023-12-25 01:05:00,19,1,99
2023-12-25 01:10:00,25,1,101
2023-12-25 01:15:00,10,1,97
2023-12-25 01:20:00,18,1,99
2023-12-25 01:25:00,6,1,104
2023-12-25 01:30:00,10,1,94
2023-12-25 01:35:00,15,1,89
2023-12-25 01:40:00,8,1,97
2023-12-25 01:45:00,8,2,84
2023-12-25 01:50:00,13,1,93
2023-12-25 01:55:00,13,1,98
2023-12-25 02:00:00,8,2,87
2023-12-25 02:05:00,10,1,98
2023-12-25 02:10:00,15,1,98
2023-12-25 02:15:00,18,1,99
2023-12-25 02:20:00,9,1,91
2023-12-25 02:25:00,8,1,78
2023-12-25 02:30:00,7,1,95
2023-12-25 02:35:00,8,1,91
2023-12-25 02:40:00,6,1,100
2023-12-25 02:45:00,11,1,94
2023-12-25 02:50:00,10,1,87
2023-12-25 02:55:00,7,1,85
2023-12-25 03:00:00,7,0,103
2023-12-25 03:05:00,3,1,90
2023-12-25 03:10:00,11,1,104
2023-12-25 03:15:00,14,1,87
2023-12-25 03:20:00,7,1,116
2023-12-25 03:25:00,9,1,88
2023-12-25 03:30:00,4,1,86
2023-12-25 03:35:00,10,1,85
2023-12-25 03:40:00,4,1,93
2023-12-25 03:45:00,5,1,94
2023-12-25 03:50:00,9,1,102
2023-12-25 03:55:00,16,1,89
2023-12-25 04:00:00,9,1,97
2023-12-25 04:05:00,10,1,98
2023-12-25 04:10:00,11,2,84
2023-12-25 04:15:00,11,1,89
2023-12-25 04:20:00,8,1,83
2023-12-25 04:25:00,13,2,87
2023-12-25 04:30:00,10,1,87
2023-12-25 04:35:00,15,1,96
2023-12-25 04:40:00,10,1,80
2023-12-25 04:45:00,12,2,83
2023-12-25 04:50:00,12,1,105
2023-12-25 04:55:00,21,1,96
2023-12-25 05:00:00,15,1,86
2023-12-25 05:05:00,19,1,92
2023-12-25 05:10:00,15,1,101
2023-12-25 05:15:00,18,1,96
2023-12-25 05:20:00,21,1,97
2023-12-25 05:25:00,20,1,93
2023-12-25 05:30:00,23,1,97
2023-12-25 05:35:00,23,2,95
2023-12-25 05:40:00,30,1,98
2023-12-25 05:45:00,26,2,98
2023-12-25 05:50:00,23,2,90
2023-12-25 05:55:00,22,1,89
2023-12-25 06:00:00,24,1,98
2023-12-25 06:05:00,21,1,96
2023-12-25 06:10:00,27,1,95
2023-12-25 06:15:00,26,1,100
2023-12-25 06:20:00,35,1,98
2023-12-25 06:25:00,39,1,99
2023-12-25 06:30:00,34,2,100
2023-12-25 06:35:00,31,1,98
2023-12-25 06:40:00,40,2,94
2023-12-25 06:45:00,31,1,99
2023-12-25 06:50:00,25,1,100
2023-12-25 06:55:00,27,1,93
2023-12-25 07:00:00,21,1,90
2023-12-25 07:05:00,34,1,96
2023-12-25 07:10:00,27,1,101
2023-12-25 07:15:00,29,1,97
2023-12-25 07:20:00,24,1,100
2023-12-25 07:25:00,31,1,99
2023-12-25 07:30:00,34,1,104
2023-12-25 07:35:00,43,1,100
2023-12-25 07:40:00,22,1,96
2023-12-25 07:45:00,34,2,103
2023-12-25 07:50:00,36,2,97
2023-12-25 07:55:00,31,2,99
2023-12-25 08:00:00,35,1,103
2023-12-25 08:05:00,33,2,96
2023-12-25 08:10:00,25,1,102
2023-12-25 08:15:00,28,1,104
2023-12-25 08:20:00,26,2,95
2023-12-25 08:25:00,33,1,105
2023-12-25 08:30:00,42,2,100
2023-12-25 08:35:00,30,1,102
2023-12-25 08:40:00,37,2,103
2023-12-25 08:45:00,35,2,99
2023-12-25 08:50:00,51,2,101
2023-12-25 08:55:00,32,1,101
2023-12-25 09:00:00,51,2,101
2023-12-25 09:05:00,36,2,103
2023-12-25 09:10:00,41,1,104
2023-12-25 09:15:00,45,2,108
2023-12-25 09:20:00,39,1,109
2023-12-25 09:25:00,53,2,103
2023-12-25 09:30:00,35,1,107
2023-12-25 09:35:00,57,2,104
2023-12-25 09:40:00,50,1,107
2023-12-25 09:45:00,61,2,102
2023-12-25 09:50:00,68,2,105
2023-12-25 09:55:00,69,2,102
2023-12-25 10:00:00,86,3,106
2023-12-25 10:05:00,67,2,105
2023-12-25 10:10:00,78,2,108
2023-12-25 10:15:00,89,2,109
2023-12-25 10:20:00,100,3,107
2023-12-25 10:25:00,93,2,111
2023-12-25 10:30:00,107,3,106
2023-12-25 10:35:00,125,3,110
2023-12-25 10:40:00,97,3,105
2023-12-25 10:45:00,129,3,106
2023-12-25 10:50:00,98,3,106
2023-12-25 10:55:00,113,3,109
2023-12-25 11:00:00,113,3,106
2023-12-25 11:05:00,135,3,109
2023-12-25 11:10:00,132,3,106
2023-12-25 11:15:00,141,4,109
2023-12-25 11:20:00,142,4,108
2023-12-25 11:25:00,120,3,107
2023-12-25 11:30:00,141,3,108
2023-12-25 11:35:00,163,5,105
2023-12-25 11:40:00,135,4,106
2023-12-25 11:45:00,121,3,106
2023-12-25 11:50:00,122,3,108
2023-12-25 11:55:00,151,4,108
2023-12-25 12:00:00,152,4,106
2023-12-25 12:05:00,150,4,106
2023-12-25 12:10:00,187,5,107
2023-12-25 12:15:00,157,4,107
2023-12-25 12:20:00,155,4,109
2023-12-25 12:25:00,138,4,111
2023-12-25 12:30:00,180,5,108
2023-12-25 12:35:00,145,3,110
2023-12-25 12:40:00,158,4,106
2023-12-25 12:45:00,144,4,105
2023-12-25 12:50:00,150,4,109
2023-12-25 12:55:00,175,5,106
2023-12-25 13:00:00,139,3,110
2023-12-25 13:05:00,156,4,104
2023-12-25 13:10:00,191,5,106
2023-12-25 13:15:00,150,3,109
2023-12-25 13:20:00,150,4,108
2023-12-25 13:25:00,175,4,110
2023-12-25 13:30:00,147,4,108
2023-12-25 13:35:00,151,4,107
2023-12-25 13:40:00,157,4,108
2023-12-25 13:45:00,175,4,112
2023-12-25 13:50:00,177,5,111
2023-12-25 13:55:00,163,4,111
2023-12-25 14:00:00,206,5,109
2023-12-25 14:05:00,193,5,107
2023-12-25 14:10:00,143,4,105
2023-12-25 14:15:00,216,6,105
2023-12-25 14:20:00,194,5,107
2023-12-25 14:25:00,207,5,109
2023-12-25 14:30:00,226,6,105
2023-12-25 14:35:00,184,5,108
2023-12-25 14:40:00,212,5,109
2023-12-25 14:45:00,187,5,108
2023-12-25 14:50:00,163,4,110
2023-12-25 14:55:00,181,5,108
2023-12-25 15:00:00,217,5,107
2023-12-25 15:05:00,187,5,109
2023-12-25 15:10:00,162,4,107
2023-12-25 15:15:00,200,5,107
2023-12-25 15:20:00,193,5,108
2023-12-25 15:25:00,189,5,107
2023-12-25 15:30:00,184,5,106
2023-12-25 15:35:00,173,4,109
2023-12-25 15:40:00,197,5,106
2023-12-25 15:45:00,194,5,109
2023-12-25 15:50:00,200,5,107
2023-12-25 15:55:00,187,5,107
2023-12-25 16:00:00,196,5,110
2023-12-25 16:05:00,182,4,112
2023-12-25 16:10:00,151,4,109
2023-12-25 16:15:00,187,5,110
2023-12-25 16:20:00,174,4,107
2023-12-25 16:25:00,223,6,106
2023-12-25 16:30:00,170,4,110
2023-12-25 16:35:00,173,4,109
2023-12-25 16:40:00,201,5,106
2023-12-25 16:45:00,162,4,109
2023-12-25 16:50:00,182,5,107
2023-12-25 16:55:00,171,4,110
2023-12-25 17:00:00,188,5,106
2023-12-25 17:05:00,167,4,106
2023-12-25 17:10:00,164,4,107
2023-12-25 17:15:00,153,4,109
2023-12-25 17:20:00,164,4,105
2023-12-25 17:25:00,148,4,107
2023-12-25 17:30:00,171,4,103
2023-12-25 17:35:00,158,4,106
2023-12-25 17:40:00,142,4,104
2023-12-25 17:45:00,159,4,103
2023-12-25 17:50:00,153,4,101
2023-12-25 17:55:00,138,3,103
2023-12-25 18:00:00,138,4,101
2023-12-25 18:05:00,139,4,107
2023-12-25 18:10:00,137,4,104
2023-12-25 18:15:00,120,3,102
2023-12-25 18:20:00,110,3,104
2023-12-25 18:25:00,132,3,109
2023-12-25 18:30:00,133,3,107
2023-12-25 18:35:00,114,3,105
2023-12-25 18:40:00,104,3,105
2023-12-25 18:45:00,109,3,106
2023-12-25 18:50:00,114,3,107
2023-12-25 18:55:00,99,2,108
2023-12-25 19:00:00,109,3,107
2023-12-25 19:05:00,126,3,111
2023-12-25 19:10:00,111,3,110
2023-12-25 19:15:00,104,2,106
2023-12-25 19:20:00,103,3,108
2023-12-25 19:25:00,126,3,110
2023-12-25 19:30:00,101,3,103
2023-12-25 19:35:00,94,2,106
2023-12-25 19:40:00,103,3,105
2023-12-25 19:45:00,83,2,106
2023-12-25 19:50:00,87,2,107
2023-12-25 19:55:00,101,3,102
2023-12-25 20:00:00,92,3,107
2023-12-25 20:05:00,100,3,102
2023-12-25 20:10:00,109,3,107
2023-12-25 20:15:00,83,2,108
2023-12-25 20:20:00,99,3,104
2023-12-25 20:25:00,89,3,103
2023-12-25 20:30:00,118,3,106
2023-12-25 20:35:00,78,2,102
2023-12-25 20:40:00,77,2,105
2023-12-25 20:45:00,88,2,102
2023-12-25 20:50:00,67,2,102
2023-12-25 20:55:00,79,2,101
2023-12-25 21:00:00,74,2,110
2023-12-25 21:05:00,65,2,103
2023-12-25 21:10:00,72,2,102
2023-12-25 21:15:00,64,1,104
2023-12-25 21:20:00,77,2,104
2023-12-25 21:25:00,75,2,104
2023-12-25 21:30:00,83,2,104
2023-12-25 21:35:00,70,2,107
2023-12-25 21:40:00,54,2,98
2023-12-25 21:45:00,57,2,102
2023-12-25 21:50:00,47,1,107
2023-12-25 21:55:00,55,2,103
2023-12-25 22:00:00,62,2,103
2023-12-25 22:05:00,60,2,104
2023-12-25 22:10:00,61,1,105
2023-12-25 22:15:00,64,2,103
2023-12-25 22:20:00,50,2,105
2023-12-25 22:25:00,57,1,103
2023-12-25 22:30:00,41,1,102
2023-12-25 22:35:00,33,1,97
2023-12-25 22:40:00,47,1,100
2023-12-25 22:45:00,38,1,104
2023-12-25 22:50:00,23,1,105
2023-12-25 22:55:00,38,2,103
2023-12-25 23:00:00,47,2,102
2023-12-25 23:05:00,34,2,97
2023-12-25 23:10:00,31,1,108
2023-12-25 23:15:00,23,1,109
2023-12-25 23:20:00,35,1,98
2023-12-25 23:25:00,31,1,102
2023-12-25 23:30:00,26,1,105
2023-12-25 23:35:00,24,2,94
2023-12-25 23:40:00,21,1,103
2023-12-25 23:45:00,23,1,95
2023-12-25 23:50:00,24,2,96
2023-12-25 23:55:00,24,1,98
2023-12-26 00:00:00,16,1,96
2023-12-26 00:05:00,22,1,100
2023-12-26 00:10:00,30,1,101
2023-12-26 00:15:00,22,1,100
2023-12-26 00:20:00,16,1,93
2023-12-26 00:25:00,19,1,93
2023-12-26 00:30:00,20,1,93
2023-12-26 00:35:00,17,1,98
2023-12-26 00:40:00,19,1,97
2023-12-26 00:45:00,19,1,90
2023-12-26 00:50:00,20,1,95
2023-12-26 00:55:00,20,1,98
2023-12-26 01:00:00,19,1,97
2023-12-26 01:05:00,10,1,91
2023-12-26 01:10:00,21,2,100
2023-12-26 01:15:00,12,1,93
2023-12-26 01:20:00,18,1,91
2023-12-26 01:25:00,18,1,99
2023-12-26 01:30:00,8,1,99
2023-12-26 01:35:00,10,1,95
2023-12-26 01:40:00,16,1,88
2023-12-26 01:45:00,14,2,96
2023-12-26 01:50:00,8,1,87
2023-12-26 01:55:00,11,0,99
2023-12-26 02:00:00,16,2,87
2023-12-26 02:05:00,19,3,87
2023-12-26 02:10:00,19,1,92
2023-12-26 02:15:00,19,1,95
2023-12-26 02:20:00,16,2,91
2023-12-26 02:25:00,9,1,95
2023-12-26 02:30:00,13,1,94
2023-12-26 02:35:00,13,1,90
2023-12-26 02:40:00,15,1,88
2023-12-26 02:45:00,15,1,88
2023-12-26 02:50:00,7,1,92
2023-12-26 02:55:00,10,2,85
2023-12-26 03:00:00,10,1,86
2023-12-26 03:05:00,12,1,86
2023-12-26 03:10:00,10,1,101
2023-12-26 03:15:00,15,2,93
2023-12-26 03:20:00,13,1,95
2023-12-26 03:25:00,14,1,95
2023-12-26 03:30:00,11,1,85
2023-12-26 03:35:00,11,1,93
2023-12-26 03:40:00,16,1,90
2023-12-26 03:45:00,14,2,88
2023-12-26 03:50:00,17,1,100
2023-12-26 03:55:00,22,2,92
2023-12-26 04:00:00,11,1,86
2023-12-26 04:05:00,19,2,81
2023-12-26 04:10:00,22,1,97
2023-12-26 04:15:00,27,2,95
2023-12-26 04:20:00,10,3,81
2023-12-26 04:25:00,22,3,85
2023-12-26 04:30:00,18,2,87
2023-12-26 04:35:00,16,2,92
2023-12-26 04:40:00,26,2,86
2023-12-26 04:45:00,21,2,93
2023-12-26 04:50:00,26,2,92
2023-12-26 04:55:00,23,2,91
2023-12-26 05:00:00,23,1,88
2023-12-26 05:05:00,17,2,91
2023-12-26 05:10:00,28,2,94
2023-12-26 05:15:00,34,2,89
2023-12-26 05:20:00,30,2,91
2023-12-26 05:25:00,31,1,91
2023-12-26 05:30:00,34,3,95
2023-12-26 05:35:00,41,2,96
2023-12-26 05:40:00,35,2,100
2023-12-26 05:45:00,48,2,96
2023-12-26 05:50:00,53,2,99
2023-12-26 05:55:00,44,2,97
2023-12-26 06:00:00,51,3,96
2023-12-26 06:05:00,62,2,97
2023-12-26 06:10:00,47,2,100
2023-12-26 06:15:00,72,3,96
2023-12-26 06:20:00,65,3,95
2023-12-26 06:25:00,56,2,101
2023-12-26 06:30:00,57,2,96
2023-12-26 06:35:00,85,3,99
2023-12-26 06:40:00,54,2,95
2023-12-26 06:45:00,71,3,103
2023-12-26 06:50:00,73,3,100
2023-12-26 06:55:00,72,2,100
2023-12-26 07:00:00,95,3,102
2023-12-26 07:05:00,65,2,103
2023-12-26 07:10:00,78,3,100
2023-12-26 07:15:00,82,4,97
2023-12-26 07:20:00,81,3,100
2023-12-26 07:25:00,88,3,100
2023-12-26 07:30:00,76,3,98
2023-12-26 07:35:00,66,2,103
2023-12-26 07:40:00,70,2,98
2023-12-26 07:45:00,96,3,104
2023-12-26 07:50:00,80,3,100
2023-12-26 07:55:00,91,3,102
2023-12-26 08:00:00,103,3,104
2023-12-26 08:05:00,84,3,101
2023-12-26 08:10:00,93,3,107
2023-12-26 08:15:00,78,2,104
2023-12-26 08:20:00,98,3,103
2023-12-26 08:25:00,94,3,100
2023-12-26 08:30:00,99,3,107
2023-12-26 08:35:00,89,2,105
2023-12-26 08:40:00,100,3,104
2023-12-26 08:45:00,96,3,101
2023-12-26 08:50:00,68,2,100
2023-12-26 08:55:00,72,2,105
2023-12-26 09:00:00,67,2,105
2023-12-26 09:05:00,84,3,104
2023-12-26 09:10:00,93,3,100
2023-12-26 09:15:00,93,3,104
2023-12-26 09:20:00,97,3,101
2023-12-26 09:25:00,103,4,100
2023-12-26 09:30:00,105,4,99
2023-12-26 09:35:00,102,4,99
2023-12-26 09:40:00,100,3,107
2023-12-26 09:45:00,98,3,101
2023-12-26 09:50:00,119,4,101
2023-12-26 09:55:00,102,4,95
2023-12-26 10:00:00,116,4,102
2023-12-26 10:05:00,90,3,101
2023-12-26 10:10:00,122,4,99
2023-12-26 10:15:00,139,5,101
2023-12-26 10:20:00,120,4,105
2023-12-26 10:25:00,107,4,100
2023-12-26 10:30:00,142,4,103
2023-12-26 10:35:00,111,4,99
2023-12-26 10:40:00,120,3,106
2023-12-26 10:45:00,126,4,104
2023-12-26 10:50:00,133,4,105
2023-12-26 10:55:00,125,4,102
2023-12-26 11:00:00,115,4,104
2023-12-26 11:05:00,129,4,102
2023-12-26 11:10:00,145,4,106
2023-12-26 11:15:00,126,4,103
2023-12-26 11:20:00,155,5,103
2023-12-26 11:25:00,127,4,102
2023-12-26 11:30:00,153,5,103
2023-12-26 11:35:00,131,4,103
2023-12-26 11:40:00,158,5,104
2023-12-26 11:45:00,173,6,99
2023-12-26 11:50:00,135,4,102
2023-12-26 11:55:00,120,4,104
2023-12-26 12:00:00,129,4,102
2023-12-26 12:05:00,153,5,102
2023-12-26 12:10:00,147,5,102
2023-12-26 12:15:00,152,5,104
2023-12-26 12:20:00,125,4,103
2023-12-26 12:25:00,155,5,105
2023-12-26 12:30:00,156,6,100
2023-12-26 12:35:00,123,4,102
2023-12-26 12:40:00,141,5,103
2023-12-26 12:45:00,139,4,102
2023-12-26 12:50:00,127,4,100
2023-12-26 12:55:00,138,5,99
2023-12-26 13:00:00,149,5,104
2023-12-26 13:05:00,147,5,104
2023-12-26 13:10:00,122,4,107
2023-12-26 13:15:00,158,5,103
2023-12-26 13:20:00,130,4,101
2023-12-26 13:25:00,169,5,103
2023-12-26 13:30:00,141,4,101
2023-12-26 13:35:00,152,4,108
2023-12-26 13:40:00,147,5,101
2023-12-26 13:45:00,154,5,103
2023-12-26 13:50:00,133,4,103
2023-12-26 13:55:00,140,5,102
2023-12-26 14:00:00,161,5,102
2023-12-26 14:05:00,164,5,104
2023-12-26 14:10:00,165,6,100
2023-12-26 14:15:00,164,5,100
2023-12-26 14:20:00,154,4,108
2023-12-26 14:25:00,137,4,102
2023-12-26 14:30:00,163,5,103
2023-12-26 14:35:00,145,4,106
2023-12-26 14:40:00,144,4,107
2023-12-26 14:45:00,166,5,104
2023-12-26 14:50:00,179,5,104
2023-12-26 14:55:00,173,5,106
2023-12-26 15:00:00,155,4,107
2023-12-26 15:05:00,167,5,106
2023-12-26 15:10:00,172,5,104
2023-12-26 15:15:00,156,5,104
2023-12-26 15:20:00,140,5,98
2023-12-26 15:25:00,158,5,103
2023-12-26 15:30:00,158,5,108
2023-12-26 15:35:00,152,4,101
2023-12-26 15:40:00,175,5,111
2023-12-26 15:45:00,134,4,105
2023-12-26 15:50:00,157,4,105
2023-12-26 15:55:00,121,4,103
2023-12-26 16:00:00,140,4,103
2023-12-26 16:05:00,130,4,103
2023-12-26 16:10:00,135,4,102
2023-12-26 16:15:00,144,4,105
2023-12-26 16:20:00,134,4,104
2023-12-26 16:25:00,137,4,104
2023-12-26 16:30:00,122,3,104
2023-12-26 16:35:00,127,4,103
2023-12-26 16:40:00,125,3,105
2023-12-26 16:45:00,140,4,106
2023-12-26 16:50:00,138,4,106
2023-12-26 16:55:00,131,3,107
2023-12-26 17:00:00,110,3,109
2023-12-26 17:05:00,121,4,104
2023-12-26 17:10:00,113,3,102
2023-12-26 17:15:00,129,4,102
2023-12-26 17:20:00,129,4,103
2023-12-26 17:25:00,120,3,108
2023-12-26 17:30:00,95,3,101
2023-12-26 17:35:00,107,3,101
2023-12-26 17:40:00,121,4,99
2023-12-26 17:45:00,104,3,103
2023-12-26 17:50:00,107,3,105
2023-12-26 17:55:00,98,3,103
2023-12-26 18:00:00,106,3,99
2023-12-26 18:05:00,136,4,100
2023-12-26 18:10:00,103,3,102
2023-12-26 18:15:00,85,2,99
2023-12-26 18:20:00,90,3,103
2023-12-26 18:25:00,105,3,103
2023-12-26 18:30:00,87,3,98
2023-12-26 18:35:00,91,3,102
2023-12-26 18:40:00,87,3,100
2023-12-26 18:45:00,73,2,100
2023-12-26 18:50:00,103,4,100
2023-12-26 18:55:00,80,3,103
2023-12-26 19:00:00,71,2,102
2023-12-26 19:05:00,75,3,103
2023-12-26 19:10:00,67,2,102
2023-12-26 19:15:00,81,2,103
2023-12-26 19:20:00,93,3,102
2023-12-26 19:25:00,70,2,103
2023-12-26 19:30:00,68,2,100
2023-12-26 19:35:00,66,2,101
2023-12-26 19:40:00,72,3,94
2023-12-26 19:45:00,77,2,101
2023-12-26 19:50:00,78,3,98
2023-12-26 19:55:00,66,3,94
2023-12-26 20:00:00,60,2,102
2023-12-26 20:05:00,81,3,102
2023-12-26 20:10:00,60,2,99
2023-12-26 20:15:00,63,3,95
2023-12-26 20:20:00,58,2,98
2023-12-26 20:25:00,73,3,102
2023-12-26 20:30:00,57,3,94
2023-12-26 20:35:00,53,2,97
2023-12-26 20:40:00,60,2,99
2023-12-26 20:45:00,55,2,100
2023-12-26 20:50:00,55,2,93
2023-12-26 20:55:00,62,2,98
2023-12-26 21:00:00,44,2,97
2023-12-26 21:05:00,47,2,96
2023-12-26 21:10:00,52,2,98
2023-12-26 21:15:00,34,1,99
2023-12-26 21:20:00,44,2,101
2023-12-26 21:25:00,52,2,101
2023-12-26 21:30:00,42,2,92
2023-12-26 21:35:00,42,1,101
2023-12-26 21:40:00,44,2,102
2023-12-26 21:45:00,49,2,97
2023-12-26 21:50:00,47,1,101
2023-12-26 21:55:00,45,2,96
2023-12-26 22:00:00,47,2,93
2023-12-26 22:05:00,48,2,94
2023-12-26 22:10:00,62,2,99
2023-12-26 22:15:00,42,2,94
2023-12-26 22:20:00,37,2,98
2023-12-26 22:25:00,53,2,96
2023-12-26 22:30:00,39,2,99
2023-12-26 22:35:00,42,2,99
2023-12-26 22:40:00,45,2,93
2023-12-26 22:45:00,43,2,95
2023-12-26 22:50:00,43,2,92
2023-12-26 22:55:00,35,2,96
2023-12-26 23:00:00,29,2,89
2023-12-26 23:05:00,47,2,99
2023-12-26 23:10:00,42,2,89
2023-12-26 23:15:00,33,1,102
2023-12-26 23:20:00,36,2,90
2023-12-26 23:25:00,30,2,95
2023-12-26 23:30:00,27,2,95
2023-12-26 23:35:00,29,3,90
2023-12-26 23:40:00,32,2,97
2023-12-26 23:45:00,27,2,99
2023-12-26 23:50:00,27,2,87
2023-12-26 23:55:00,23,2,95
2023-12-27 00:00:00,27,1,88
2023-12-27 00:05:00,21,1,93
2023-12-27 00:10:00,34,3,88
2023-12-27 00:15:00,23,2,88
2023-12-27 00:20:00,21,2,92
2023-12-27 00:25:00,17,2,87
2023-12-27 00:30:00,17,1,91
2023-12-27 00:35:00,24,2,96
2023-12-27 00:40:00,19,1,92
2023-12-27 00:45:00,17,2,88
2023-12-27 00:50:00,24,2,99
2023-12-27 00:55:00,22,2,91
2023-12-27 01:00:00,13,1,90
2023-12-27 01:05:00,18,2,86
2023-12-27 01:10:00,29,2,96
2023-12-27 01:15:00,26,2,93
2023-12-27 01:20:00,25,2,88
2023-12-27 01:25:00,16,1,94
2023-12-27 01:30:00,16,1,86
2023-12-27 01:35:00,19,2,88
2023-12-27 01:40:00,19,2,91
2023-12-27 01:45:00,19,2,88
2023-12-27 01:50:00,22,2,84
2023-12-27 01:55:00,20,2,91
2023-12-27 02:00:00,23,2,91
2023-12-27 02:05:00,14,2,86
2023-12-27 02:10:00,15,2,84
2023-12-27 02:15:00,12,2,84
2023-12-27 02:20:00,13,2,90
2023-12-27 02:25:00,13,3,78
2023-12-27 02:30:00,20,2,84
2023-12-27 02:35:00,14,1,87
2023-12-27 02:40:00,13,2,86
2023-12-27 02:45:00,11,1,93
2023-12-27 02:50:00,11,2,85
2023-12-27 02:55:00,15,2,82
2023-12-27 03:00:00,15,1,92
2023-12-27 03:05:00,15,1,94
2023-12-27 03:10:00,23,2,87
2023-12-27 03:15:00,20,2,87
2023-12-27 03:20:00,19,1,87
2023-12-27 03:25:00,19,3,94
2023-12-27 03:30:00,13,2,86
2023-12-27 03:35:00,18,2,91
2023-12-27 03:40:00,23,2,83
2023-12-27 03:45:00,28,3,95
2023-12-27 03:50:00,23,2,82
2023-12-27 03:55:00,16,3,83
2023-12-27 04:00:00,27,3,87
2023-12-27 04:05:00,26,3,85
2023-12-27 04:10:00,28,2,85
2023-12-27 04:15:00,26,2,82
2023-12-27 04:20:00,28,4,84
2023-12-27 04:25:00,25,2,83
2023-12-27 04:30:00,26,3,86
2023-12-27 04:35:00,22,2,82
2023-12-27 04:40:00,24,2,86
2023-12-27 04:45:00,28,2,87
2023-12-27 04:50:00,39,2,89
2023-12-27 04:55:00,27,3,79
2023-12-27 05:00:00,24,3,79
2023-12-27 05:05:00,41,3,86
2023-12-27 05:10:00,36,3,86
2023-12-27 05:15:00,37,3,88
2023-12-27 05:20:00,48,3,89
2023-12-27 05:25:00,49,4,90
2023-12-27 05:30:00,36,3,90
2023-12-27 05:35:00,50,3,88
2023-12-27 05:40:00,54,3,91
2023-12-27 05:45:00,55,3,89
2023-12-27 05:50:00,55,3,91
2023-12-27 05:55:00,50,3,91
2023-12-27 06:00:00,66,4,88
2023-12-27 06:05:00,60,3,91
2023-12-27 06:10:00,52,3,92
2023-12-27 06:15:00,55,2,95
2023-12-27 06:20:00,53,3,90
2023-12-27 06:25:00,70,4,89
2023-12-27 06:30:00,68,3,97
2023-12-27 06:35:00,61,3,91
2023-12-27 06:40:00,71,3,94
2023-12-27 06:45:00,66,3,91
2023-12-27 06:50:00,77,4,92
2023-12-27 06:55:00,71,3,92
2023-12-27 07:00:00,70,3,89
2023-12-27 07:05:00,69,3,95
2023-12-27 07:10:00,67,3,93
2023-12-27 07:15:00,77,3,95
2023-12-27 07:20:00,85,3,99
2023-12-27 07:25:00,77,4,95
2023-12-27 07:30:00,77,3,96
2023-12-27 07:35:00,69,3,100
2023-12-27 07:40:00,74,3,95
2023-12-27 07:45:00,89,4,96
2023-12-27 07:50:00,94,4,97
2023-12-27 07:55:00,76,3,95
2023-12-27 08:00:00,84,2,103
2023-12-27 08:05:00,83,3,104
2023-12-27 08:10:00,79,3,100
2023-12-27 08:15:00,82,3,101
2023-12-27 08:20:00,68,3,101
2023-12-27 08:25:00,89,3,103
2023-12-27 08:30:00,100,3,101
2023-12-27 08:35:00,85,3,99
2023-12-27 08:40:00,80,3,102
2023-12-27 08:45:00,80,2,106
2023-12-27 08:50:00,93,3,100
2023-12-27 08:55:00,93,3,100
2023-12-27 09:00:00,80,3,101
2023-12-27 09:05:00,96,3,105
2023-12-27 09:10:00,99,4,101
2023-12-27 09:15:00,91,4,100
2023-12-27 09:20:00,104,4,99
2023-12-27 09:25:00,107,4,100
2023-12-27 09:30:00,103,3,105
2023-12-27 09:35:00,88,3,103
2023-12-27 09:40:00,103,3,101
2023-12-27 09:45:00,119,3,104
2023-12-27 09:50:00,116,4,106
2023-12-27 09:55:00,115,4,100
2023-12-27 10:00:00,127,4,103
2023-12-27 10:05:00,123,4,101
2023-12-27 10:10:00,129,4,104
2023-12-27 10:15:00,115,4,104
2023-12-27 10:20:00,128,4,101
2023-12-27 10:25:00,119,4,108
2023-12-27 10:30:00,148,5,100
2023-12-27 10:35:00,146,5,100
2023-12-27 10:40:00,135,4,104
2023-12-27 10:45:00,124,4,103
2023-12-27 10:50:00,143,4,105
2023-12-27 10:55:00,161,5,100
2023-12-27 11:00:00,134,4,103
2023-12-27 11:05:00,123,4,100
2023-12-27 11:10:00,130,4,103
2023-12-27 11:15:00,127,4,103
2023-12-27 11:20:00,172,6,102
2023-12-27 11:25:00,128,4,104
2023-12-27 11:30:00,115,4,104
2023-12-27 11:35:00,152,5,103
2023-12-27 11:40:00,163,6,101
2023-12-27 11:45:00,178,6,103
2023-12-27 11:50:00,138,4,104
2023-12-27 11:55:00,165,6,102
2023-12-27 12:00:00,146,5,102
2023-12-27 12:05:00,160,6,100
2023-12-27 12:10:00,147,5,103
2023-12-27 12:15:00,176,6,102
2023-12-27 12:20:00,161,6,102
2023-12-27 12:25:00,147,6,96
2023-12-27 12:30:00,156,6,99
2023-12-27 12:35:00,146,5,102
2023-12-27 12:40:00,180,6,102
2023-12-27 12:45:00,161,6,100
2023-12-27 12:50:00,137,4,104
2023-12-27 12:55:00,149,6,100
2023-12-27 13:00:00,141,5,98
2023-12-27 13:05:00,133,4,100
2023-12-27 13:10:00,167,6,99
2023-12-27 13:15:00,156,6,98
2023-12-27 13:20:00,150,5,100
2023-12-27 13:25:00,178,6,101
2023-12-27 13:30:00,170,6,101
2023-12-27 13:35:00,132,5,98
2023-12-27 13:40:00,181,6,104
2023-12-27 13:45:00,162,6,100
2023-12-27 13:50:00,146,5,102
2023-12-27 13:55:00,177,6,104
2023-12-27 14:00:00,172,7,101
2023-12-27 14:05:00,131,4,101
2023-12-27 14:10:00,164,6,99
2023-12-27 14:15:00,176,6,103
2023-12-27 14:20:00,153,5,102
2023-12-27 14:25:00,119,4,106
2023-12-27 14:30:00,182,6,100
2023-12-27 14:35:00,165,5,103
2023-12-27 14:40:00,161,5,103
2023-12-27 14:45:00,192,7,99
2023-12-27 14:50:00,166,5,102
2023-12-27 14:55:00,166,5,106
2023-12-27 15:00:00,154,5,101
2023-12-27 15:05:00,196,6,103
2023-12-27 15:10:00,147,5,105
2023-12-27 15:15:00,141,4,102
2023-12-27 15:20:00,165,5,102
2023-12-27 15:25:00,189,6,106
2023-12-27 15:30:00,156,5,103
2023-12-27 15:35:00,152,4,103
2023-12-27 15:40:00,173,5,106
2023-12-27 15:45:00,157,5,105
2023-12-27 15:50:00,162,5,105
2023-12-27 15:55:00,157,4,107
2023-12-27 16:00:00,138,5,101
2023-12-27 16:05:00,141,4,101
2023-12-27 16:10:00,142,4,103
2023-12-27 16:15:00,155,4,104
2023-12-27 16:20:00,126,3,106
2023-12-27 16:25:00,117,3,104
2023-12-27 16:30:00,140,4,108
2023-12-27 16:35:00,142,4,102
2023-12-27 16:40:00,146,4,103
2023-12-27 16:45:00,139,4,107
2023-12-27 16:50:00,131,4,101
2023-12-27 16:55:00,130,3,108
2023-12-27 17:00:00,128,4,102
2023-12-27 17:05:00,126,4,104
2023-12-27 17:10:00,143,4,104
2023-12-27 17:15:00,131,4,106
2023-12-27 17:20:00,119,3,102
2023-12-27 17:25:00,125,3,106
2023-12-27 17:30:00,121,4,101
2023-12-27 17:35:00,114,3,101
2023-12-27 17:40:00,117,4,97
2023-12-27 17:45:00,105,3,103
2023-12-27 17:50:00,112,3,104
2023-12-27 17:55:00,121,4,99
2023-12-27 18:00:00,110,4,101
2023-12-27 18:05:00,102,3,102
2023-12-27 18:10:00,116,3,102
2023-12-27 18:15:00,144,4,104
2023-12-27 18:20:00,99,3,104
2023-12-27 18:25:00,98,3,99
2023-12-27 18:30:00,96,3,104
2023-12-27 18:35:00,81,3,98
2023-12-27 18:40:00,71,2,103
2023-12-27 18:45:00,90,3,102
2023-12-27 18:50:00,83,3,102
2023-12-27 18:55:00,87,3,103
2023-12-27 19:00:00,86,2,105
2023-12-27 19:05:00,85,2,101
2023-12-27 19:10:00,93,3,100
2023-12-27 19:15:00,71,3,103
2023-12-27 19:20:00,89,3,97
2023-12-27 19:25:00,63,2,103
2023-12-27 19:30:00,78,3,99
2023-12-27 19:35:00,85,3,101
2023-12-27 19:40:00,62,3,97
2023-12-27 19:45:00,58,2,99
2023-12-27 19:50:00,65,2,100
2023-12-27 19:55:00,77,3,98
2023-12-27 20:00:00,78,2,100
2023-12-27 20:05:00,62,2,99
2023-12-27 20:10:00,55,2,101
2023-12-27 20:15:00,65,3,97
2023-12-27 20:20:00,63,2,102
2023-12-27 20:25:00,50,2,99
2023-12-27 20:30:00,72,3,96
2023-12-27 20:35:00,54,2,96
2023-12-27 20:40:00,55,2,98
2023-12-27 20:45:00,59,2,100
2023-12-27 20:50:00,51,2,98
2023-12-27 20:55:00,51,2,94
2023-12-27 21:00:00,60,2,95
2023-12-27 21:05:00,59,2,100
2023-12-27 21:10:00,69,3,97
2023-12-27 21:15:00,54,2,98
2023-12-27 21:20:00,40,1,100
2023-12-27 21:25:00,55,2,97
2023-12-27 21:30:00,47,2,98
2023-12-27 21:35:00,66,3,97
2023-12-27 21:40:00,38,2,96
2023-12-27 21:45:00,54,2,96
2023-12-27 21:50:00,53,2,95
2023-12-27 21:55:00,46,2,94
2023-12-27 22:00:00,52,3,91
2023-12-27 22:05:00,52,2,100
2023-12-27 22:10:00,53,2,103
2023-12-27 22:15:00,55,2,94
2023-12-27 22:20:00,51,2,99
2023-12-27 22:25:00,45,3,92
2023-12-27 22:30:00,33,1,100
2023-12-27 22:35:00,37,2,90
2023-12-27 22:40:00,52,2,95
2023-12-27 22:45:00,37,2,102
2023-12-27 22:50:00,42,2,95
2023-12-27 22:55:00,44,2,96
2023-12-27 23:00:00,35,2,94
2023-12-27 23:05:00,40,2,101
2023-12-27 23:10:00,29,3,94
2023-12-27 23:15:00,41,2,96
2023-12-27 23:20:00,36,2,96
2023-12-27 23:25:00,33,2,98
2023-12-27 23:30:00,40,2,94
2023-12-27 23:35:00,24,2,93
2023-12-27 23:40:00,25,1,95
2023-12-27 23:45:00,32,1,104
2023-12-27 23:50:00,34,2,94
2023-12-27 23:55:00,27,2,97
2023-12-28 00:00:00,23,2,87
2023-12-28 00:05:00,26,2,91
2023-12-28 00:10:00,25,1,92
2023-12-28 00:15:00,17,1,100
2023-12-28 00:20:00,22,2,92
2023-12-28 00:25:00,22,1,94
2023-12-28 00:30:00,20,1,102
2023-12-28 00:35:00,22,2,93
2023-12-28 00:40:00,29,2,89
2023-12-28 00:45:00,27,2,88
2023-12-28 00:50:00,25,2,94
2023-12-28 00:55:00,31,2,95
2023-12-28 01:00:00,22,2,92
2023-12-28 01:05:00,20,2,100
2023-12-28 01:10:00,27,2,98
2023-12-28 01:15:00,25,2,94
2023-12-28 01:20:00,19,1,90
2023-12-28 01:25:00,16,4,82
2023-12-28 01:30:00,11,1,89
2023-12-28 01:35:00,13,1,94
2023-12-28 01:40:00,25,2,90
2023-12-28 01:45:00,20,3,84
2023-12-28 01:50:00,19,2,87
2023-12-28 01:55:00,13,1,88
2023-12-28 02:00:00,25,2,87
2023-12-28 02:05:00,17,2,89
2023-12-28 02:10:00,20,2,86
2023-12-28 02:15:00,19,1,93
2023-12-28 02:20:00,21,2,90
2023-12-28 02:25:00,22,2,85
2023-12-28 02:30:00,20,2,96
2023-12-28 02:35:00,15,2,92
2023-12-28 02:40:00,13,2,83
2023-12-28 02:45:00,17,1,94
2023-12-28 02:50:00,19,3,85
2023-12-28 02:55:00,17,1,88
2023-12-28 03:00:00,16,2,88
2023-12-28 03:05:00,22,2,85
2023-12-28 03:10:00,17,2,90
2023-12-28 03:15:00,9,1,95
2023-12-28 03:20:00,23,2,87
2023-12-28 03:25:00,26,2,85
2023-12-28 03:30:00,17,2,82
2023-12-28 03:35:00,13,1,88
2023-12-28 03:40:00,21,2,87
2023-12-28 03:45:00,13,1,87
2023-12-28 03:50:00,25,2,89
2023-12-28 03:55:00,26,2,85
2023-12-28 04:00:00,19,2,82
2023-12-28 04:05:00,20,3,87
2023-12-28 04:10:00,25,2,89
2023-12-28 04:15:00,23,2,88
2023-12-28 04:20:00,27,3,84
2023-12-28 04:25:00,24,4,79
2023-12-28 04:30:00,35,3,84
2023-12-28 04:35:00,29,3,86
2023-12-28 04:40:00,28,3,85
2023-12-28 04:45:00,23,2,87
2023-12-28 04:50:00,28,2,86
2023-12-28 04:55:00,38,3,86
2023-12-28 05:00:00,34,3,83
2023-12-28 05:05:00,33,3,89
2023-12-28 05:10:00,34,3,87
2023-12-28 05:15:00,43,3,89
2023-12-28 05:20:00,47,3,86
2023-12-28 05:25:00,27,2,91
2023-12-28 05:30:00,39,4,85
2023-12-28 05:35:00,31,2,86
2023-12-28 05:40:00,50,4,87
2023-12-28 05:45:00,39,3,91
2023-12-28 05:50:00,46,3,89
2023-12-28 05:55:00,58,4,89
2023-12-28 06:00:00,50,3,90
2023-12-28 06:05:00,31,2,93
2023-12-28 06:10:00,51,3,93
2023-12-28 06:15:00,60,4,92
2023-12-28 06:20:00,56,4,87
2023-12-28 06:25:00,69,4,92
2023-12-28 06:30:00,64,3,93
2023-12-28 06:35:00,50,2,89
2023-12-28 06:40:00,60,3,90
2023-12-28 06:45:00,72,3,95
2023-12-28 06:50:00,63,3,95
2023-12-28 06:55:00,63,3,94
2023-12-28 07:00:00,54,2,92
2023-12-28 07:05:00,65,3,90
2023-12-28 07:10:00,67,3,92
2023-12-28 07:15:00,60,3,92
2023-12-28 07:20:00,78,3,96
2023-12-28 07:25:00,63,2,97
2023-12-28 07:30:00,61,3,99
2023-12-28 07:35:00,60,3,98
2023-12-28 07:40:00,60,2,98
2023-12-28 07:45:00,69,3,96
2023-12-28 07:50:00,84,3,97
2023-12-28 07:55:00,83,3,102
2023-12-28 08:00:00,77,3,97
2023-12-28 08:05:00,72,2,102
2023-12-28 08:10:00,69,2,105
2023-12-28 08:15:00,87,3,102
2023-12-28 08:20:00,86,3,104
2023-12-28 08:25:00,76,3,102
2023-12-28 08:30:00,93,4,98
2023-12-28 08:35:00,74,3,101
2023-12-28 08:40:00,69,2,102
2023-12-28 08:45:00,66,2,102
2023-12-28 08:50:00,92,3,102
2023-12-28 08:55:00,68,2,105
2023-12-28 09:00:00,98,4,97
2023-12-28 09:05:00,96,3,101
2023-12-28 09:10:00,112,4,99
2023-12-28 09:15:00,78,2,108
2023-12-28 09:20:00,80,3,101
2023-12-28 09:25:00,100,3,105
2023-12-28 09:30:00,94,3,99
2023-12-28 09:35:00,83,3,104
2023-12-28 09:40:00,103,4,99
2023-12-28 09:45:00,96,3,103
2023-12-28 09:50:00,111,4,105
2023-12-28 09:55:00,103,3,102
2023-12-28 10:00:00,122,4,100
2023-12-28 10:05:00,106,4,100
2023-12-28 10:10:00,100,3,103
2023-12-28 10:15:00,116,4,101
2023-12-28 10:20:00,125,4,105
2023-12-28 10:25:00,125,4,105
2023-12-28 10:30:00,107,4,105
2023-12-28 10:35:00,100,3,102
2023-12-28 10:40:00,135,4,106
2023-12-28 10:45:00,138,4,105
2023-12-28 10:50:00,104,3,105
2023-12-28 10:55:00,131,4,104
2023-12-28 11:00:00,137,4,104
2023-12-28 11:05:00,148,5,104
2023-12-28 11:10:00,118,3,104
2023-12-28 11:15:00,160,5,102
2023-12-28 11:20:00,132,4,102
2023-12-28 11:25:00,157,5,104
2023-12-28 11:30:00,169,5,104
2023-12-28 11:35:00,132,4,100
2023-12-28 11:40:00,147,5,103
2023-12-28 11:45:00,143,5,104
2023-12-28 11:50:00,144,5,101
2023-12-28 11:55:00,124,4,103
2023-12-28 12:00:00,155,5,100
2023-12-28 12:05:00,152,5,101
2023-12-28 12:10:00,144,5,103
2023-12-28 12:15:00,150,5,102
2023-12-28 12:20:00,156,5,101
2023-12-28 12:25:00,148,5,99
2023-12-28 12:30:00,187,6,101
2023-12-28 12:35:00,141,5,99
2023-12-28 12:40:00,158,5,102
2023-12-28 12:45:00,166,6,100
2023-12-28 12:50:00,149,5,101
2023-12-28 12:55:00,185,6,105
2023-12-28 13:00:00,133,4,99
2023-12-28 13:05:00,167,6,102
2023-12-28 13:10:00,151,5,103
2023-12-28 13:15:00,167,6,102
2023-12-28 13:20:00,162,6,100
2023-12-28 13:25:00,145,5,98
2023-12-28 13:30:00,121,4,104
2023-12-28 13:35:00,130,4,101
2023-12-28 13:40:00,166,5,102
2023-12-28 13:45:00,163,5,102
2023-12-28 13:50:00,139,4,100
2023-12-28 13:55:00,182,6,103
2023-12-28 14:00:00,161,6,101
2023-12-28 14:05:00,160,6,102
2023-12-28 14:10:00,171,6,103
2023-12-28 14:15:00,165,5,107
2023-12-28 14:20:00,163,5,99
2023-12-28 14:25:00,147,5,106
2023-12-28 14:30:00,189,6,103
2023-12-28 14:35:00,154,5,106
2023-12-28 14:40:00,163,5,105
2023-12-28 14:45:00,172,5,104
2023-12-28 14:50:00,178,6,102
2023-12-28 14:55:00,164,5,103
2023-12-28 15:00:00,160,5,103
2023-12-28 15:05:00,176,6,104
2023-12-28 15:10:00,161,5,103
2023-12-28 15:15:00,178,6,103
2023-12-28 15:20:00,181,5,109
2023-12-28 15:25:00,149,5,102
2023-12-28 15:30:00,157,5,103
2023-12-28 15:35:00,178,5,104
2023-12-28 15:40:00,124,3,108
2023-12-28 15:45:00,162,5,104
2023-12-28 15:50:00,171,5,105
2023-12-28 15:55:00,135,4,110
2023-12-28 16:00:00,173,5,104
2023-12-28 16:05:00,169,5,107
2023-12-28 16:10:00,136,4,108
2023-12-28 16:15:00,156,4,106
2023-12-28 16:20:00,163,5,106
2023-12-28 16:25:00,133,3,107
2023-12-28 16:30:00,163,5,104
2023-12-28 16:35:00,140,4,106
2023-12-28 16:40:00,139,4,104
2023-12-28 16:45:00,164,5,105
2023-12-28 16:50:00,131,4,106
2023-12-28 16:55:00,151,4,104
2023-12-28 17:00:00,143,5,100
2023-12-28 17:05:00,152,4,105
2023-12-28 17:10:00,129,3,107
2023-12-28 17:15:00,138,4,106
2023-12-28 17:20:00,129,4,105
2023-12-28 17:25:00,159,5,106
2023-12-28 17:30:00,147,4,105
2023-12-28 17:35:00,121,4,102
2023-12-28 17:40:00,137,4,101
2023-12-28 17:45:00,124,4,100
2023-12-28 17:50:00,147,5,99
2023-12-28 17:55:00,124,4,104
2023-12-28 18:00:00,116,3,101
2023-12-28 18:05:00,105,3,103
2023-12-28 18:10:00,102,3,100
2023-12-28 18:15:00,116,3,105
2023-12-28 18:20:00,104,3,105
2023-12-28 18:25:00,114,4,103
2023-12-28 18:30:00,119,3,102
2023-12-28 18:35:00,122,4,103
2023-12-28 18:40:00,132,4,104
2023-12-28 18:45:00,99,3,100
2023-12-28 18:50:00,105,3,104
2023-12-28 18:55:00,96,3,106
2023-12-28 19:00:00,89,3,103
2023-12-28 19:05:00,89,3,101
2023-12-28 19:10:00,100,3,104
2023-12-28 19:15:00,93,3,106
2023-12-28 19:20:00,99,3,103
2023-12-28 19:25:00,80,3,103
2023-12-28 19:30:00,79,2,106
2023-12-28 19:35:00,84,3,99
2023-12-28 19:40:00,71,2,102
2023-12-28 19:45:00,76,2,103
2023-12-28 19:50:00,74,3,102
2023-12-28 19:55:00,69,2,104
2023-12-28 20:00:00,54,1,105
2023-12-28 20:05:00,67,2,103
2023-12-28 20:10:00,96,3,98
2023-12-28 20:15:00,60,2,104
2023-12-28 20:20:00,71,3,96
2023-12-28 20:25:00,76,2,102
2023-12-28 20:30:00,64,3,102
2023-12-28 20:35:00,54,2,103
2023-12-28 20:40:00,74,3,102
2023-12-28 20:45:00,57,2,101
2023-12-28 20:50:00,62,2,100
2023-12-28 20:55:00,50,2,100
2023-12-28 21:00:00,50,2,101
2023-12-28 21:05:00,48,2,97
2023-12-28 21:10:00,54,2,101
2023-12-28 21:15:00,62,2,103
2023-12-28 21:20:00,53,2,97
2023-12-28 21:25:00,43,1,105
2023-12-28 21:30:00,50,2,99
2023-12-28 21:35:00,53,2,103
2023-12-28 21:40:00,42,2,97
2023-12-28 21:45:00,54,2,100
2023-12-28 21:50:00,51,2,101
2023-12-28 21:55:00,55,2,97
2023-12-28 22:00:00,52,3,98
2023-12-28 22:05:00,48,1,102
2023-12-28 22:10:00,56,2,99
2023-12-28 22:15:00,47,2,92
2023-12-28 22:20:00,44,1,106
2023-12-28 22:25:00,47,2,99
2023-12-28 22:30:00,36,2,91
2023-12-28 22:35:00,45,2,101
2023-12-28 22:40:00,50,2,95
2023-12-28 22:45:00,39,2,97
2023-12-28 22:50:00,32,1,100
2023-12-28 22:55:00,43,2,94
2023-12-28 23:00:00,47,1,106
2023-12-28 23:05:00,38,2,92
2023-12-28 23:10:00,38,2,100
2023-12-28 23:15:00,37,2,95
2023-12-28 23:20:00,42,1,99
2023-12-28 23:25:00,40,2,92
2023-12-28 23:30:00,30,1,105
2023-12-28 23:35:00,22,1,91
2023-12-28 23:40:00,35,2,98
2023-12-28 23:45:00,29,3,88
2023-12-28 23:50:00,27,1,99
2023-12-28 23:55:00,26,1,97
2023-12-29 00:00:00,42,2,94
2023-12-29 00:05:00,20,1,95
2023-12-29 00:10:00,31,1,99
2023-12-29 00:15:00,33,2,94
2023-12-29 00:20:00,31,2,95
2023-12-29 00:25:00,19,2,90
2023-12-29 00:30:00,25,2,95
2023-12-29 00:35:00,25,1,93
2023-12-29 00:40:00,20,2,92
2023-12-29 00:45:00,26,1,95
2023-12-29 00:50:00,21,2,96
2023-12-29 00:55:00,25,2,95
2023-12-29 01:00:00,22,2,89
2023-12-29 01:05:00,21,2,92
2023-12-29 01:10:00,37,2,95
2023-12-29 01:15:00,21,2,92
2023-12-29 01:20:00,23,2,89
2023-12-29 01:25:00,22,1,94
2023-12-29 01:30:00,25,2,90
2023-12-29 01:35:00,22,2,98
2023-12-29 01:40:00,18,1,94
2023-12-29 01:45:00,15,2,87
2023-12-29 01:50:00,19,2,90
2023-12-29 01:55:00,15,1,100
2023-12-29 02:00:00,19,2,90
2023-12-29 02:05:00,21,2,93
2023-12-29 02:10:00,12,2,91
2023-12-29 02:15:00,20,1,93
2023-12-29 02:20:00,23,2,87
2023-12-29 02:25:00,20,2,90
2023-12-29 02:30:00,22,2,85
2023-12-29 02:35:00,25,2,86
2023-12-29 02:40:00,20,2,87
2023-12-29 02:45:00,19,1,94
2023-12-29 02:50:00,16,2,87
2023-12-29 02:55:00,16,2,88
2023-12-29 03:00:00,12,1,89
2023-12-29 03:05:00,13,1,87
2023-12-29 03:10:00,15,2,84
2023-12-29 03:15:00,23,2,87
2023-12-29 03:20:00,15,1,92
2023-12-29 03:25:00,15,2,86
2023-12-29 03:30:00,15,2,86
2023-12-29 03:35:00,20,2,86
2023-12-29 03:40:00,12,2,83
2023-12-29 03:45:00,14,2,86
2023-12-29 03:50:00,19,3,83
2023-12-29 03:55:00,21,1,88
2023-12-29 04:00:00,19,2,86
2023-12-29 04:05:00,16,2,82
2023-12-29 04:10:00,28,3,86
2023-12-29 04:15:00,36,3,84
2023-12-29 04:20:00,17,2,91
2023-12-29 04:25:00,23,2,86
2023-12-29 04:30:00,24,3,84
2023-12-29 04:35:00,26,2,84
2023-12-29 04:40:00,23,3,81
2023-12-29 04:45:00,24,2,85
2023-12-29 04:50:00,39,3,87
2023-12-29 04:55:00,36,3,87
2023-12-29 05:00:00,30,3,83
2023-12-29 05:05:00,35,4,86
2023-12-29 05:10:00,30,2,85
2023-12-29 05:15:00,36,3,83
2023-12-29 05:20:00,35,3,89
2023-12-29 05:25:00,38,2,88
2023-12-29 05:30:00,52,4,87
2023-12-29 05:35:00,40,2,89
2023-12-29 05:40:00,52,3,90
2023-12-29 05:45:00,50,4,90
2023-12-29 05:50:00,38,2,88
2023-12-29 05:55:00,49,2,91
2023-12-29 06:00:00,41,2,89
2023-12-29 06:05:00,47,3,90
2023-12-29 06:10:00,46,3,89
2023-12-29 06:15:00,48,3,87
2023-12-29 06:20:00,39,2,93
2023-12-29 06:25:00,56,3,90
2023-12-29 06:30:00,51,2,94
2023-12-29 06:35:00,56,3,91
2023-12-29 06:40:00,63,4,92
2023-12-29 06:45:00,72,4,92
2023-12-29 06:50:00,67,3,94
2023-12-29 06:55:00,63,3,89
2023-12-29 07:00:00,71,3,92
2023-12-29 07:05:00,69,3,98
2023-12-29 07:10:00,68,3,96
2023-12-29 07:15:00,64,3,95
2023-12-29 07:20:00,83,4,96
2023-12-29 07:25:00,57,2,99
2023-12-29 07:30:00,54,2,94
2023-12-29 07:35:00,74,3,98
2023-12-29 07:40:00,69,2,94
2023-12-29 07:45:00,63,3,97
2023-12-29 07:50:00,65,3,97
2023-12-29 07:55:00,71,2,104
2023-12-29 08:00:00,76,4,96
2023-12-29 08:05:00,66,3,100
2023-12-29 08:10:00,82,3,105
2023-12-29 08:15:00,76,2,102
2023-12-29 08:20:00,77,3,101
2023-12-29 08:25:00,82,3,104
2023-12-29 08:30:00,74,3,96
2023-12-29 08:35:00,83,3,102
2023-12-29 08:40:00,86,3,104
2023-12-29 08:45:00,84,3,107
2023-12-29 08:50:00,79,3,97
2023-12-29 08:55:00,91,3,101
2023-12-29 09:00:00,79,3,101
2023-12-29 09:05:00,90,4,100
2023-12-29 09:10:00,68,2,107
2023-12-29 09:15:00,84,3,104
2023-12-29 09:20:00,88,3,99
2023-12-29 09:25:00,100,3,102
2023-12-29 09:30:00,86,3,100
2023-12-29 09:35:00,107,3,106
2023-12-29 09:40:00,83,3,103
2023-12-29 09:45:00,116,4,104
2023-12-29 09:50:00,103,4,102
2023-12-29 09:55:00,102,4,102
2023-12-29 10:00:00,115,4,104
2023-12-29 10:05:00,104,3,105
2023-12-29 10:10:00,124,4,108
2023-12-29 10:15:00,116,3,105
2023-12-29 10:20:00,126,4,106
2023-12-29 10:25:00,113,4,103
2023-12-29 10:30:00,115,3,104
2023-12-29 10:35:00,122,4,103
2023-12-29 10:40:00,125,4,104
2023-12-29 10:45:00,146,5,106
2023-12-29 10:50:00,122,3,105
2023-12-29 10:55:00,142,4,108
2023-12-29 11:00:00,129,3,110
2023-12-29 11:05:00,154,4,107
2023-12-29 11:10:00,144,5,101
2023-12-29 11:15:00,160,5,104
2023-12-29 11:20:00,154,5,101
2023-12-29 11:25:00,138,4,103
2023-12-29 11:30:00,148,5,102
2023-12-29 11:35:00,149,4,104
2023-12-29 11:40:00,187,6,100
2023-12-29 11:45:00,141,4,101
2023-12-29 11:50:00,156,5,98
2023-12-29 11:55:00,134,4,101
2023-12-29 12:00:00,157,5,105
2023-12-29 12:05:00,159,5,104
2023-12-29 12:10:00,156,5,104
2023-12-29 12:15:00,152,5,103
2023-12-29 12:20:00,154,5,102
2023-12-29 12:25:00,184,6,103
2023-12-29 12:30:00,185,6,103
2023-12-29 12:35:00,143,4,104
2023-12-29 12:40:00,153,5,103
2023-12-29 12:45:00,157,5,102
2023-12-29 12:50:00,129,5,101
2023-12-29 12:55:00,169,5,105
2023-12-29 13:00:00,177,5,105
2023-12-29 13:05:00,182,6,105
2023-12-29 13:10:00,157,5,105
2023-12-29 13:15:00,145,5,102
2023-12-29 13:20:00,159,5,107
2023-12-29 13:25:00,201,6,106
2023-12-29 13:30:00,181,6,103
2023-12-29 13:35:00,155,5,105
2023-12-29 13:40:00,162,4,110
2023-12-29 13:45:00,170,5,105
2023-12-29 13:50:00,155,5,105
2023-12-29 13:55:00,215,7,107
2023-12-29 14:00:00,229,7,102
2023-12-29 14:05:00,178,6,105
2023-12-29 14:10:00,170,5,103
2023-12-29 14:15:00,196,6,108
2023-12-29 14:20:00,192,6,106
2023-12-29 14:25:00,179,6,104
2023-12-29 14:30:00,206,6,103
2023-12-29 14:35:00,207,6,105
2023-12-29 14:40:00,201,6,104
2023-12-29 14:45:00,191,6,106
2023-12-29 14:50:00,196,6,105
2023-12-29 14:55:00,193,6,104
2023-12-29 15:00:00,185,6,102
2023-12-29 15:05:00,220,6,105
2023-12-29 15:10:00,201,6,107
2023-12-29 15:15:00,206,6,107
2023-12-29 15:20:00,187,6,106
2023-12-29 15:25:00,196,5,105
2023-12-29 15:30:00,227,7,104
2023-12-29 15:35:00,229,6,105
2023-12-29 15:40:00,220,6,107
2023-12-29 15:45:00,202,5,109
2023-12-29 15:50:00,216,6,106
2023-12-29 15:55:00,183,5,107
2023-12-29 16:00:00,201,5,106
2023-12-29 16:05:00,217,6,110
2023-12-29 16:10:00,202,5,108
2023-12-29 16:15:00,247,7,106
2023-12-29 16:20:00,224,6,107
2023-12-29 16:25:00,224,6,109
2023-12-29 16:30:00,196,5,109
2023-12-29 16:35:00,201,5,108
2023-12-29 16:40:00,215,6,107
2023-12-29 16:45:00,211,6,106
2023-12-29 16:50:00,204,6,105
2023-12-29 16:55:00,215,6,104
2023-12-29 17:00:00,171,4,107
2023-12-29 17:05:00,238,6,104
2023-12-29 17:10:00,208,5,105
2023-12-29 17:15:00,209,6,103
2023-12-29 17:20:00,191,5,106
2023-12-29 17:25:00,192,5,105
2023-12-29 17:30:00,218,6,105
2023-12-29 17:35:00,164,5,103
2023-12-29 17:40:00,198,5,107
2023-12-29 17:45:00,242,7,102
2023-12-29 17:50:00,236,6,104
2023-12-29 17:55:00,199,5,105
2023-12-29 18:00:00,189,5,106
2023-12-29 18:05:00,192,5,102
2023-12-29 18:10:00,203,6,105
2023-12-29 18:15:00,181,5,106
2023-12-29 18:20:00,164,5,105
2023-12-29 18:25:00,171,5,102
2023-12-29 18:30:00,163,4,109
2023-12-29 18:35:00,182,5,106
2023-12-29 18:40:00,200,5,106
2023-12-29 18:45:00,150,4,109
2023-12-29 18:50:00,159,4,106
2023-12-29 18:55:00,190,5,108
2023-12-29 19:00:00,192,5,107
2023-12-29 19:05:00,153,4,109
2023-12-29 19:10:00,161,4,106
2023-12-29 19:15:00,173,5,109
2023-12-29 19:20:00,163,4,108
2023-12-29 19:25:00,154,4,112
2023-12-29 19:30:00,183,5,106
2023-12-29 19:35:00,158,4,109
2023-12-29 19:40:00,169,5,105
2023-12-29 19:45:00,127,4,108
2023-12-29 19:50:00,132,3,108
2023-12-29 19:55:00,157,5,102
2023-12-29 20:00:00,134,4,106
2023-12-29 20:05:00,172,5,106
2023-12-29 20:10:00,152,4,107
2023-12-29 20:15:00,101,3,102
2023-12-29 20:20:00,115,3,106
2023-12-29 20:25:00,105,3,103
2023-12-29 20:30:00,80,2,105
2023-12-29 20:35:00,95,2,104
2023-12-29 20:40:00,87,2,106
2023-12-29 20:45:00,64,2,100
2023-12-29 20:50:00,76,2,106
2023-12-29 20:55:00,64,2,102
2023-12-29 21:00:00,64,2,107
2023-12-29 21:05:00,83,2,107
2023-12-29 21:10:00,66,2,106
2023-12-29 21:15:00,114,3,109
2023-12-29 21:20:00,95,3,105
2023-12-29 21:25:00,85,2,106
2023-12-29 21:30:00,137,4,105
2023-12-29 21:35:00,128,4,111
2023-12-29 21:40:00,109,3,108
2023-12-29 21:45:00,137,4,105
2023-12-29 21:50:00,149,5,102
2023-12-29 21:55:00,126,4,104
2023-12-29 22:00:00,150,4,103
2023-12-29 22:05:00,146,4,107
2023-12-29 22:10:00,109,3,102
2023-12-29 22:15:00,93,2,109
2023-12-29 22:20:00,78,2,105
2023-12-29 22:25:00,92,3,103
2023-12-29 22:30:00,93,2,104
2023-12-29 22:35:00,75,2,103
2023-12-29 22:40:00,98,3,102
2023-12-29 22:45:00,76,2,104
2023-12-29 22:50:00,65,2,100
2023-12-29 22:55:00,73,2,108
2023-12-29 23:00:00,70,2,109
2023-12-29 23:05:00,69,2,99
2023-12-29 23:10:00,76,2,103
2023-12-29 23:15:00,68,2,100
2023-12-29 23:20:00,73,2,109
2023-12-29 23:25:00,62,2,99
2023-12-29 23:30:00,86,2,104
2023-12-29 23:35:00,46,1,106
2023-12-29 23:40:00,46,1,106
2023-12-29 23:45:00,49,1,102
2023-12-29 23:50:00,51,1,102
2023-12-29 23:55:00,51,2,104
2023-12-30 00:00:00,54,2,101
2023-12-30 00:05:00,29,2,100
2023-12-30 00:10:00,50,2,100
2023-12-30 00:15:00,44,2,101
2023-12-30 00:20:00,39,1,96
2023-12-30 00:25:00,37,1,108
2023-12-30 00:30:00,39,1,106
2023-12-30 00:35:00,45,1,106
2023-12-30 00:40:00,40,2,96
2023-12-30 00:45:00,33,2,96
2023-12-30 00:50:00,40,1,97
2023-12-30 00:55:00,32,1,96
2023-12-30 01:00:00,27,1,106
2023-12-30 01:05:00,22,1,96
2023-12-30 01:10:00,30,1,112
2023-12-30 01:15:00,23,1,94
2023-12-30 01:20:00,26,1,101
2023-12-30 01:25:00,36,1,103
2023-12-30 01:30:00,25,1,101
2023-12-30 01:35:00,29,2,97
2023-12-30 01:40:00,38,2,101
2023-12-30 01:45:00,30,1,96
2023-12-30 01:50:00,21,2,96
2023-12-30 01:55:00,28,1,99
2023-12-30 02:00:00,21,2,99
2023-12-30 02:05:00,23,2,96
2023-12-30 02:10:00,33,1,97
2023-12-30 02:15:00,27,2,98
2023-12-30 02:20:00,22,1,101
2023-12-30 02:25:00,24,1,98
2023-12-30 02:30:00,20,2,96
2023-12-30 02:35:00,27,1,97
2023-12-30 02:40:00,20,1,92
2023-12-30 02:45:00,23,1,92
2023-12-30 02:50:00,25,2,92
2023-12-30 02:55:00,17,1,94
2023-12-30 03:00:00,28,1,94
2023-12-30 03:05:00,20,1,94
2023-12-30 03:10:00,22,3,88
2023-12-30 03:15:00,13,2,93
2023-12-30 03:20:00,12,1,95
2023-12-30 03:25:00,19,2,91
2023-12-30 03:30:00,20,1,86
2023-12-30 03:35:00,27,2,92
2023-12-30 03:40:00,18,1,94
2023-12-30 03:45:00,23,2,94
2023-12-30 03:50:00,20,1,93
2023-12-30 03:55:00,21,1,90
2023-12-30 04:00:00,21,2,92
2023-12-30 04:05:00,26,2,91
2023-12-30 04:10:00,22,2,83
2023-12-30 04:15:00,18,2,87
2023-12-30 04:20:00,22,2,90
2023-12-30 04:25:00,18,2,89
2023-12-30 04:30:00,19,2,87
2023-12-30 04:35:00,17,2,88
2023-12-30 04:40:00,24,2,90
2023-12-30 04:45:00,23,1,92
2023-12-30 04:50:00,17,1,89
2023-12-30 04:55:00,21,2,93
2023-12-30 05:00:00,27,2,108
2023-12-30 05:05:00,27,2,84
2023-12-30 05:10:00,31,2,93
2023-12-30 05:15:00,23,2,90
2023-12-30 05:20:00,20,2,89
2023-12-30 05:25:00,32,2,89
2023-12-30 05:30:00,26,2,89
2023-12-30 05:35:00,23,1,93
2023-12-30 05:40:00,19,3,92
2023-12-30 05:45:00,38,3,87
2023-12-30 05:50:00,30,2,91
2023-12-30 05:55:00,35,2,88
2023-12-30 06:00:00,40,2,94
2023-12-30 06:05:00,40,2,93
2023-12-30 06:10:00,35,2,95
2023-12-30 06:15:00,44,2,94
2023-12-30 06:20:00,43,2,98
2023-12-30 06:25:00,45,2,97
2023-12-30 06:30:00,39,2,95
2023-12-30 06:35:00,36,2,93
2023-12-30 06:40:00,35,1,96
2023-12-30 06:45:00,44,2,95
2023-12-30 06:50:00,46,2,97
2023-12-30 06:55:00,35,2,93
2023-12-30 07:00:00,46,2,95
2023-12-30 07:05:00,44,2,93
2023-12-30 07:10:00,48,2,102
2023-12-30 07:15:00,49,2,99
2023-12-30 07:20:00,48,2,97
2023-12-30 07:25:00,50,2,98
2023-12-30 07:30:00,54,2,105
2023-12-30 07:35:00,45,1,104
2023-12-30 07:40:00,45,2,103
2023-12-30 07:45:00,69,2,107
2023-12-30 07:50:00,54,2,105
2023-12-30 07:55:00,57,2,109
2023-12-30 08:00:00,65,2,106
2023-12-30 08:05:00,68,2,109
2023-12-30 08:10:00,62,2,105
2023-12-30 08:15:00,69,2,106
2023-12-30 08:20:00,68,2,112
2023-12-30 08:25:00,73,2,107
2023-12-30 08:30:00,62,2,108
2023-12-30 08:35:00,76,3,102
2023-12-30 08:40:00,93,2,111
2023-12-30 08:45:00,79,3,107
2023-12-30 08:50:00,81,2,110
2023-12-30 08:55:00,85,2,111
2023-12-30 09:00:00,96,3,106
2023-12-30 09:05:00,83,3,107
2023-12-30 09:10:00,100,3,111
2023-12-30 09:15:00,97,3,108
2023-12-30 09:20:00,92,2,111
2023-12-30 09:25:00,114,3,112
2023-12-30 09:30:00,114,3,108
2023-12-30 09:35:00,123,3,111
2023-12-30 09:40:00,117,3,106
2023-12-30 09:45:00,114,3,111
2023-12-30 09:50:00,134,3,108
2023-12-30 09:55:00,149,4,109
2023-12-30 10:00:00,137,3,113
2023-12-30 10:05:00,128,3,109
2023-12-30 10:10:00,148,3,112
2023-12-30 10:15:00,169,4,109
2023-12-30 10:20:00,160,4,109
2023-12-30 10:25:00,196,5,112
2023-12-30 10:30:00,162,4,108
2023-12-30 10:35:00,201,5,109
2023-12-30 10:40:00,182,4,110
2023-12-30 10:45:00,193,5,108
2023-12-30 10:50:00,194,5,112
2023-12-30 10:55:00,190,5,107
2023-12-30 11:00:00,215,5,111
2023-12-30 11:05:00,185,4,110
2023-12-30 11:10:00,218,5,108
2023-12-30 11:15:00,208,5,109
2023-12-30 11:20:00,218,5,109
2023-12-30 11:25:00,236,6,107
2023-12-30 11:30:00,255,7,108
2023-12-30 11:35:00,207,5,109
2023-12-30 11:40:00,215,6,109
2023-12-30 11:45:00,221,6,106
2023-12-30 11:50:00,214,5,111
2023-12-30 11:55:00,226,6,108
2023-12-30 12:00:00,249,6,111
2023-12-30 12:05:00,243,6,108
2023-12-30 12:10:00,209,5,110
2023-12-30 12:15:00,246,6,108
2023-12-30 12:20:00,241,6,109
2023-12-30 12:25:00,226,5,111
2023-12-30 12:30:00,252,6,109
2023-12-30 12:35:00,208,5,106
2023-12-30 12:40:00,269,7,107
2023-12-30 12:45:00,237,6,110
2023-12-30 12:50:00,217,5,109
2023-12-30 12:55:00,227,6,108
2023-12-30 13:00:00,247,6,106
2023-12-30 13:05:00,263,7,107
2023-12-30 13:10:00,200,5,110
2023-12-30 13:15:00,236,6,109
2023-12-30 13:20:00,249,6,107
2023-12-30 13:25:00,274,7,106
2023-12-30 13:30:00,253,6,108
2023-12-30 13:35:00,254,6,108
2023-12-30 13:40:00,256,6,108
2023-12-30 13:45:00,239,6,108
2023-12-30 13:50:00,248,6,107
2023-12-30 13:55:00,263,7,108
2023-12-30 14:00:00,219,6,108
2023-12-30 14:05:00,231,6,104
2023-12-30 14:10:00,251,7,107
2023-12-30 14:15:00,236,6,109
2023-12-30 14:20:00,209,5,108
2023-12-30 14:25:00,257,7,106
2023-12-30 14:30:00,267,7,108
2023-12-30 14:35:00,234,6,108
2023-12-30 14:40:00,232,6,108
2023-12-30 14:45:00,262,7,107
2023-12-30 14:50:00,230,6,109
2023-12-30 14:55:00,232,6,110
2023-12-30 15:00:00,211,5,109
2023-12-30 15:05:00,230,5,109
2023-12-30 15:10:00,235,6,104
2023-12-30 15:15:00,238,6,108
2023-12-30 15:20:00,251,6,107
2023-12-30 15:25:00,242,6,108
2023-12-30 15:30:00,295,8,106
2023-12-30 15:35:00,231,6,109
2023-12-30 15:40:00,258,6,107
2023-12-30 15:45:00,221,5,106
2023-12-30 15:50:00,261,7,104
2023-12-30 15:55:00,232,6,106
2023-12-30 16:00:00,204,5,109
2023-12-30 16:05:00,262,7,106
2023-12-30 16:10:00,222,5,107
2023-12-30 16:15:00,273,7,105
2023-12-30 16:20:00,224,5,109
2023-12-30 16:25:00,216,5,107
2023-12-30 16:30:00,238,6,108
2023-12-30 16:35:00,244,6,107
2023-12-30 16:40:00,217,5,109
2023-12-30 16:45:00,212,5,108
2023-12-30 16:50:00,222,5,105
2023-12-30 16:55:00,216,5,106
2023-12-30 17:00:00,217,5,108
2023-12-30 17:05:00,233,6,107
2023-12-30 17:10:00,211,5,107
2023-12-30 17:15:00,234,6,106
2023-12-30 17:20:00,247,6,106
2023-12-30 17:25:00,204,5,103
2023-12-30 17:30:00,164,4,108
2023-12-30 17:35:00,205,5,105
2023-12-30 17:40:00,198,5,101
2023-12-30 17:45:00,154,4,107
2023-12-30 17:50:00,201,5,106
2023-12-30 17:55:00,181,4,107
2023-12-30 18:00:00,172,4,112
2023-12-30 18:05:00,203,5,105
2023-12-30 18:10:00,138,3,106
2023-12-30 18:15:00,160,4,107
2023-12-30 18:20:00,120,3,107
2023-12-30 18:25:00,169,4,102
2023-12-30 18:30:00,135,3,106
2023-12-30 18:35:00,112,3,105
2023-12-30 18:40:00,144,4,106
2023-12-30 18:45:00,129,3,107
2023-12-30 18:50:00,118,3,111
2023-12-30 18:55:00,112,3,107
2023-12-30 19:00:00,111,2,107
2023-12-30 19:05:00,107,2,109
2023-12-30 19:10:00,117,3,106
2023-12-30 19:15:00,98,2,102
2023-12-30 19:20:00,85,2,104
2023-12-30 19:25:00,114,3,104
2023-12-30 19:30:00,124,3,105
2023-12-30 19:35:00,89,2,100
2023-12-30 19:40:00,87,2,108
2023-12-30 19:45:00,116,3,106
2023-12-30 19:50:00,86,2,103
2023-12-30 19:55:00,90,2,101
2023-12-30 20:00:00,80,2,107
2023-12-30 20:05:00,92,2,105
2023-12-30 20:10:00,95,2,106
2023-12-30 20:15:00,98,2,103
2023-12-30 20:20:00,66,2,102
2023-12-30 20:25:00,90,2,101
2023-12-30 20:30:00,89,2,103
2023-12-30 20:35:00,102,3,103
2023-12-30 20:40:00,88,2,99
2023-12-30 20:45:00,85,2,107
2023-12-30 20:50:00,83,2,101
2023-12-30 20:55:00,91,2,104
2023-12-30 21:00:00,67,2,104
2023-12-30 21:05:00,92,2,107
2023-12-30 21:10:00,85,2,105
2023-12-30 21:15:00,69,2,99
2023-12-30 21:20:00,82,2,104
2023-12-30 21:25:00,82,2,106
2023-12-30 21:30:00,71,2,102
2023-12-30 21:35:00,76,2,105
2023-12-30 21:40:00,75,2,104
2023-12-30 21:45:00,61,2,104
2023-12-30 21:50:00,75,2,104
2023-12-30 21:55:00,71,2,99
2023-12-30 22:00:00,69,2,100
2023-12-30 22:05:00,55,1,101
2023-12-30 22:10:00,46,2,100
2023-12-30 22:15:00,51,2,107
2023-12-30 22:20:00,51,1,101
2023-12-30 22:25:00,40,1,108
2023-12-30 22:30:00,44,1,102
2023-12-30 22:35:00,50,1,99
2023-12-30 22:40:00,27,1,103
2023-12-30 22:45:00,38,1,104
2023-12-30 22:50:00,36,2,96
2023-12-30 22:55:00,36,1,100
2023-12-30 23:00:00,29,1,104
2023-12-30 23:05:00,37,1,96
2023-12-30 23:10:00,18,1,95
2023-12-30 23:15:00,21,1,101
2023-12-30 23:20:00,36,1,104
2023-12-30 23:25:00,36,1,108
2023-12-30 23:30:00,26,1,102
2023-12-30 23:35:00,20,1,96
2023-12-30 23:40:00,19,1,100
2023-12-30 23:45:00,24,1,103
2023-12-30 23:50:00,24,1,106
2023-12-30 23:55:00,13,1,102
2023-12-31 00:00:00,15,1,102
2023-12-31 00:05:00,21,0,102
2023-12-31 00:10:00,21,1,97
2023-12-31 00:15:00,21,1,104
2023-12-31 00:20:00,19,1,104
2023-12-31 00:25:00,9,0,107
2023-12-31 00:30:00,19,1,94
2023-12-31 00:35:00,17,1,105
2023-12-31 00:40:00,12,1,91
2023-12-31 00:45:00,14,1,99
2023-12-31 00:50:00,18,1,102
2023-12-31 00:55:00,16,1,101
2023-12-31 01:00:00,14,1,98
2023-12-31 01:05:00,13,0,107
2023-12-31 01:10:00,9,1,99
2023-12-31 01:15:00,12,0,108
2023-12-31 01:20:00,9,1,104
2023-12-31 01:25:00,19,1,108
2023-12-31 01:30:00,16,1,99
2023-12-31 01:35:00,12,1,95
2023-12-31 01:40:00,6,1,85
2023-12-31 01:45:00,7,1,100
2023-12-31 01:50:00,8,1,96
2023-12-31 01:55:00,7,1,96
2023-12-31 02:00:00,7,0,96
2023-12-31 02:05:00,3,0,132
2023-12-31 02:10:00,6,1,94
2023-12-31 02:15:00,9,1,99
2023-12-31 02:20:00,11,1,94
2023-12-31 02:25:00,9,1,101
2023-12-31 02:30:00,3,0,124
2023-12-31 02:35:00,10,1,92
2023-12-31 02:40:00,8,1,95
2023-12-31 02:45:00,5,0,94
2023-12-31 02:50:00,5,1,92
2023-12-31 02:55:00,7,1,98
2023-12-31 03:00:00,8,1,102
2023-12-31 03:05:00,13,1,95
2023-12-31 03:10:00,9,1,89
2023-12-31 03:15:00,5,1,89
2023-12-31 03:20:00,10,1,96
2023-12-31 03:25:00,13,1,100
2023-12-31 03:30:00,12,1,98
2023-12-31 03:35:00,7,1,97
2023-12-31 03:40:00,10,1,95
2023-12-31 03:45:00,5,0,93
2023-12-31 03:50:00,8,1,103
2023-12-31 03:55:00,10,0,100
2023-12-31 04:00:00,8,1,97
2023-12-31 04:05:00,3,0,103
2023-12-31 04:10:00,5,1,86
2023-12-31 04:15:00,8,1,90
2023-12-31 04:20:00,9,1,93
2023-12-31 04:25:00,12,1,94
2023-12-31 04:30:00,3,1,89
2023-12-31 04:35:00,11,1,93
2023-12-31 04:40:00,5,1,92
2023-12-31 04:45:00,5,1,99
2023-12-31 04:50:00,7,1,85
2023-12-31 04:55:00,4,0,97
2023-12-31 05:00:00,5,1,101
2023-12-31 05:05:00,6,1,93
2023-12-31 05:10:00,13,1,112
2023-12-31 05:15:00,8,1,99
2023-12-31 05:20:00,6,1,96
2023-12-31 05:25:00,15,1,96
2023-12-31 05:30:00,12,1,103
2023-12-31 05:35:00,11,1,95
2023-12-31 05:40:00,8,0,98
2023-12-31 05:45:00,11,2,90
2023-12-31 05:50:00,14,1,100
2023-12-31 05:55:00,12,1,95
2023-12-31 06:00:00,14,1,105
2023-12-31 06:05:00,12,1,96
2023-12-31 06:10:00,11,0,106
2023-12-31 06:15:00,11,1,94
2023-12-31 06:20:00,9,1,95
2023-12-31 06:25:00,17,1,101
2023-12-31 06:30:00,14,1,101
2023-12-31 06:35:00,18,1,97
2023-12-31 06:40:00,16,1,94
2023-12-31 06:45:00,12,1,99
2023-12-31 06:50:00,25,1,92
2023-12-31 06:55:00,12,1,97
2023-12-31 07:00:00,15,1,100
2023-12-31 07:05:00,15,1,93
2023-12-31 07:10:00,29,1,87
2023-12-31 07:15:00,22,1,92
2023-12-31 07:20:00,24,1,107
2023-12-31 07:25:00,32,1,106
2023-12-31 07:30:00,11,1,97
2023-12-31 07:35:00,19,1,96
2023-12-31 07:40:00,21,0,107
2023-12-31 07:45:00,30,1,99
2023-12-31 07:50:00,21,1,101
2023-12-31 07:55:00,24,1,108
2023-12-31 08:00:00,33,1,102
2023-12-31 08:05:00,21,1,96
2023-12-31 08:10:00,23,1,104
2023-12-31 08:15:00,18,1,108
2023-12-31 08:20:00,31,1,105
2023-12-31 08:25:00,34,1,99
2023-12-31 08:30:00,35,1,103
2023-12-31 08:35:00,44,1,100
2023-12-31 08:40:00,35,1,106
2023-12-31 08:45:00,49,2,106
2023-12-31 08:50:00,51,1,108
2023-12-31 08:55:00,39,1,108
2023-12-31 09:00:00,56,1,105
2023-12-31 09:05:00,62,2,110
2023-12-31 09:10:00,51,1,107
2023-12-31 09:15:00,62,1,109
2023-12-31 09:20:00,64,2,107
2023-12-31 09:25:00,77,2,109
2023-12-31 09:30:00,53,1,112
2023-12-31 09:35:00,69,2,110
2023-12-31 09:40:00,80,2,106
2023-12-31 09:45:00,90,2,109
2023-12-31 09:50:00,80,2,113
2023-12-31 09:55:00,97,2,112
2023-12-31 10:00:00,104,2,112
2023-12-31 10:05:00,94,2,110
2023-12-31 10:10:00,116,3,106
2023-12-31 10:15:00,89,2,110
2023-12-31 10:20:00,126,3,111
2023-12-31 10:25:00,134,3,110
2023-12-31 10:30:00,152,3,110
2023-12-31 10:35:00,135,3,107
2023-12-31 10:40:00,146,3,107
2023-12-31 10:45:00,158,4,104
2023-12-31 10:50:00,166,4,106
2023-12-31 10:55:00,148,3,107
2023-12-31 11:00:00,228,6,104
2023-12-31 11:05:00,172,4,105
2023-12-31 11:10:00,174,4,108
2023-12-31 11:15:00,197,5,109
2023-12-31 11:20:00,190,5,105
2023-12-31 11:25:00,181,4,107
2023-12-31 11:30:00,193,5,104
2023-12-31 11:35:00,236,6,103
2023-12-31 11:40:00,194,5,105
2023-12-31 11:45:00,205,5,109
2023-12-31 11:50:00,207,5,106
2023-12-31 11:55:00,207,5,106
2023-12-31 12:00:00,180,4,107
2023-12-31 12:05:00,200,5,107
2023-12-31 12:10:00,187,4,111
2023-12-31 12:15:00,223,6,105
2023-12-31 12:20:00,182,5,104
2023-12-31 12:25:00,196,5,109
2023-12-31 12:30:00,199,5,104
2023-12-31 12:35:00,174,4,102
2023-12-31 12:40:00,184,5,104
2023-12-31 12:45:00,173,4,104
2023-12-31 12:50:00,187,4,106
2023-12-31 12:55:00,187,4,108
2023-12-31 13:00:00,188,4,110
2023-12-31 13:05:00,180,4,112
2023-12-31 13:10:00,180,4,106
2023-12-31 13:15:00,203,5,109
2023-12-31 13:20:00,197,5,107
2023-12-31 13:25:00,199,5,106
2023-12-31 13:30:00,215,5,108
2023-12-31 13:35:00,197,5,108
2023-12-31 13:40:00,195,5,107
2023-12-31 13:45:00,170,4,108
2023-12-31 13:50:00,211,5,108
2023-12-31 13:55:00,218,5,105
2023-12-31 14:00:00,205,5,105
2023-12-31 14:05:00,230,6,104
2023-12-31 14:10:00,263,7,105
2023-12-31 14:15:00,224,5,107
2023-12-31 14:20:00,260,6,107
2023-12-31 14:25:00,223,5,106
2023-12-31 14:30:00,224,6,104
2023-12-31 14:35:00,225,5,106
2023-12-31 14:40:00,244,6,106
2023-12-31 14:45:00,227,6,108
2023-12-31 14:50:00,237,6,106
2023-12-31 14:55:00,200,5,109
2023-12-31 15:00:00,231,6,105
2023-12-31 15:05:00,222,5,109
2023-12-31 15:10:00,219,5,109
2023-12-31 15:15:00,219,5,110
2023-12-31 15:20:00,214,5,109
2023-12-31 15:25:00,243,6,106
2023-12-31 15:30:00,215,5,110
2023-12-31 15:35:00,216,5,107
2023-12-31 15:40:00,244,6,107
2023-12-31 15:45:00,236,6,110
2023-12-31 15:50:00,211,5,111
2023-12-31 15:55:00,224,5,110
2023-12-31 16:00:00,213,5,108
2023-12-31 16:05:00,215,5,108
2023-12-31 16:10:00,219,5,108
2023-12-31 16:15:00,233,6,106
2023-12-31 16:20:00,214,5,108
2023-12-31 16:25:00,203,5,109
2023-12-31 16:30:00,211,5,107
2023-12-31 16:35:00,232,6,107
2023-12-31 16:40:00,226,5,107
2023-12-31 16:45:00,191,4,110
2023-12-31 16:50:00,206,5,108
2023-12-31 16:55:00,196,5,109
2023-12-31 17:00:00,215,5,108
2023-12-31 17:05:00,228,6,106
2023-12-31 17:10:00,223,5,106
2023-12-31 17:15:00,231,5,108
2023-12-31 17:20:00,173,4,106
2023-12-31 17:25:00,172,4,107
2023-12-31 17:30:00,178,4,107
2023-12-31 17:35:00,153,4,106
2023-12-31 17:40:00,177,4,105
2023-12-31 17:45:00,160,4,103
2023-12-31 17:50:00,176,4,105
2023-12-31 17:55:00,160,4,108
2023-12-31 18:00:00,152,4,103
2023-12-31 18:05:00,162,4,103
2023-12-31 18:10:00,165,4,104
2023-12-31 18:15:00,148,4,105
2023-12-31 18:20:00,148,4,103
2023-12-31 18:25:00,129,3,105
2023-12-31 18:30:00,131,3,103
2023-12-31 18:35:00,97,2,110
2023-12-31 18:40:00,107,2,106
2023-12-31 18:45:00,135,3,103
2023-12-31 18:50:00,119,3,102
2023-12-31 18:55:00,125,3,106
2023-12-31 19:00:00,95,2,105
2023-12-31 19:05:00,109,3,105
2023-12-31 19:10:00,96,2,107
2023-12-31 19:15:00,87,2,107
2023-12-31 19:20:00,79,2,109
2023-12-31 19:25:00,89,2,107
2023-12-31 19:30:00,98,2,101
2023-12-31 19:35:00,81,2,102
2023-12-31 19:40:00,87,2,112
2023-12-31 19:45:00,81,2,110
2023-12-31 19:50:00,112,3,108
2023-12-31 19:55:00,80,2,103
2023-12-31 20:00:00,71,2,108
2023-12-31 20:05:00,72,2,105
2023-12-31 20:10:00,70,2,107
2023-12-31 20:15:00,58,1,107
2023-12-31 20:20:00,71,2,106
2023-12-31 20:25:00,59,1,108
2023-12-31 20:30:00,59,1,104
2023-12-31 20:35:00,61,2,103
2023-12-31 20:40:00,56,2,102
2023-12-31 20:45:00,81,2,108
2023-12-31 20:50:00,61,1,106
2023-12-31 20:55:00,56,2,104
2023-12-31 21:00:00,64,2,106
2023-12-31 21:05:00,63,1,106
2023-12-31 21:10:00,57,1,104
2023-12-31 21:15:00,60,1,107
2023-12-31 21:20:00,42,1,107
2023-12-31 21:25:00,56,1,99
2023-12-31 21:30:00,59,2,108
2023-12-31 21:35:00,67,2,103
2023-12-31 21:40:00,47,1,101
2023-12-31 21:45:00,75,2,108
2023-12-31 21:50:00,52,1,104
2023-12-31 21:55:00,55,1,107
2023-12-31 22:00:00,41,1,102
2023-12-31 22:05:00,40,1,109
2023-12-31 22:10:00,52,2,111
2023-12-31 22:15:00,40,1,105
2023-12-31 22:20:00,41,1,106
2023-12-31 22:25:00,50,2,98
2023-12-31 22:30:00,32,1,108
2023-12-31 22:35:00,48,1,105
2023-12-31 22:40:00,51,1,106
2023-12-31 22:45:00,35,1,108
2023-12-31 22:50:00,40,1,99
2023-12-31 22:55:00,41,1,96
2023-12-31 23:00:00,36,1,99
2023-12-31 23:05:00,36,1,104
2023-12-31 23:10:00,37,1,105
2023-12-31 23:15:00,33,1,101
2023-12-31 23:20:00,32,1,104
2023-12-31 23:25:00,30,1,101
2023-12-31 23:30:00,27,1,103
2023-12-31 23:35:00,21,1,102
2023-12-31 23:40:00,26,1,98
2023-12-31 23:45:00,21,1,104
2023-12-31 23:50:00,26,1,107
2023-12-31 23:55:00,30,1,102
2024-01-01 00:00:00,22,1,107
2024-01-01 00:05:00,18,1,95
2024-01-01 00:10:00,23,1,101
2024-01-01 00:15:00,25,1,101
2024-01-01 00:20:00,14,1,99
2024-01-01 00:25:00,32,1,112
2024-01-01 00:30:00,21,1,98
2024-01-01 00:35:00,30,1,100
2024-01-01 00:40:00,17,1,102
2024-01-01 00:45:00,17,1,99
2024-01-01 00:50:00,19,1,104
2024-01-01 00:55:00,25,1,98
2024-01-01 01:00:00,28,1,100
2024-01-01 01:05:00,27,1,96
2024-01-01 01:10:00,36,1,103
2024-01-01 01:15:00,35,1,101
2024-01-01 01:20:00,31,1,100
2024-01-01 01:25:00,27,1,98
2024-01-01 01:30:00,29,1,98
2024-01-01 01:35:00,23,1,102
2024-01-01 01:40:00,33,1,103
2024-01-01 01:45:00,29,1,100
2024-01-01 01:50:00,22,1,97
2024-01-01 01:55:00,37,1,103
2024-01-01 02:00:00,29,1,96
2024-01-01 02:05:00,22,1,104
2024-01-01 02:10:00,25,1,100
2024-01-01 02:15:00,37,1,99
2024-01-01 02:20:00,39,1,100
2024-01-01 02:25:00,28,1,109
2024-01-01 02:30:00,24,1,90
2024-01-01 02:35:00,26,1,100
2024-01-01 02:40:00,28,1,97
2024-01-01 02:45:00,25,1,92
2024-01-01 02:50:00,34,1,105
2024-01-01 02:55:00,30,1,99
2024-01-01 03:00:00,28,1,97
2024-01-01 03:05:00,26,1,98
2024-01-01 03:10:00,30,1,105
2024-01-01 03:15:00,32,1,94
2024-01-01 03:20:00,41,1,96
2024-01-01 03:25:00,32,1,96
2024-01-01 03:30:00,32,1,100
2024-01-01 03:35:00,38,1,105
2024-01-01 03:40:00,38,1,96
2024-01-01 03:45:00,32,1,101
2024-01-01 03:50:00,36,1,97
2024-01-01 03:55:00,40,2,97
2024-01-01 04:00:00,37,1,99
2024-01-01 04:05:00,38,1,97
2024-01-01 04:10:00,36,1,99
2024-01-01 04:15:00,46,1,95
2024-01-01 04:20:00,50,1,107
2024-01-01 04:25:00,39,1,102
2024-01-01 04:30:00,48,1,102
2024-01-01 04:35:00,47,1,99
2024-01-01 04:40:00,49,1,98
2024-01-01 04:45:00,43,1,100
2024-01-01 04:50:00,61,2,102
2024-01-01 04:55:00,69,2,102
2024-01-01 05:00:00,65,2,105
2024-01-01 05:05:00,75,2,100
2024-01-01 05:10:00,98,2,100
2024-01-01 05:15:00,85,2,103
2024-01-01 05:20:00,77,2,108
2024-01-01 05:25:00,102,2,105
2024-01-01 05:30:00,81,2,105
2024-01-01 05:35:00,73,2,104
2024-01-01 05:40:00,63,1,104
2024-01-01 05:45:00,93,2,105
2024-01-01 05:50:00,95,2,109
2024-01-01 05:55:00,109,2,107
2024-01-01 06:00:00,78,2,105
2024-01-01 06:05:00,81,2,105
2024-01-01 06:10:00,93,2,107
2024-01-01 06:15:00,67,1,112
2024-01-01 06:20:00,69,1,113
2024-01-01 06:25:00,63,1,110
2024-01-01 06:30:00,47,1,106
2024-01-01 06:35:00,26,1,105
2024-01-01 06:40:00,30,1,105
2024-01-01 06:45:00,27,1,102
2024-01-01 06:50:00,18,1,101
2024-01-01 06:55:00,20,1,100
2024-01-01 07:00:00,24,1,93
2024-01-01 07:05:00,22,1,98
2024-01-01 07:10:00,17,1,106
2024-01-01 07:15:00,24,1,97
2024-01-01 07:20:00,20,1,97
2024-01-01 07:25:00,27,1,100
2024-01-01 07:30:00,21,1,103
2024-01-01 07:35:00,19,1,95
2024-01-01 07:40:00,23,1,94
2024-01-01 07:45:00,25,1,102
2024-01-01 07:50:00,24,1,103
2024-01-01 07:55:00,30,1,101
2024-01-01 08:00:00,26,1,101
2024-01-01 08:05:00,25,1,104
2024-01-01 08:10:00,22,1,101
2024-01-01 08:15:00,24,1,98
2024-01-01 08:20:00,18,1,106
2024-01-01 08:25:00,20,1,98
2024-01-01 08:30:00,18,1,97
2024-01-01 08:35:00,26,1,104
2024-01-01 08:40:00,23,1,106
2024-01-01 08:45:00,27,1,103
2024-01-01 08:50:00,26,1,97
2024-01-01 08:55:00,32,1,104
2024-01-01 09:00:00,33,1,99
2024-01-01 09:05:00,38,1,106
2024-01-01 09:10:00,36,1,101
2024-01-01 09:15:00,44,1,108
2024-01-01 09:20:00,56,1,106
2024-01-01 09:25:00,33,1,103
2024-01-01 09:30:00,56,2,103
2024-01-01 09:35:00,55,1,108
2024-01-01 09:40:00,58,1,103
2024-01-01 09:45:00,47,1,111
2024-01-01 09:50:00,83,2,103
2024-01-01 09:55:00,66,2,102
2024-01-01 10:00:00,71,2,109
2024-01-01 10:05:00,82,2,105
2024-01-01 10:10:00,75,2,105
2024-01-01 10:15:00,84,2,110
2024-01-01 10:20:00,92,2,107
2024-01-01 10:25:00,91,2,108
2024-01-01 10:30:00,90,2,107
2024-01-01 10:35:00,95,2,106
2024-01-01 10:40:00,117,3,108
2024-01-01 10:45:00,110,3,105
2024-01-01 10:50:00,124,3,107
2024-01-01 10:55:00,105,3,106
2024-01-01 11:00:00,130,3,107
2024-01-01 11:05:00,111,3,106
2024-01-01 11:10:00,136,3,108
2024-01-01 11:15:00,155,4,106
2024-01-01 11:20:00,128,3,106
2024-01-01 11:25:00,163,4,106
2024-01-01 11:30:00,166,4,107
2024-01-01 11:35:00,155,4,106
2024-01-01 11:40:00,165,4,105
2024-01-01 11:45:00,170,4,104
2024-01-01 11:50:00,155,4,110
2024-01-01 11:55:00,179,5,106
2024-01-01 12:00:00,176,4,106
2024-01-01 12:05:00,138,4,108
2024-01-01 12:10:00,161,4,105
2024-01-01 12:15:00,152,4,107
2024-01-01 12:20:00,165,4,106
2024-01-01 12:25:00,182,5,109
2024-01-01 12:30:00,166,4,107
2024-01-01 12:35:00,191,5,105
2024-01-01 12:40:00,171,4,108
2024-01-01 12:45:00,173,4,111
2024-01-01 12:50:00,149,4,109
2024-01-01 12:55:00,153,4,106
2024-01-01 13:00:00,174,4,108
2024-01-01 13:05:00,194,5,106
2024-01-01 13:10:00,182,4,107
2024-01-01 13:15:00,168,4,107
2024-01-01 13:20:00,171,4,106
2024-01-01 13:25:00,205,5,109
2024-01-01 13:30:00,189,5,106
2024-01-01 13:35:00,186,5,107
2024-01-01 13:40:00,196,5,106
2024-01-01 13:45:00,214,5,107
2024-01-01 13:50:00,215,5,107
2024-01-01 13:55:00,236,6,107
2024-01-01 14:00:00,195,5,108
2024-01-01 14:05:00,206,5,106
2024-01-01 14:10:00,214,5,107
2024-01-01 14:15:00,226,5,106
2024-01-01 14:20:00,198,5,110
2024-01-01 14:25:00,231,6,107
2024-01-01 14:30:00,228,6,103
2024-01-01 14:35:00,246,6,105
2024-01-01 14:40:00,204,5,106
2024-01-01 14:45:00,236,6,107
2024-01-01 14:50:00,223,5,108
2024-01-01 14:55:00,241,6,104
2024-01-01 15:00:00,214,5,107
2024-01-01 15:05:00,266,7,105
2024-01-01 15:10:00,247,6,106
2024-01-01 15:15:00,238,6,109
2024-01-01 15:20:00,245,6,106
2024-01-01 15:25:00,238,6,105
2024-01-01 15:30:00,250,6,105
2024-01-01 15:35:00,245,6,106
2024-01-01 15:40:00,235,6,106
2024-01-01 15:45:00,245,6,108
2024-01-01 15:50:00,231,6,106
2024-01-01 15:55:00,224,5,106
2024-01-01 16:00:00,243,6,105
2024-01-01 16:05:00,259,6,106
2024-01-01 16:10:00,254,6,104
2024-01-01 16:15:00,234,6,107
2024-01-01 16:20:00,234,6,106
2024-01-01 16:25:00,231,6,107
2024-01-01 16:30:00,254,6,103
2024-01-01 16:35:00,280,7,108
2024-01-01 16:40:00,255,6,107
2024-01-01 16:45:00,274,7,105
2024-01-01 16:50:00,254,6,105
2024-01-01 16:55:00,233,6,104
2024-01-01 17:00:00,243,6,109
2024-01-01 17:05:00,243,6,107
2024-01-01 17:10:00,243,6,103
2024-01-01 17:15:00,212,5,110
2024-01-01 17:20:00,231,6,105
2024-01-01 17:25:00,220,6,104
2024-01-01 17:30:00,199,5,107
2024-01-01 17:35:00,216,6,104
2024-01-01 17:40:00,180,4,104
2024-01-01 17:45:00,264,7,104
2024-01-01 17:50:00,198,5,103
2024-01-01 17:55:00,187,5,102
2024-01-01 18:00:00,196,5,103
2024-01-01 18:05:00,163,4,106
2024-01-01 18:10:00,196,5,104
2024-01-01 18:15:00,187,5,101
2024-01-01 18:20:00,174,4,104
2024-01-01 18:25:00,155,4,105
2024-01-01 18:30:00,182,4,105
2024-01-01 18:35:00,145,4,104
2024-01-01 18:40:00,161,4,104
2024-01-01 18:45:00,164,4,108
2024-01-01 18:50:00,141,3,104
2024-01-01 18:55:00,158,4,108
2024-01-01 19:00:00,160,4,104
2024-01-01 19:05:00,149,4,107
2024-01-01 19:10:00,108,2,109
2024-01-01 19:15:00,125,3,105
2024-01-01 19:20:00,179,5,103
2024-01-01 19:25:00,140,3,108
2024-01-01 19:30:00,154,4,102
2024-01-01 19:35:00,126,3,106
2024-01-01 19:40:00,136,3,106
2024-01-01 19:45:00,122,3,106
2024-01-01 19:50:00,130,3,107
2024-01-01 19:55:00,124,3,107
2024-01-01 20:00:00,133,3,105
2024-01-01 20:05:00,133,3,106
2024-01-01 20:10:00,114,3,108
2024-01-01 20:15:00,119,3,103
2024-01-01 20:20:00,127,3,106
2024-01-01 20:25:00,120,3,105
2024-01-01 20:30:00,103,2,107
2024-01-01 20:35:00,91,2,107
2024-01-01 20:40:00,115,3,109
2024-01-01 20:45:00,117,3,107
2024-01-01 20:50:00,87,2,107
2024-01-01 20:55:00,86,2,104
2024-01-01 21:00:00,81,2,107
2024-01-01 21:05:00,97,2,106
2024-01-01 21:10:00,90,2,107
2024-01-01 21:15:00,83,2,107
2024-01-01 21:20:00,84,2,108
2024-01-01 21:25:00,70,2,109
2024-01-01 21:30:00,77,2,106
2024-01-01 21:35:00,59,1,105
2024-01-01 21:40:00,62,2,106
2024-01-01 21:45:00,64,2,105
2024-01-01 21:50:00,61,2,112
2024-01-01 21:55:00,74,2,103
2024-01-01 22:00:00,55,1,102
2024-01-01 22:05:00,61,2,108
2024-01-01 22:10:00,59,2,106
2024-01-01 22:15:00,67,2,106
2024-01-01 22:20:00,45,1,111
2024-01-01 22:25:00,48,1,104
2024-01-01 22:30:00,66,2,102
2024-01-01 22:35:00,31,1,105
2024-01-01 22:40:00,40,1,109
2024-01-01 22:45:00,33,1,100
2024-01-01 22:50:00,31,1,104
2024-01-01 22:55:00,27,1,94
2024-01-01 23:00:00,38,1,98
2024-01-01 23:05:00,43,1,100
2024-01-01 23:10:00,28,1,105
2024-01-01 23:15:00,45,1,104
2024-01-01 23:20:00,46,2,100
2024-01-01 23:25:00,32,1,105
2024-01-01 23:30:00,42,2,103
2024-01-01 23:35:00,27,2,103
2024-01-01 23:40:00,34,1,103
2024-01-01 23:45:00,28,2,102
2024-01-01 23:50:00,32,1,104
2024-01-01 23:55:00,15,1,92
2024-01-02 00:00:00,28,1,99
2024-01-02 00:05:00,30,2,97
2024-01-02 00:10:00,30,2,99
2024-01-02 00:15:00,24,1,103
2024-01-02 00:20:00,17,1,92
2024-01-02 00:25:00,26,1,99
2024-01-02 00:30:00,18,1,91
2024-01-02 00:35:00,18,1,100
2024-01-02 00:40:00,17,1,94
2024-01-02 00:45:00,15,1,99
2024-01-02 00:50:00,17,1,93
2024-01-02 00:55:00,14,1,95
2024-01-02 01:00:00,27,2,90
2024-01-02 01:05:00,17,1,92
2024-01-02 01:10:00,11,1,92
2024-01-02 01:15:00,26,1,96
2024-01-02 01:20:00,19,1,100
2024-01-02 01:25:00,16,1,93
2024-01-02 01:30:00,12,2,96
2024-01-02 01:35:00,15,1,96
2024-01-02 01:40:00,9,1,90
2024-01-02 01:45:00,10,1,88
2024-01-02 01:50:00,14,1,89
2024-01-02 01:55:00,16,1,100
2024-01-02 02:00:00,13,1,98
2024-01-02 02:05:00,14,1,92
2024-01-02 02:10:00,14,1,90
2024-01-02 02:15:00,11,2,97
2024-01-02 02:20:00,12,1,91
2024-01-02 02:25:00,11,2,90
2024-01-02 02:30:00,9,1,93
2024-01-02 02:35:00,8,1,107
2024-01-02 02:40:00,10,1,90
2024-01-02 02:45:00,10,1,89
2024-01-02 02:50:00,11,1,106
2024-01-02 02:55:00,7,1,101
2024-01-02 03:00:00,11,1,91
2024-01-02 03:05:00,19,1,86
2024-01-02 03:10:00,14,1,97
2024-01-02 03:15:00,4,1,85
2024-01-02 03:20:00,11,0,100
2024-01-02 03:25:00,11,1,94
2024-01-02 03:30:00,9,1,99
2024-01-02 03:35:00,13,2,87
2024-01-02 03:40:00,16,1,95
2024-01-02 03:45:00,10,2,82
2024-01-02 03:50:00,7,1,90
2024-01-02 03:55:00,10,2,81
2024-01-02 04:00:00,19,1,102
2024-01-02 04:05:00,33,2,93
2024-01-02 04:10:00,22,1,93
2024-01-02 04:15:00,15,1,99
2024-01-02 04:20:00,17,1,90
2024-01-02 04:25:00,14,1,98
2024-01-02 04:30:00,13,1,87
2024-01-02 04:35:00,19,1,97
2024-01-02 04:40:00,32,2,96
2024-01-02 04:45:00,21,1,98
2024-01-02 04:50:00,36,2,89
2024-01-02 04:55:00,16,1,94
2024-01-02 05:00:00,19,1,99
2024-01-02 05:05:00,29,1,94
2024-01-02 05:10:00,26,2,98
2024-01-02 05:15:00,28,1,93
2024-01-02 05:20:00,30,2,91
2024-01-02 05:25:00,40,2,97
2024-01-02 05:30:00,32,2,94
2024-01-02 05:35:00,41,2,92
2024-01-02 05:40:00,41,2,99
2024-01-02 05:45:00,33,1,98
2024-01-02 05:50:00,46,2,101
2024-01-02 05:55:00,53,2,98
2024-01-02 06:00:00,55,2,99
2024-01-02 06:05:00,59,2,107
2024-01-02 06:10:00,43,2,96
2024-01-02 06:15:00,58,2,96
2024-01-02 06:20:00,50,2,96
2024-01-02 06:25:00,48,2,104
2024-01-02 06:30:00,64,2,101
2024-01-02 06:35:00,80,3,98
2024-01-02 06:40:00,61,2,99
2024-01-02 06:45:00,72,2,99
2024-01-02 06:50:00,74,3,96
2024-01-02 06:55:00,90,3,97
2024-01-02 07:00:00,57,2,96
2024-01-02 07:05:00,77,3,96
2024-01-02 07:10:00,84,3,98
2024-01-02 07:15:00,75,2,101
2024-01-02 07:20:00,74,3,103
2024-01-02 07:25:00,71,2,99
2024-01-02 07:30:00,77,2,104
2024-01-02 07:35:00,84,3,100
2024-01-02 07:40:00,81,2,105
2024-01-02 07:45:00,72,3,97
2024-01-02 07:50:00,76,2,105
2024-01-02 07:55:00,86,2,105
2024-01-02 08:00:00,53,1,102
2024-01-02 08:05:00,92,3,102
2024-01-02 08:10:00,87,3,104
2024-01-02 08:15:00,81,2,103
2024-01-02 08:20:00,76,2,102
2024-01-02 08:25:00,86,3,106
2024-01-02 08:30:00,90,2,105
2024-01-02 08:35:00,63,2,102
2024-01-02 08:40:00,73,3,105
2024-01-02 08:45:00,79,3,101
2024-01-02 08:50:00,80,3,103
2024-01-02 08:55:00,77,2,105
2024-01-02 09:00:00,67,2,106
2024-01-02 09:05:00,75,3,100
2024-01-02 09:10:00,90,3,100
2024-01-02 09:15:00,87,3,102
2024-01-02 09:20:00,86,3,98
2024-01-02 09:25:00,81,3,104
2024-01-02 09:30:00,81,2,106
2024-01-02 09:35:00,58,2,98
2024-01-02 09:40:00,75,2,105
2024-01-02 09:45:00,93,3,101
2024-01-02 09:50:00,102,4,100
2024-01-02 09:55:00,94,3,106
2024-01-02 10:00:00,93,3,104
2024-01-02 10:05:00,80,3,100
2024-01-02 10:10:00,84,3,103
2024-01-02 10:15:00,78,3,99
2024-01-02 10:20:00,119,4,103
2024-01-02 10:25:00,109,4,101
2024-01-02 10:30:00,120,4,103
2024-01-02 10:35:00,100,3,103
2024-01-02 10:40:00,126,4,105
2024-01-02 10:45:00,125,4,104
2024-01-02 10:50:00,110,4,104
2024-01-02 10:55:00,104,3,106
2024-01-02 11:00:00,89,3,106
2024-01-02 11:05:00,102,4,97
2024-01-02 11:10:00,117,4,103
2024-01-02 11:15:00,138,4,103
2024-01-02 11:20:00,119,4,101
2024-01-02 11:25:00,121,4,104
2024-01-02 11:30:00,110,3,104
2024-01-02 11:35:00,153,5,101
2024-01-02 11:40:00,144,5,105
2024-01-02 11:45:00,101,4,100
2024-01-02 11:50:00,118,3,105
2024-01-02 11:55:00,144,6,97
2024-01-02 12:00:00,132,5,100
2024-01-02 12:05:00,151,5,102
2024-01-02 12:10:00,130,5,103
2024-01-02 12:15:00,121,4,101
2024-01-02 12:20:00,118,4,106
2024-01-02 12:25:00,110,4,100
2024-01-02 12:30:00,131,4,106
2024-01-02 12:35:00,141,4,107
2024-01-02 12:40:00,137,5,100
2024-01-02 12:45:00,122,4,107
2024-01-02 12:50:00,142,5,103
2024-01-02 12:55:00,125,4,104
2024-01-02 13:00:00,114,4,104
2024-01-02 13:05:00,122,4,106
2024-01-02 13:10:00,128,4,102
2024-01-02 13:15:00,132,4,102
2024-01-02 13:20:00,125,3,106
2024-01-02 13:25:00,132,4,104
2024-01-02 13:30:00,113,3,107
2024-01-02 13:35:00,117,4,105
2024-01-02 13:40:00,148,5,107
2024-01-02 13:45:00,126,4,109
2024-01-02 13:50:00,160,5,107
2024-01-02 13:55:00,125,4,103
2024-01-02 14:00:00,164,5,103
2024-01-02 14:05:00,127,4,103
2024-01-02 14:10:00,133,4,102
2024-01-02 14:15:00,148,4,106
2024-01-02 14:20:00,145,5,103
2024-01-02 14:25:00,141,4,106
2024-01-02 14:30:00,150,4,101
2024-01-02 14:35:00,149,5,102
2024-01-02 14:40:00,158,5,106
2024-01-02 14:45:00,137,4,105
2024-01-02 14:50:00,150,4,106
2024-01-02 14:55:00,117,3,107
2024-01-02 15:00:00,125,4,103
2024-01-02 15:05:00,156,4,104
2024-01-02 15:10:00,133,4,105
2024-01-02 15:15:00,131,3,109
2024-01-02 15:20:00,143,4,105
2024-01-02 15:25:00,139,4,108
2024-01-02 15:30:00,148,4,107
2024-01-02 15:35:00,149,4,108
2024-01-02 15:40:00,118,3,104
2024-01-02 15:45:00,141,4,107
2024-01-02 15:50:00,131,4,109
2024-01-02 15:55:00,112,3,102
2024-01-02 16:00:00,141,4,105
2024-01-02 16:05:00,147,4,102
2024-01-02 16:10:00,137,4,106
2024-01-02 16:15:00,111,3,104
2024-01-02 16:20:00,126,4,104
2024-01-02 16:25:00,140,4,107
2024-01-02 16:30:00,123,4,105
2024-01-02 16:35:00,115,3,104
2024-01-02 16:40:00,128,4,108
2024-01-02 16:45:00,115,3,109
2024-01-02 16:50:00,116,3,108
2024-01-02 16:55:00,100,3,101
2024-01-02 17:00:00,106,3,103
2024-01-02 17:05:00,106,4,101
2024-01-02 17:10:00,113,3,105
2024-01-02 17:15:00,114,3,103
2024-01-02 17:20:00,104,3,102
2024-01-02 17:25:00,110,3,107
2024-01-02 17:30:00,91,3,99
2024-01-02 17:35:00,103,3,100
2024-01-02 17:40:00,101,3,104
2024-01-02 17:45:00,97,3,98
2024-01-02 17:50:00,99,3,102
2024-01-02 17:55:00,100,3,105
2024-01-02 18:00:00,101,3,103
2024-01-02 18:05:00,119,4,103
2024-01-02 18:10:00,95,3,105
2024-01-02 18:15:00,97,3,101
2024-01-02 18:20:00,78,2,106
2024-01-02 18:25:00,109,3,103
2024-01-02 18:30:00,87,3,100
2024-01-02 18:35:00,78,2,100
2024-01-02 18:40:00,78,2,105
2024-01-02 18:45:00,75,2,102
2024-01-02 18:50:00,78,2,103
2024-01-02 18:55:00,76,2,99
2024-01-02 19:00:00,85,3,101
2024-01-02 19:05:00,76,2,105
2024-01-02 19:10:00,83,3,101
2024-01-02 19:15:00,76,2,105
2024-01-02 19:20:00,65,2,105
2024-01-02 19:25:00,62,2,103
2024-01-02 19:30:00,61,2,98
2024-01-02 19:35:00,59,2,104
2024-01-02 19:40:00,70,2,101
2024-01-02 19:45:00,62,2,101
2024-01-02 19:50:00,48,1,100
2024-01-02 19:55:00,48,2,97
2024-01-02 20:00:00,49,2,97
2024-01-02 20:05:00,66,2,98
2024-01-02 20:10:00,51,3,96
2024-01-02 20:15:00,56,2,103
2024-01-02 20:20:00,63,3,97
2024-01-02 20:25:00,62,2,98
2024-01-02 20:30:00,49,2,98
2024-01-02 20:35:00,62,2,98
2024-01-02 20:40:00,42,2,100
2024-01-02 20:45:00,54,2,102
2024-01-02 20:50:00,46,2,95
2024-01-02 20:55:00,48,2,99
2024-01-02 21:00:00,62,2,102
2024-01-02 21:05:00,48,1,103
2024-01-02 21:10:00,43,2,96
2024-01-02 21:15:00,40,2,99
2024-01-02 21:20:00,40,2,99
2024-01-02 21:25:00,55,2,100
2024-01-02 21:30:00,37,2,95
2024-01-02 21:35:00,61,2,97
2024-01-02 21:40:00,37,2,96
2024-01-02 21:45:00,56,2,96
2024-01-02 21:50:00,47,2,97
2024-01-02 21:55:00,45,2,92
2024-01-02 22:00:00,44,2,94
2024-01-02 22:05:00,48,2,96
2024-01-02 22:10:00,43,2,96
2024-01-02 22:15:00,46,2,95
2024-01-02 22:20:00,40,2,99
2024-01-02 22:25:00,32,2,89
2024-01-02 22:30:00,25,1,97
2024-01-02 22:35:00,37,1,104
2024-01-02 22:40:00,37,2,93
2024-01-02 22:45:00,31,2,87
2024-01-02 22:50:00,33,2,92
2024-01-02 22:55:00,25,1,102
2024-01-02 23:00:00,28,2,89
2024-01-02 23:05:00,29,2,95
2024-01-02 23:10:00,31,2,94
2024-01-02 23:15:00,22,1,94
2024-01-02 23:20:00,30,1,95
2024-01-02 23:25:00,33,2,91
2024-01-02 23:30:00,24,2,88
2024-01-02 23:35:00,29,2,93
2024-01-02 23:40:00,23,2,91
2024-01-02 23:45:00,25,2,96
2024-01-02 23:50:00,29,2,92
2024-01-02 23:55:00,19,2,91
2024-01-03 00:00:00,23,2,95
2024-01-03 00:05:00,27,1,93
2024-01-03 00:10:00,26,2,94
2024-01-03 00:15:00,22,2,81
2024-01-03 00:20:00,28,2,88
2024-01-03 00:25:00,13,1,97
2024-01-03 00:30:00,19,1,97
2024-01-03 00:35:00,21,1,94
2024-01-03 00:40:00,25,2,95
2024-01-03 00:45:00,15,2,86
2024-01-03 00:50:00,14,1,91
2024-01-03 00:55:00,15,2,92
2024-01-03 01:00:00,18,2,81
2024-01-03 01:05:00,16,1,86
2024-01-03 01:10:00,13,2,93
2024-01-03 01:15:00,17,2,86
2024-01-03 01:20:00,24,1,96
2024-01-03 01:25:00,16,2,87
2024-01-03 01:30:00,13,1,84
2024-01-03 01:35:00,18,1,87
2024-01-03 01:40:00,13,2,92
2024-01-03 01:45:00,24,2,88
2024-01-03 01:50:00,23,2,86
2024-01-03 01:55:00,16,1,96
2024-01-03 02:00:00,17,2,93
2024-01-03 02:05:00,19,2,98
2024-01-03 02:10:00,21,2,97
2024-01-03 02:15:00,13,1,90
2024-01-03 02:20:00,17,2,90
2024-01-03 02:25:00,14,2,84
2024-01-03 02:30:00,10,2,87
2024-01-03 02:35:00,16,2,85
2024-01-03 02:40:00,14,2,87
2024-01-03 02:45:00,16,2,85
2024-01-03 02:50:00,16,2,86
2024-01-03 02:55:00,22,2,91
2024-01-03 03:00:00,9,1,90
2024-01-03 03:05:00,13,1,87
2024-01-03 03:10:00,20,2,86
2024-01-03 03:15:00,14,2,93
2024-01-03 03:20:00,17,1,94
2024-01-03 03:25:00,14,2,83
2024-01-03 03:30:00,15,2,88
2024-01-03 03:35:00,23,2,91
2024-01-03 03:40:00,20,2,87
2024-01-03 03:45:00,22,2,92
2024-01-03 03:50:00,18,2,90
2024-01-03 03:55:00,16,2,87
2024-01-03 04:00:00,19,2,88
2024-01-03 04:05:00,21,2,88
2024-01-03 04:10:00,27,3,85
2024-01-03 04:15:00,35,2,87
2024-01-03 04:20:00,29,2,86
2024-01-03 04:25:00,19,2,85
2024-01-03 04:30:00,23,2,83
2024-01-03 04:35:00,12,1,88
2024-01-03 04:40:00,23,3,84
2024-01-03 04:45:00,26,2,86
2024-01-03 04:50:00,33,3,88
2024-01-03 04:55:00,19,3,87
2024-01-03 05:00:00,35,3,92
2024-01-03 05:05:00,32,3,85
2024-01-03 05:10:00,44,3,84
2024-01-03 05:15:00,29,3,85
2024-01-03 05:20:00,37,2,84
2024-01-03 05:25:00,47,3,88
2024-01-03 05:30:00,36,3,84
2024-01-03 05:35:00,42,4,85
2024-01-03 05:40:00,44,3,85
2024-01-03 05:45:00,31,2,88
2024-01-03 05:50:00,49,3,90
2024-01-03 05:55:00,66,3,90
2024-01-03 06:00:00,39,3,88
2024-01-03 06:05:00,58,3,88
2024-01-03 06:10:00,59,4,89
2024-01-03 06:15:00,50,3,89
2024-01-03 06:20:00,60,3,88
2024-01-03 06:25:00,65,4,89
2024-01-03 06:30:00,63,3,89
2024-01-03 06:35:00,52,3,88
2024-01-03 06:40:00,67,4,89
2024-01-03 06:45:00,61,3,88
2024-01-03 06:50:00,60,3,92
2024-01-03 06:55:00,63,3,89
2024-01-03 07:00:00,65,3,89
2024-01-03 07:05:00,66,4,88
2024-01-03 07:10:00,55,3,95
2024-01-03 07:15:00,54,2,92
2024-01-03 07:20:00,72,3,91
2024-01-03 07:25:00,77,3,94
2024-01-03 07:30:00,86,4,93
2024-01-03 07:35:00,68,3,95
2024-01-03 07:40:00,59,3,92
2024-01-03 07:45:00,81,3,95
2024-01-03 07:50:00,54,2,98
2024-01-03 07:55:00,87,3,99
2024-01-03 08:00:00,68,2,97
2024-01-03 08:05:00,74,3,99
2024-01-03 08:10:00,76,2,102
2024-01-03 08:15:00,80,3,98
2024-01-03 08:20:00,77,2,101
2024-01-03 08:25:00,65,3,99
2024-01-03 08:30:00,80,3,99
2024-01-03 08:35:00,72,2,104
2024-01-03 08:40:00,80,3,97
2024-01-03 08:45:00,52,2,95
2024-01-03 08:50:00,83,3,95
2024-01-03 08:55:00,83,3,96
2024-01-03 09:00:00,63,2,96
2024-01-03 09:05:00,86,3,100
2024-01-03 09:10:00,95,4,96
2024-01-03 09:15:00,85,3,100
2024-01-03 09:20:00,85,3,97
2024-01-03 09:25:00,89,3,96
2024-01-03 09:30:00,114,4,96
2024-01-03 09:35:00,91,3,97
2024-01-03 09:40:00,97,4,96
2024-01-03 09:45:00,117,4,103
2024-01-03 09:50:00,92,3,100
2024-01-03 09:55:00,110,4,100
2024-01-03 10:00:00,118,4,102
2024-01-03 10:05:00,97,4,97
2024-01-03 10:10:00,111,4,102
2024-01-03 10:15:00,93,3,100
2024-01-03 10:20:00,93,3,99
2024-01-03 10:25:00,111,4,104
2024-01-03 10:30:00,112,4,101
2024-01-03 10:35:00,116,4,100
2024-01-03 10:40:00,102,3,102
2024-01-03 10:45:00,109,4,99
2024-01-03 10:50:00,123,4,101
2024-01-03 10:55:00,121,4,101
2024-01-03 11:00:00,124,4,100
2024-01-03 11:05:00,101,3,102
2024-01-03 11:10:00,123,4,99
2024-01-03 11:15:00,127,4,102
2024-01-03 11:20:00,122,5,100
2024-01-03 11:25:00,124,5,101
2024-01-03 11:30:00,110,4,97
2024-01-03 11:35:00,116,4,99
2024-01-03 11:40:00,135,5,101
2024-01-03 11:45:00,120,4,100
2024-01-03 11:50:00,144,5,98
2024-01-03 11:55:00,120,5,97
2024-01-03 12:00:00,101,4,101
2024-01-03 12:05:00,138,5,99
2024-01-03 12:10:00,110,4,99
2024-01-03 12:15:00,126,5,99
2024-01-03 12:20:00,141,5,98
2024-01-03 12:25:00,132,5,102
2024-01-03 12:30:00,147,5,101
2024-01-03 12:35:00,132,5,99
2024-01-03 12:40:00,126,5,100
2024-01-03 12:45:00,111,4,100
2024-01-03 12:50:00,144,5,99
2024-01-03 12:55:00,156,6,98
2024-01-03 13:00:00,116,4,97
2024-01-03 13:05:00,131,5,99
2024-01-03 13:10:00,130,5,97
2024-01-03 13:15:00,135,5,100
2024-01-03 13:20:00,111,4,100
2024-01-03 13:25:00,140,5,97
2024-01-03 13:30:00,144,5,98
2024-01-03 13:35:00,120,4,102
2024-01-03 13:40:00,128,5,96
2024-01-03 13:45:00,138,4,99
2024-01-03 13:50:00,106,4,97
2024-01-03 13:55:00,119,4,101
2024-01-03 14:00:00,123,4,97
2024-01-03 14:05:00,141,5,99
2024-01-03 14:10:00,151,6,100
2024-01-03 14:15:00,119,4,98
2024-01-03 14:20:00,129,5,99
2024-01-03 14:25:00,149,6,99
2024-01-03 14:30:00,150,5,102
2024-01-03 14:35:00,117,4,96
2024-01-03 14:40:00,129,4,100
2024-01-03 14:45:00,157,5,103
2024-01-03 14:50:00,133,5,99
2024-01-03 14:55:00,124,4,103
2024-01-03 15:00:00,128,4,101
2024-01-03 15:05:00,124,4,97
2024-01-03 15:10:00,115,4,103
2024-01-03 15:15:00,126,4,102
2024-01-03 15:20:00,122,4,100
2024-01-03 15:25:00,128,4,102
2024-01-03 15:30:00,137,4,103
2024-01-03 15:35:00,139,4,102
2024-01-03 15:40:00,125,4,103
2024-01-03 15:45:00,136,4,102
2024-01-03 15:50:00,127,4,103
2024-01-03 15:55:00,133,4,108
2024-01-03 16:00:00,126,4,103
2024-01-03 16:05:00,122,3,105
2024-01-03 16:10:00,93,3,104
2024-01-03 16:15:00,135,5,98
2024-01-03 16:20:00,103,3,103
2024-01-03 16:25:00,93,3,101
2024-01-03 16:30:00,105,3,104
2024-01-03 16:35:00,88,3,101
2024-01-03 16:40:00,116,4,102
2024-01-03 16:45:00,117,3,104
2024-01-03 16:50:00,117,4,102
2024-01-03 16:55:00,97,3,99
2024-01-03 17:00:00,114,4,103
2024-01-03 17:05:00,86,3,102
2024-01-03 17:10:00,131,4,100
2024-01-03 17:15:00,110,4,101
2024-01-03 17:20:00,91,3,106
2024-01-03 17:25:00,115,3,102
2024-01-03 17:30:00,104,3,103
2024-01-03 17:35:00,87,3,97
2024-01-03 17:40:00,103,3,101
2024-01-03 17:45:00,90,3,103
2024-01-03 17:50:00,65,2,99
2024-01-03 17:55:00,92,3,98
2024-01-03 18:00:00,101,3,96
2024-01-03 18:05:00,81,3,100
2024-01-03 18:10:00,96,3,101
2024-01-03 18:15:00,93,3,98
2024-01-03 18:20:00,73,3,97
2024-01-03 18:25:00,97,3,99
2024-01-03 18:30:00,94,3,103
2024-01-03 18:35:00,105,4,100
2024-01-03 18:40:00,85,3,100
2024-01-03 18:45:00,61,2,107
2024-01-03 18:50:00,72,3,97
2024-01-03 18:55:00,69,2,102
2024-01-03 19:00:00,73,2,103
2024-01-03 19:05:00,73,3,98
2024-01-03 19:10:00,63,2,98
2024-01-03 19:15:00,64,3,95
2024-01-03 19:20:00,71,2,101
2024-01-03 19:25:00,54,2,103
2024-01-03 19:30:00,63,2,104
2024-01-03 19:35:00,47,2,98
2024-01-03 19:40:00,74,3,101
2024-01-03 19:45:00,64,2,104
2024-01-03 19:50:00,59,2,100
2024-01-03 19:55:00,58,2,102
2024-01-03 20:00:00,55,2,102
2024-01-03 20:05:00,64,2,99
2024-01-03 20:10:00,49,2,92
2024-01-03 20:15:00,46,2,96
2024-01-03 20:20:00,54,2,97
2024-01-03 20:25:00,62,2,100
2024-01-03 20:30:00,53,2,92
2024-01-03 20:35:00,63,2,103
2024-01-03 20:40:00,53,2,100
2024-01-03 20:45:00,36,2,94
2024-01-03 20:50:00,43,2,92
2024-01-03 20:55:00,53,2,99
2024-01-03 21:00:00,46,3,92
2024-01-03 21:05:00,45,2,99
2024-01-03 21:10:00,44,2,98
2024-01-03 21:15:00,48,2,93
2024-01-03 21:20:00,32,2,93
2024-01-03 21:25:00,46,2,93
2024-01-03 21:30:00,63,2,95
2024-01-03 21:35:00,40,2,94
2024-01-03 21:40:00,32,2,90
2024-01-03 21:45:00,43,2,95
2024-01-03 21:50:00,50,2,91
2024-01-03 21:55:00,42,2,94
2024-01-03 22:00:00,44,2,100
2024-01-03 22:05:00,27,2,97
2024-01-03 22:10:00,45,2,100
2024-01-03 22:15:00,40,3,89
2024-01-03 22:20:00,39,2,94
2024-01-03 22:25:00,40,2,98
2024-01-03 22:30:00,36,2,93
2024-01-03 22:35:00,35,2,91
2024-01-03 22:40:00,37,2,92
2024-01-03 22:45:00,43,2,92
2024-01-03 22:50:00,31,1,96
2024-01-03 22:55:00,31,2,87
2024-01-03 23:00:00,43,2,94
2024-01-03 23:05:00,36,2,90
2024-01-03 23:10:00,26,2,98
2024-01-03 23:15:00,30,2,87
2024-01-03 23:20:00,21,2,93
2024-01-03 23:25:00,37,2,89
2024-01-03 23:30:00,23,2,82
2024-01-03 23:35:00,20,2,91
2024-01-03 23:40:00,22,2,96
2024-01-03 23:45:00,23,2,92
2024-01-03 23:50:00,26,1,97
2024-01-03 23:55:00,19,1,95
2024-01-04 00:00:00,25,2,90
2024-01-04 00:05:00,31,2,90
2024-01-04 00:10:00,22,2,86
2024-01-04 00:15:00,24,2,92
2024-01-04 00:20:00,27,2,87
2024-01-04 00:25:00,21,1,97
2024-01-04 00:30:00,14,1,86
2024-01-04 00:35:00,26,2,92
2024-01-04 00:40:00,10,2,92
2024-01-04 00:45:00,18,2,92
2024-01-04 00:50:00,20,3,84
2024-01-04 00:55:00,22,2,99
2024-01-04 01:00:00,22,1,98
2024-01-04 01:05:00,18,2,87
2024-01-04 01:10:00,11,2,85
2024-01-04 01:15:00,19,1,93
2024-01-04 01:20:00,21,2,89
2024-01-04 01:25:00,15,1,90
2024-01-04 01:30:00,20,2,90
2024-01-04 01:35:00,21,2,86
2024-01-04 01:40:00,21,2,95
2024-01-04 01:45:00,10,1,91
2024-01-04 01:50:00,9,2,85
2024-01-04 01:55:00,12,2,88
2024-01-04 02:00:00,21,2,91
2024-01-04 02:05:00,20,2,88
2024-01-04 02:10:00,17,2,93
2024-01-04 02:15:00,14,2,82
2024-01-04 02:20:00,12,3,87
2024-01-04 02:25:00,4,2,88
2024-01-04 02:30:00,23,2,93
2024-01-04 02:35:00,16,1,91
2024-01-04 02:40:00,11,2,85
2024-01-04 02:45:00,23,3,89
2024-01-04 02:50:00,17,2,87
2024-01-04 02:55:00,14,2,91
2024-01-04 03:00:00,6,2,87
2024-01-04 03:05:00,10,1,88
2024-01-04 03:10:00,14,2,84
2024-01-04 03:15:00,11,2,84
2024-01-04 03:20:00,16,1,92
2024-01-04 03:25:00,19,1,90
2024-01-04 03:30:00,21,2,80
2024-01-04 03:35:00,29,3,85
2024-01-04 03:40:00,15,2,80
2024-01-04 03:45:00,21,2,91
2024-01-04 03:50:00,21,2,86
2024-01-04 03:55:00,15,3,86
2024-01-04 04:00:00,18,3,82
2024-01-04 04:05:00,32,2,96
2024-01-04 04:10:00,37,4,84
2024-01-04 04:15:00,13,2,84
2024-01-04 04:20:00,17,2,93
2024-01-04 04:25:00,16,2,85
2024-01-04 04:30:00,21,3,83
2024-01-04 04:35:00,23,2,85
2024-01-04 04:40:00,21,3,86
2024-01-04 04:45:00,36,3,82
2024-01-04 04:50:00,35,3,87
2024-01-04 04:55:00,27,2,90
2024-01-04 05:00:00,21,2,86
2024-01-04 05:05:00,18,3,84
2024-01-04 05:10:00,30,3,85
2024-01-04 05:15:00,39,4,87
2024-01-04 05:20:00,47,4,85
2024-01-04 05:25:00,51,3,91
2024-01-04 05:30:00,43,4,90
2024-01-04 05:35:00,33,3,89
2024-01-04 05:40:00,34,2,87
2024-01-04 05:45:00,52,3,92
2024-01-04 05:50:00,62,4,89
2024-01-04 05:55:00,46,2,92
2024-01-04 06:00:00,67,4,93
2024-01-04 06:05:00,50,3,92
2024-01-04 06:10:00,61,3,91
2024-01-04 06:15:00,60,3,88
2024-01-04 06:20:00,57,3,88
2024-01-04 06:25:00,61,3,91
2024-01-04 06:30:00,51,2,90
2024-01-04 06:35:00,61,3,92
2024-01-04 06:40:00,65,3,91
2024-01-04 06:45:00,65,3,90
2024-01-04 06:50:00,61,3,94
2024-01-04 06:55:00,88,4,92
2024-01-04 07:00:00,60,3,91
2024-01-04 07:05:00,59,3,91
2024-01-04 07:10:00,48,2,96
2024-01-04 07:15:00,75,3,95
2024-01-04 07:20:00,57,3,92
2024-01-04 07:25:00,63,3,95
2024-01-04 07:30:00,65,3,93
2024-01-04 07:35:00,70,3,95
2024-01-04 07:40:00,62,3,98
2024-01-04 07:45:00,75,3,96
2024-01-04 07:50:00,65,2,99
2024-01-04 07:55:00,78,3,101
2024-01-04 08:00:00,67,3,99
2024-01-04 08:05:00,68,3,95
2024-01-04 08:10:00,70,3,100
2024-01-04 08:15:00,79,3,102
2024-01-04 08:20:00,85,3,102
2024-01-04 08:25:00,70,3,97
2024-01-04 08:30:00,88,3,101
2024-01-04 08:35:00,91,4,99
2024-01-04 08:40:00,73,2,101
2024-01-04 08:45:00,83,3,102
2024-01-04 08:50:00,86,2,105
2024-01-04 08:55:00,78,3,102
2024-01-04 09:00:00,84,3,97
2024-01-04 09:05:00,75,3,101
2024-01-04 09:10:00,114,4,102
2024-01-04 09:15:00,89,3,102
2024-01-04 09:20:00,98,4,100
2024-01-04 09:25:00,75,3,98
2024-01-04 09:30:00,107,4,102
2024-01-04 09:35:00,108,3,101
2024-01-04 09:40:00,97,3,102
2024-01-04 09:45:00,85,3,104
2024-01-04 09:50:00,126,4,99
2024-01-04 09:55:00,117,4,98
2024-01-04 10:00:00,107,4,100
2024-01-04 10:05:00,113,4,99
2024-01-04 10:10:00,119,4,100
2024-01-04 10:15:00,101,3,102
2024-01-04 10:20:00,106,4,97
2024-01-04 10:25:00,117,4,102
2024-01-04 10:30:00,111,4,100
2024-01-04 10:35:00,139,4,101
2024-01-04 10:40:00,112,4,102
2024-01-04 10:45:00,93,3,102
2024-01-04 10:50:00,131,4,100
2024-01-04 10:55:00,122,4,100
2024-01-04 11:00:00,122,3,105
2024-01-04 11:05:00,140,4,104
2024-01-04 11:10:00,142,5,102
2024-01-04 11:15:00,125,4,102
2024-01-04 11:20:00,134,4,103
2024-01-04 11:25:00,127,4,104
2024-01-04 11:30:00,121,5,102
2024-01-04 11:35:00,89,4,102
2024-01-04 11:40:00,109,4,103
2024-01-04 11:45:00,103,3,103
2024-01-04 11:50:00,168,6,96
2024-01-04 11:55:00,139,5,99
2024-01-04 12:00:00,140,5,101
2024-01-04 12:05:00,118,4,100
2024-01-04 12:10:00,123,4,100
2024-01-04 12:15:00,133,5,98
2024-01-04 12:20:00,128,5,96
2024-01-04 12:25:00,147,5,100
2024-01-04 12:30:00,164,6,102
2024-01-04 12:35:00,126,5,97
2024-01-04 12:40:00,125,5,97
2024-01-04 12:45:00,140,5,102
2024-01-04 12:50:00,111,4,98
2024-01-04 12:55:00,112,4,102
2024-01-04 13:00:00,123,4,98
2024-01-04 13:05:00,151,5,98
2024-01-04 13:10:00,131,5,98
2024-01-04 13:15:00,147,5,102
2024-01-04 13:20:00,138,5,100
2024-01-04 13:25:00,137,5,100
2024-01-04 13:30:00,126,4,102
2024-01-04 13:35:00,118,4,102
2024-01-04 13:40:00,103,4,99
2024-01-04 13:45:00,150,5,95
2024-01-04 13:50:00,119,4,101
2024-01-04 13:55:00,125,5,96
2024-01-04 14:00:00,130,5,98
2024-01-04 14:05:00,123,4,101
2024-01-04 14:10:00,129,5,101
2024-01-04 14:15:00,126,4,101
2024-01-04 14:20:00,127,5,97
2024-01-04 14:25:00,127,4,102
2024-01-04 14:30:00,144,5,102
2024-01-04 14:35:00,143,5,98
2024-01-04 14:40:00,133,5,101
2024-01-04 14:45:00,143,5,96
2024-01-04 14:50:00,129,4,102
2024-01-04 14:55:00,144,5,99
2024-01-04 15:00:00,178,6,101
2024-01-04 15:05:00,120,4,102
2024-01-04 15:10:00,120,4,99
2024-01-04 15:15:00,137,4,103
2024-01-04 15:20:00,134,4,99
2024-01-04 15:25:00,107,4,100
2024-01-04 15:30:00,125,4,103
2024-01-04 15:35:00,114,4,103
2024-01-04 15:40:00,113,3,103
2024-01-04 15:45:00,124,4,102
2024-01-04 15:50:00,139,4,103
2024-01-04 15:55:00,121,4,99
2024-01-04 16:00:00,137,4,103
2024-01-04 16:05:00,146,5,100
2024-01-04 16:10:00,113,4,100
2024-01-04 16:15:00,99,3,102
2024-01-04 16:20:00,124,4,102
2024-01-04 16:25:00,109,3,107
2024-01-04 16:30:00,114,4,99
2024-01-04 16:35:00,120,4,105
2024-01-04 16:40:00,103,3,106
2024-01-04 16:45:00,109,3,99
2024-01-04 16:50:00,104,3,102
2024-01-04 16:55:00,98,3,107
2024-01-04 17:00:00,99,3,103
2024-01-04 17:05:00,117,4,103
2024-01-04 17:10:00,120,4,104
2024-01-04 17:15:00,109,4,99
2024-01-04 17:20:00,118,4,102
2024-01-04 17:25:00,103,3,104
2024-01-04 17:30:00,124,4,99
2024-01-04 17:35:00,109,3,108
2024-01-04 17:40:00,115,4,98
2024-01-04 17:45:00,92,3,99
2024-01-04 17:50:00,84,3,98
2024-01-04 17:55:00,95,3,101
2024-01-04 18:00:00,85,2,102
2024-01-04 18:05:00,96,3,100
2024-01-04 18:10:00,79,2,105
2024-01-04 18:15:00,77,2,99
2024-01-04 18:20:00,74,3,98
2024-01-04 18:25:00,96,3,99
2024-01-04 18:30:00,84,3,100
2024-01-04 18:35:00,88,3,101
2024-01-04 18:40:00,80,3,98
2024-01-04 18:45:00,88,3,98
2024-01-04 18:50:00,74,3,103
2024-01-04 18:55:00,79,3,95
2024-01-04 19:00:00,91,3,101
2024-01-04 19:05:00,67,3,100
2024-01-04 19:10:00,54,2,104
2024-01-04 19:15:00,79,3,99
2024-01-04 19:20:00,47,2,99
2024-01-04 19:25:00,65,3,96
2024-01-04 19:30:00,78,3,102
2024-01-04 19:35:00,56,2,98
2024-01-04 19:40:00,64,2,98
2024-01-04 19:45:00,54,2,100
2024-01-04 19:50:00,76,2,104
2024-01-04 19:55:00,53,2,102
2024-01-04 20:00:00,62,3,95
2024-01-04 20:05:00,70,3,99
2024-01-04 20:10:00,57,2,92
2024-01-04 20:15:00,72,3,98
2024-01-04 20:20:00,58,2,99
2024-01-04 20:25:00,52,3,97
2024-01-04 20:30:00,55,3,94
2024-01-04 20:35:00,49,2,104
2024-01-04 20:40:00,43,2,97
2024-01-04 20:45:00,51,3,90
2024-01-04 20:50:00,45,2,98
2024-01-04 20:55:00,60,3,95
2024-01-04 21:00:00,50,2,95
2024-01-04 21:05:00,50,2,96
2024-01-04 21:10:00,40,2,100
2024-01-04 21:15:00,52,2,98
2024-01-04 21:20:00,52,3,93
2024-01-04 21:25:00,49,2,92
2024-01-04 21:30:00,36,2,92
2024-01-04 21:35:00,37,2,94
2024-01-04 21:40:00,45,2,97
2024-01-04 21:45:00,29,2,97
2024-01-04 21:50:00,39,2,97
2024-01-04 21:55:00,43,2,95
2024-01-04 22:00:00,36,2,97
2024-01-04 22:05:00,53,2,100
2024-01-04 22:10:00,50,2,96
2024-01-04 22:15:00,37,2,93
2024-01-04 22:20:00,51,2,104
2024-01-04 22:25:00,30,2,94
2024-01-04 22:30:00,34,2,89
2024-01-04 22:35:00,42,2,95
2024-01-04 22:40:00,38,2,93
2024-01-04 22:45:00,36,1,95
2024-01-04 22:50:00,50,2,96
2024-01-04 22:55:00,37,2,97
2024-01-04 23:00:00,32,1,102
2024-01-04 23:05:00,35,2,92
2024-01-04 23:10:00,36,2,92
2024-01-04 23:15:00,33,2,94
2024-01-04 23:20:00,28,1,94
2024-01-04 23:25:00,33,2,91
2024-01-04 23:30:00,37,2,91
2024-01-04 23:35:00,22,1,101
2024-01-04 23:40:00,28,1,95
2024-01-04 23:45:00,24,2,89
2024-01-04 23:50:00,26,2,96
2024-01-04 23:55:00,27,2,87
2024-01-05 00:00:00,19,2,82
2024-01-05 00:05:00,38,2,96
2024-01-05 00:10:00,19,2,94
2024-01-05 00:15:00,22,2,89
2024-01-05 00:20:00,27,2,95
2024-01-05 00:25:00,23,2,93
2024-01-05 00:30:00,16,2,88
2024-01-05 00:35:00,23,2,98
2024-01-05 00:40:00,27,2,91
2024-01-05 00:45:00,30,2,94
2024-01-05 00:50:00,27,3,94
2024-01-05 00:55:00,25,2,93
2024-01-05 01:00:00,24,2,83
2024-01-05 01:05:00,24,2,94
2024-01-05 01:10:00,19,1,90
2024-01-05 01:15:00,24,2,89
2024-01-05 01:20:00,16,1,93
2024-01-05 01:25:00,16,1,89
2024-01-05 01:30:00,22,2,86
2024-01-05 01:35:00,15,1,86
2024-01-05 01:40:00,22,2,97
2024-01-05 01:45:00,16,2,93
2024-01-05 01:50:00,19,2,83
2024-01-05 01:55:00,17,2,91
2024-01-05 02:00:00,17,2,85
2024-01-05 02:05:00,16,2,85
2024-01-05 02:10:00,10,2,84
2024-01-05 02:15:00,9,1,92
2024-01-05 02:20:00,20,2,90
2024-01-05 02:25:00,19,2,92
2024-01-05 02:30:00,17,2,88
2024-01-05 02:35:00,17,2,82
2024-01-05 02:40:00,17,2,87
2024-01-05 02:45:00,9,2,84
2024-01-05 02:50:00,14,2,86
2024-01-05 02:55:00,18,3,82
2024-01-05 03:00:00,9,1,84
2024-01-05 03:05:00,18,2,85
2024-01-05 03:10:00,9,1,89
2024-01-05 03:15:00,21,2,89
2024-01-05 03:20:00,17,2,89
2024-01-05 03:25:00,12,2,92
2024-01-05 03:30:00,17,2,88
2024-01-05 03:35:00,17,3,83
2024-01-05 03:40:00,11,2,86
2024-01-05 03:45:00,17,2,90
2024-01-05 03:50:00,17,1,91
2024-01-05 03:55:00,17,2,88
2024-01-05 04:00:00,19,2,84
2024-01-05 04:05:00,34,2,89
2024-01-05 04:10:00,23,3,87
2024-01-05 04:15:00,22,3,87
2024-01-05 04:20:00,25,3,79
2024-01-05 04:25:00,20,2,86
2024-01-05 04:30:00,23,2,85
2024-01-05 04:35:00,16,2,84
2024-01-05 04:40:00,31,3,86
2024-01-05 04:45:00,30,3,85
2024-01-05 04:50:00,30,2,89
2024-01-05 04:55:00,26,3,85
2024-01-05 05:00:00,34,3,83
2024-01-05 05:05:00,35,2,89
2024-01-05 05:10:00,38,3,83
2024-01-05 05:15:00,38,2,88
2024-01-05 05:20:00,42,4,83
2024-01-05 05:25:00,51,4,86
2024-01-05 05:30:00,53,4,87
2024-01-05 05:35:00,47,3,89
2024-01-05 05:40:00,57,4,84
2024-01-05 05:45:00,54,3,94
2024-01-05 05:50:00,38,3,86
2024-01-05 05:55:00,44,3,91
2024-01-05 06:00:00,49,3,93
2024-01-05 06:05:00,57,3,87
2024-01-05 06:10:00,42,2,91
2024-01-05 06:15:00,60,4,88
2024-01-05 06:20:00,49,2,94
2024-01-05 06:25:00,53,2,90
2024-01-05 06:30:00,58,4,91
2024-01-05 06:35:00,61,3,90
2024-01-05 06:40:00,59,3,92
2024-01-05 06:45:00,60,4,92
2024-01-05 06:50:00,66,3,96
2024-01-05 06:55:00,69,4,88
2024-01-05 07:00:00,43,2,89
2024-01-05 07:05:00,71,3,99
2024-01-05 07:10:00,79,4,92
2024-01-05 07:15:00,58,2,94
2024-01-05 07:20:00,43,2,95
2024-01-05 07:25:00,64,3,93
2024-01-05 07:30:00,73,2,101
2024-01-05 07:35:00,56,3,94
2024-01-05 07:40:00,63,3,94
2024-01-05 07:45:00,67,3,98
2024-01-05 07:50:00,72,3,100
2024-01-05 07:55:00,68,3,96
2024-01-05 08:00:00,62,3,97
2024-01-05 08:05:00,80,3,101
2024-01-05 08:10:00,63,2,102
2024-01-05 08:15:00,78,3,98
2024-01-05 08:20:00,73,3,101
2024-01-05 08:25:00,96,3,102
2024-01-05 08:30:00,78,3,101
2024-01-05 08:35:00,77,3,102
2024-01-05 08:40:00,73,3,99
2024-01-05 08:45:00,83,3,104
2024-01-05 08:50:00,103,4,98
2024-01-05 08:55:00,82,3,99
2024-01-05 09:00:00,83,3,100
2024-01-05 09:05:00,82,3,104
2024-01-05 09:10:00,96,4,96
2024-01-05 09:15:00,100,3,100
2024-01-05 09:20:00,76,3,98
2024-01-05 09:25:00,92,3,100
2024-01-05 09:30:00,110,4,100
2024-01-05 09:35:00,109,4,100
2024-01-05 09:40:00,103,3,104
2024-01-05 09:45:00,93,4,99
2024-01-05 09:50:00,118,4,101
2024-01-05 09:55:00,96,3,103
2024-01-05 10:00:00,92,4,96
2024-01-05 10:05:00,124,4,101
2024-01-05 10:10:00,102,3,102
2024-01-05 10:15:00,118,4,104
2024-01-05 10:20:00,97,3,101
2024-01-05 10:25:00,110,4,101
2024-01-05 10:30:00,105,4,99
2024-01-05 10:35:00,110,4,100
2024-01-05 10:40:00,119,4,101
2024-01-05 10:45:00,118,4,104
2024-01-05 10:50:00,102,4,102
2024-01-05 10:55:00,106,3,101
2024-01-05 11:00:00,148,5,100
2024-01-05 11:05:00,117,4,102
2024-01-05 11:10:00,136,4,105
2024-01-05 11:15:00,133,4,104
2024-01-05 11:20:00,143,4,102
2024-01-05 11:25:00,133,4,104
2024-01-05 11:30:00,122,4,105
2024-01-05 11:35:00,127,4,98
2024-01-05 11:40:00,130,5,103
2024-01-05 11:45:00,121,4,103
2024-01-05 11:50:00,137,5,97
2024-01-05 11:55:00,136,4,103
2024-01-05 12:00:00,129,5,99
2024-01-05 12:05:00,121,4,104
2024-01-05 12:10:00,155,5,104
2024-01-05 12:15:00,139,5,103
2024-01-05 12:20:00,139,5,102
2024-01-05 12:25:00,129,4,102
2024-01-05 12:30:00,146,5,103
2024-01-05 12:35:00,143,5,100
2024-01-05 12:40:00,139,5,99
2024-01-05 12:45:00,164,5,99
2024-01-05 12:50:00,149,5,98
2024-01-05 12:55:00,158,6,102
2024-01-05 13:00:00,142,5,102
2024-01-05 13:05:00,125,5,99
2024-01-05 13:10:00,158,6,97
2024-01-05 13:15:00,138,4,105
2024-01-05 13:20:00,145,5,101
2024-01-05 13:25:00,120,5,97
2024-01-05 13:30:00,154,5,105
2024-01-05 13:35:00,164,6,103
2024-01-05 13:40:00,160,6,100
2024-01-05 13:45:00,135,5,102
2024-01-05 13:50:00,110,4,106
2024-01-05 13:55:00,161,6,101
2024-01-05 14:00:00,146,5,101
2024-01-05 14:05:00,155,6,99
2024-01-05 14:10:00,191,6,100
2024-01-05 14:15:00,150,5,100
2024-01-05 14:20:00,170,5,105
2024-01-05 14:25:00,161,5,100
2024-01-05 14:30:00,162,5,103
2024-01-05 14:35:00,162,5,103
2024-01-05 14:40:00,173,5,104
2024-01-05 14:45:00,168,5,101
2024-01-05 14:50:00,155,5,104
2024-01-05 14:55:00,141,5,103
2024-01-05 15:00:00,182,5,103
2024-01-05 15:05:00,172,6,103
2024-01-05 15:10:00,151,4,105
2024-01-05 15:15:00,162,5,101
2024-01-05 15:20:00,174,5,103
2024-01-05 15:25:00,169,5,103
2024-01-05 15:30:00,146,5,102
2024-01-05 15:35:00,173,5,104
2024-01-05 15:40:00,192,5,104
2024-01-05 15:45:00,192,6,104
2024-01-05 15:50:00,141,4,104
2024-01-05 15:55:00,173,5,107
2024-01-05 16:00:00,157,5,101
2024-01-05 16:05:00,171,5,103
2024-01-05 16:10:00,188,5,109
2024-01-05 16:15:00,168,5,106
2024-01-05 16:20:00,157,4,107
2024-01-05 16:25:00,157,5,105
2024-01-05 16:30:00,150,4,108
2024-01-05 16:35:00,151,4,107
2024-01-05 16:40:00,148,4,106
2024-01-05 16:45:00,143,4,105
2024-01-05 16:50:00,146,4,105
2024-01-05 16:55:00,181,5,105
2024-01-05 17:00:00,131,4,103
2024-01-05 17:05:00,175,5,107
2024-01-05 17:10:00,150,4,105
2024-01-05 17:15:00,164,5,107
2024-01-05 17:20:00,136,4,103
2024-01-05 17:25:00,153,4,106
2024-01-05 17:30:00,150,5,104
2024-01-05 17:35:00,151,4,101
2024-01-05 17:40:00,146,5,101
2024-01-05 17:45:00,147,4,104
2024-01-05 17:50:00,148,4,100
2024-01-05 17:55:00,158,5,104
2024-01-05 18:00:00,175,5,102
2024-01-05 18:05:00,156,4,107
2024-01-05 18:10:00,135,4,104
2024-01-05 18:15:00,121,4,103
2024-01-05 18:20:00,147,5,99
2024-01-05 18:25:00,163,5,104
2024-01-05 18:30:00,106,3,101
2024-01-05 18:35:00,169,5,100
2024-01-05 18:40:00,140,4,101
2024-01-05 18:45:00,135,4,102
2024-01-05 18:50:00,125,4,100
2024-01-05 18:55:00,133,4,103
2024-01-05 19:00:00,151,5,105
2024-01-05 19:05:00,119,3,102
2024-01-05 19:10:00,135,4,103
2024-01-05 19:15:00,113,3,100
2024-01-05 19:20:00,104,3,107
2024-01-05 19:25:00,121,4,103
2024-01-05 19:30:00,153,4,107
2024-01-05 19:35:00,114,4,102
2024-01-05 19:40:00,103,3,104
2024-01-05 19:45:00,127,4,105
2024-01-05 19:50:00,100,3,105
2024-01-05 19:55:00,96,2,106
2024-01-05 20:00:00,99,3,107
2024-01-05 20:05:00,99,3,105
2024-01-05 20:10:00,106,3,106
2024-01-05 20:15:00,90,3,105
2024-01-05 20:20:00,78,2,101
2024-01-05 20:25:00,105,3,107
2024-01-05 20:30:00,65,2,107
2024-01-05 20:35:00,72,2,106
2024-01-05 20:40:00,79,2,104
2024-01-05 20:45:00,79,2,106
2024-01-05 20:50:00,87,3,105
2024-01-05 20:55:00,93,3,103
2024-01-05 21:00:00,62,2,98
2024-01-05 21:05:00,89,3,103
2024-01-05 21:10:00,79,2,105
2024-01-05 21:15:00,71,2,106
2024-01-05 21:20:00,91,2,106
2024-01-05 21:25:00,52,2,102
2024-01-05 21:30:00,64,2,102
2024-01-05 21:35:00,79,2,107
2024-01-05 21:40:00,64,2,99
2024-01-05 21:45:00,62,2,101
2024-01-05 21:50:00,65,3,103
2024-01-05 21:55:00,77,2,99
2024-01-05 22:00:00,63,2,100
2024-01-05 22:05:00,59,2,106
2024-01-05 22:10:00,43,2,102
2024-01-05 22:15:00,58,2,103
2024-01-05 22:20:00,67,2,102
2024-01-05 22:25:00,46,2,102
2024-01-05 22:30:00,40,1,101
2024-01-05 22:35:00,44,1,102
2024-01-05 22:40:00,50,2,100
2024-01-05 22:45:00,62,2,103
2024-01-05 22:50:00,49,1,100
2024-01-05 22:55:00,33,1,104
2024-01-05 23:00:00,40,1,101
2024-01-05 23:05:00,38,1,99
2024-01-05 23:10:00,55,2,102
2024-01-05 23:15:00,45,1,103
2024-01-05 23:20:00,32,1,102
2024-01-05 23:25:00,35,2,100
2024-01-05 23:30:00,37,2,96
2024-01-05 23:35:00,37,1,95
2024-01-05 23:40:00,25,1,102
2024-01-05 23:45:00,31,1,99
2024-01-05 23:50:00,35,2,96
2024-01-05 23:55:00,27,2,94
2024-01-06 00:00:00,28,1,99
2024-01-06 00:05:00,22,1,99
2024-01-06 00:10:00,29,1,102
2024-01-06 00:15:00,30,1,103
2024-01-06 00:20:00,30,1,94
2024-01-06 00:25:00,28,1,100
2024-01-06 00:30:00,32,1,98
2024-01-06 00:35:00,21,1,96
2024-01-06 00:40:00,25,2,99
2024-01-06 00:45:00,22,1,90
2024-01-06 00:50:00,25,2,101
2024-01-06 00:55:00,24,1,94
2024-01-06 01:00:00,25,1,95
2024-01-06 01:05:00,26,1,101
2024-01-06 01:10:00,21,2,96
2024-01-06 01:15:00,22,1,97
2024-01-06 01:20:00,33,1,102
2024-01-06 01:25:00,24,1,95
2024-01-06 01:30:00,24,1,97
2024-01-06 01:35:00,10,1,84
2024-01-06 01:40:00,23,1,91
2024-01-06 01:45:00,14,1,90
2024-01-06 01:50:00,13,1,86
2024-01-06 01:55:00,21,2,89
2024-01-06 02:00:00,14,1,90
2024-01-06 02:05:00,15,2,86
2024-01-06 02:10:00,21,2,92
2024-01-06 02:15:00,17,1,94
2024-01-06 02:20:00,26,2,87
2024-01-06 02:25:00,15,1,86
2024-01-06 02:30:00,13,2,85
2024-01-06 02:35:00,19,2,88
2024-01-06 02:40:00,10,2,93
2024-01-06 02:45:00,23,1,94
2024-01-06 02:50:00,25,2,92
2024-01-06 02:55:00,18,2,95
2024-01-06 03:00:00,18,2,88
2024-01-06 03:05:00,16,2,84
2024-01-06 03:10:00,14,1,92
2024-01-06 03:15:00,20,2,86
2024-01-06 03:20:00,27,2,94
2024-01-06 03:25:00,15,1,88
2024-01-06 03:30:00,12,2,81
2024-01-06 03:35:00,21,1,89
2024-01-06 03:40:00,12,1,89
2024-01-06 03:45:00,18,1,90
2024-01-06 03:50:00,19,2,89
2024-01-06 03:55:00,21,2,86
2024-01-06 04:00:00,16,2,88
2024-01-06 04:05:00,18,2,83
2024-01-06 04:10:00,20,2,87
2024-01-06 04:15:00,29,2,85
2024-01-06 04:20:00,17,2,87
2024-01-06 04:25:00,21,2,87
2024-01-06 04:30:00,23,2,83
2024-01-06 04:35:00,23,2,88
2024-01-06 04:40:00,17,2,84
2024-01-06 04:45:00,25,3,88
2024-01-06 04:50:00,27,3,83
2024-01-06 04:55:00,23,2,88
2024-01-06 05:00:00,24,2,87
2024-01-06 05:05:00,43,3,91
2024-01-06 05:10:00,25,2,95
2024-01-06 05:15:00,22,1,94
2024-01-06 05:20:00,31,2,87
2024-01-06 05:25:00,24,3,84
2024-01-06 05:30:00,28,2,82
2024-01-06 05:35:00,27,3,83
2024-01-06 05:40:00,32,2,90
2024-01-06 05:45:00,31,2,91
2024-01-06 05:50:00,37,2,87
2024-01-06 05:55:00,36,2,90
2024-01-06 06:00:00,27,2,86
2024-01-06 06:05:00,42,2,90
2024-01-06 06:10:00,54,2,99
2024-01-06 06:15:00,37,2,92
2024-01-06 06:20:00,48,2,95
2024-01-06 06:25:00,47,2,94
2024-01-06 06:30:00,50,2,93
2024-01-06 06:35:00,44,2,93
2024-01-06 06:40:00,47,3,92
2024-01-06 06:45:00,40,2,93
2024-01-06 06:50:00,56,3,92
2024-01-06 06:55:00,53,3,91
2024-01-06 07:00:00,55,3,96
2024-01-06 07:05:00,38,3,92
2024-01-06 07:10:00,47,2,97
2024-01-06 07:15:00,45,2,97
2024-01-06 07:20:00,51,2,97
2024-01-06 07:25:00,42,2,96
2024-01-06 07:30:00,41,2,97
2024-01-06 07:35:00,53,2,105
2024-01-06 07:40:00,47,2,103
2024-01-06 07:45:00,54,2,105
2024-01-06 07:50:00,46,2,97
2024-01-06 07:55:00,45,2,101
2024-01-06 08:00:00,60,2,103
2024-01-06 08:05:00,49,2,100
2024-01-06 08:10:00,57,2,106
2024-01-06 08:15:00,57,2,102
2024-01-06 08:20:00,73,2,104
2024-01-06 08:25:00,56,2,112
2024-01-06 08:30:00,73,2,110
2024-01-06 08:35:00,64,2,108
2024-01-06 08:40:00,70,2,109
2024-01-06 08:45:00,78,2,105
2024-01-06 08:50:00,49,2,102
2024-01-06 08:55:00,70,2,103
2024-01-06 09:00:00,88,3,108
2024-01-06 09:05:00,68,2,102
2024-01-06 09:10:00,96,3,106
2024-01-06 09:15:00,65,2,107
2024-01-06 09:20:00,97,3,103
2024-01-06 09:25:00,105,3,107
2024-01-06 09:30:00,94,3,113
2024-01-06 09:35:00,96,2,108
2024-01-06 09:40:00,82,2,111
2024-01-06 09:45:00,90,3,111
2024-01-06 09:50:00,121,3,112
2024-01-06 09:55:00,138,4,107
2024-01-06 10:00:00,111,3,106
2024-01-06 10:05:00,111,3,105
2024-01-06 10:10:00,106,3,108
2024-01-06 10:15:00,134,3,109
2024-01-06 10:20:00,137,4,110
2024-01-06 10:25:00,123,3,108
2024-01-06 10:30:00,142,4,109
2024-01-06 10:35:00,153,4,111
2024-01-06 10:40:00,139,4,109
2024-01-06 10:45:00,168,4,107
2024-01-06 10:50:00,170,4,109
2024-01-06 10:55:00,182,5,108
2024-01-06 11:00:00,184,5,109
2024-01-06 11:05:00,185,5,107
2024-01-06 11:10:00,194,5,107
2024-01-06 11:15:00,172,4,111
2024-01-06 11:20:00,180,5,106
2024-01-06 11:25:00,204,6,108
2024-01-06 11:30:00,208,6,105
2024-01-06 11:35:00,222,6,105
2024-01-06 11:40:00,185,5,109
2024-01-06 11:45:00,205,6,109
2024-01-06 11:50:00,170,4,105
2024-01-06 11:55:00,186,5,108
2024-01-06 12:00:00,187,5,107
2024-01-06 12:05:00,168,4,111
2024-01-06 12:10:00,168,5,107
2024-01-06 12:15:00,168,5,106
2024-01-06 12:20:00,175,5,107
2024-01-06 12:25:00,162,4,110
2024-01-06 12:30:00,166,4,108
2024-01-06 12:35:00,151,3,114
2024-01-06 12:40:00,151,4,110
2024-01-06 12:45:00,152,4,108
2024-01-06 12:50:00,161,4,112
2024-01-06 12:55:00,132,3,111
2024-01-06 13:00:00,158,4,109
2024-01-06 13:05:00,152,4,109
2024-01-06 13:10:00,171,5,107
2024-01-06 13:15:00,156,4,111
2024-01-06 13:20:00,150,4,106
2024-01-06 13:25:00,159,4,108
2024-01-06 13:30:00,162,4,108
2024-01-06 13:35:00,146,3,110
2024-01-06 13:40:00,160,4,106
2024-01-06 13:45:00,171,4,112
2024-01-06 13:50:00,175,4,104
2024-01-06 13:55:00,180,5,107
2024-01-06 14:00:00,158,4,110
2024-01-06 14:05:00,154,4,112
2024-01-06 14:10:00,167,4,110
2024-01-06 14:15:00,168,4,108
2024-01-06 14:20:00,144,4,105
2024-01-06 14:25:00,208,5,109
2024-01-06 14:30:00,159,4,111
2024-01-06 14:35:00,151,4,107
2024-01-06 14:40:00,183,5,108
2024-01-06 14:45:00,161,4,108
2024-01-06 14:50:00,165,4,106
2024-01-06 14:55:00,197,5,106
2024-01-06 15:00:00,137,4,105
2024-01-06 15:05:00,155,4,108
2024-01-06 15:10:00,173,4,108
2024-01-06 15:15:00,168,4,109
2024-01-06 15:20:00,173,4,107
2024-01-06 15:25:00,165,4,111
2024-01-06 15:30:00,185,5,109
2024-01-06 15:35:00,148,4,108
2024-01-06 15:40:00,182,5,107
2024-01-06 15:45:00,193,5,106
2024-01-06 15:50:00,181,4,104
2024-01-06 15:55:00,170,4,109
2024-01-06 16:00:00,174,4,108
2024-01-06 16:05:00,141,3,110
2024-01-06 16:10:00,167,4,110
2024-01-06 16:15:00,154,4,106
2024-01-06 16:20:00,153,4,110
2024-01-06 16:25:00,149,4,110
2024-01-06 16:30:00,150,3,107
2024-01-06 16:35:00,164,4,107
2024-01-06 16:40:00,170,4,107
2024-01-06 16:45:00,162,4,111
2024-01-06 16:50:00,161,4,106
2024-01-06 16:55:00,122,3,108
2024-01-06 17:00:00,150,4,104
2024-01-06 17:05:00,148,4,107
2024-01-06 17:10:00,161,4,104
2024-01-06 17:15:00,129,3,106
2024-01-06 17:20:00,146,4,108
2024-01-06 17:25:00,150,4,108
2024-01-06 17:30:00,147,3,111
2024-01-06 17:35:00,118,3,108
2024-01-06 17:40:00,121,3,111
2024-01-06 17:45:00,108,3,108
2024-01-06 17:50:00,130,3,107
2024-01-06 17:55:00,99,2,107
2024-01-06 18:00:00,128,4,103
2024-01-06 18:05:00,99,2,107
2024-01-06 18:10:00,128,3,107
2024-01-06 18:15:00,104,3,105
2024-01-06 18:20:00,97,2,108
2024-01-06 18:25:00,115,3,104
2024-01-06 18:30:00,86,2,106
2024-01-06 18:35:00,97,2,106
2024-01-06 18:40:00,89,2,105
2024-01-06 18:45:00,96,2,108
2024-01-06 18:50:00,79,2,107
2024-01-06 18:55:00,78,2,105
2024-01-06 19:00:00,102,3,109
2024-01-06 19:05:00,83,2,105
2024-01-06 19:10:00,78,2,108
2024-01-06 19:15:00,87,2,108
2024-01-06 19:20:00,66,2,102
2024-01-06 19:25:00,90,3,104
2024-01-06 19:30:00,73,2,105
2024-01-06 19:35:00,78,2,108
2024-01-06 19:40:00,73,2,106
2024-01-06 19:45:00,75,2,103
2024-01-06 19:50:00,64,1,110
2024-01-06 19:55:00,68,2,102
2024-01-06 20:00:00,64,2,106
2024-01-06 20:05:00,71,2,107
2024-01-06 20:10:00,64,2,110
2024-01-06 20:15:00,58,2,103
2024-01-06 20:20:00,50,2,105
2024-01-06 20:25:00,59,2,104
2024-01-06 20:30:00,55,1,104
2024-01-06 20:35:00,54,2,105
2024-01-06 20:40:00,50,1,110
2024-01-06 20:45:00,63,2,109
2024-01-06 20:50:00,63,2,105
2024-01-06 20:55:00,50,1,108
2024-01-06 21:00:00,60,2,109
2024-01-06 21:05:00,53,2,103
2024-01-06 21:10:00,39,1,105
2024-01-06 21:15:00,41,1,103
2024-01-06 21:20:00,47,1,106
2024-01-06 21:25:00,45,2,100
2024-01-06 21:30:00,49,2,108
2024-01-06 21:35:00,49,2,96
2024-01-06 21:40:00,59,1,100
2024-01-06 21:45:00,48,2,100
2024-01-06 21:50:00,37,1,104
2024-01-06 21:55:00,52,2,105
2024-01-06 22:00:00,38,1,103
2024-01-06 22:05:00,30,1,97
2024-01-06 22:10:00,40,1,98
2024-01-06 22:15:00,40,1,102
2024-01-06 22:20:00,44,2,106
2024-01-06 22:25:00,37,1,103
2024-01-06 22:30:00,37,1,109
2024-01-06 22:35:00,31,1,109
2024-01-06 22:40:00,33,1,104
2024-01-06 22:45:00,24,1,101
2024-01-06 22:50:00,36,1,101
2024-01-06 22:55:00,25,1,101
2024-01-06 23:00:00,20,1,114
2024-01-06 23:05:00,23,1,105
2024-01-06 23:10:00,21,1,100
2024-01-06 23:15:00,24,1,109
2024-01-06 23:20:00,31,1,107
2024-01-06 23:25:00,25,1,99
2024-01-06 23:30:00,22,1,101
2024-01-06 23:35:00,17,1,99
2024-01-06 23:40:00,26,1,105
2024-01-06 23:45:00,7,1,95
2024-01-06 23:50:00,26,1,109
2024-01-06 23:55:00,15,1,94
2024-01-07 00:00:00,18,1,108
2024-01-07 00:05:00,14,1,96
2024-01-07 00:10:00,21,1,98
2024-01-07 00:15:00,10,1,93
2024-01-07 00:20:00,20,1,90
2024-01-07 00:25:00,21,1,105
2024-01-07 00:30:00,8,1,101
2024-01-07 00:35:00,13,1,97
2024-01-07 00:40:00,20,3,93
2024-01-07 00:45:00,9,1,106
2024-01-07 00:50:00,24,1,103
2024-01-07 00:55:00,15,1,94
2024-01-07 01:00:00,18,1,96
2024-01-07 01:05:00,18,1,103
2024-01-07 01:10:00,16,1,105
2024-01-07 01:15:00,13,1,92
2024-01-07 01:20:00,12,1,96
2024-01-07 01:25:00,7,1,102
2024-01-07 01:30:00,11,1,99
2024-01-07 01:35:00,2,1,89
2024-01-07 01:40:00,8,1,93
2024-01-07 01:45:00,8,1,99
2024-01-07 01:50:00,6,1,85
2024-01-07 01:55:00,8,1,93
2024-01-07 02:00:00,4,1,92
2024-01-07 02:05:00,7,1,88
2024-01-07 02:10:00,10,1,100
2024-01-07 02:15:00,8,1,94
2024-01-07 02:20:00,8,1,90
2024-01-07 02:25:00,10,1,96
2024-01-07 02:30:00,8,1,94
2024-01-07 02:35:00,8,1,95
2024-01-07 02:40:00,10,1,88
2024-01-07 02:45:00,3,0,114
2024-01-07 02:50:00,15,2,93
2024-01-07 02:55:00,5,0,95
2024-01-07 03:00:00,13,1,97
2024-01-07 03:05:00,9,3,94
2024-01-07 03:10:00,5,1,97
2024-01-07 03:15:00,5,1,86
2024-01-07 03:20:00,4,1,99
2024-01-07 03:25:00,5,2,83
2024-01-07 03:30:00,13,2,92
2024-01-07 03:35:00,5,1,106
2024-01-07 03:40:00,8,1,112
2024-01-07 03:45:00,2,0,122
2024-01-07 03:50:00,3,0,101
2024-01-07 03:55:00,6,1,89
2024-01-07 04:00:00,8,1,87
2024-01-07 04:05:00,1,1,74
2024-01-07 04:10:00,8,1,108
2024-01-07 04:15:00,7,0,118
2024-01-07 04:20:00,4,1,86
2024-01-07 04:25:00,8,1,91
2024-01-07 04:30:00,6,1,97
2024-01-07 04:35:00,11,1,98
2024-01-07 04:40:00,9,1,91
2024-01-07 04:45:00,5,1,100
2024-01-07 04:50:00,14,1,92
2024-01-07 04:55:00,6,0,99
2024-01-07 05:00:00,9,1,94
2024-01-07 05:05:00,9,1,88
2024-01-07 05:10:00,8,1,99
2024-01-07 05:15:00,8,1,87
2024-01-07 05:20:00,9,1,92
2024-01-07 05:25:00,12,1,99
2024-01-07 05:30:00,11,1,93
2024-01-07 05:35:00,10,1,90
2024-01-07 05:40:00,11,1,97
2024-01-07 05:45:00,16,1,100
2024-01-07 05:50:00,21,2,89
2024-01-07 05:55:00,24,1,94
2024-01-07 06:00:00,16,1,101
2024-01-07 06:05:00,19,1,104
2024-01-07 06:10:00,8,1,102
2024-01-07 06:15:00,17,1,92
2024-01-07 06:20:00,21,1,98
2024-01-07 06:25:00,17,1,100
2024-01-07 06:30:00,22,1,96
2024-01-07 06:35:00,25,1,98
2024-01-07 06:40:00,19,1,102
2024-01-07 06:45:00,22,0,105
2024-01-07 06:50:00,17,1,94
2024-01-07 06:55:00,17,1,105
2024-01-07 07:00:00,18,2,90
2024-01-07 07:05:00,20,1,99
2024-01-07 07:10:00,27,1,93
2024-01-07 07:15:00,24,1,96
2024-01-07 07:20:00,16,1,102
2024-01-07 07:25:00,20,0,105
2024-01-07 07:30:00,20,1,92
2024-01-07 07:35:00,19,1,99
2024-01-07 07:40:00,21,1,92
2024-01-07 07:45:00,28,1,98
2024-01-07 07:50:00,27,1,98
2024-01-07 07:55:00,16,2,100
2024-01-07 08:00:00,29,1,109
2024-01-07 08:05:00,27,1,103
2024-01-07 08:10:00,38,1,104
2024-01-07 08:15:00,27,1,109
2024-01-07 08:20:00,33,1,108
2024-01-07 08:25:00,31,1,108
2024-01-07 08:30:00,34,1,105
2024-01-07 08:35:00,32,1,108
2024-01-07 08:40:00,27,1,108
2024-01-07 08:45:00,40,1,101
2024-01-07 08:50:00,34,1,102
2024-01-07 08:55:00,47,1,107
2024-01-07 09:00:00,57,1,105
2024-01-07 09:05:00,52,1,107
2024-01-07 09:10:00,44,1,108
2024-01-07 09:15:00,41,1,105
2024-01-07 09:20:00,51,2,101
2024-01-07 09:25:00,62,1,111
2024-01-07 09:30:00,60,1,110
2024-01-07 09:35:00,57,1,104
2024-01-07 09:40:00,64,1,110
2024-01-07 09:45:00,80,2,108
2024-01-07 09:50:00,72,2,103
2024-01-07 09:55:00,104,2,110
2024-01-07 10:00:00,83,2,113
2024-01-07 10:05:00,77,2,106
2024-01-07 10:10:00,103,2,113
2024-01-07 10:15:00,96,3,108
2024-01-07 10:20:00,103,2,111
2024-01-07 10:25:00,90,2,108
2024-01-07 10:30:00,101,2,111
2024-01-07 10:35:00,119,3,109
2024-01-07 10:40:00,120,3,111
2024-01-07 10:45:00,96,2,108
2024-01-07 10:50:00,110,3,112
2024-01-07 10:55:00,133,3,109
2024-01-07 11:00:00,132,3,107
2024-01-07 11:05:00,102,2,113
2024-01-07 11:10:00,127,3,106
2024-01-07 11:15:00,116,3,108
2024-01-07 11:20:00,153,4,107
2024-01-07 11:25:00,146,3,110
2024-01-07 11:30:00,132,3,110
2024-01-07 11:35:00,127,3,108
2024-01-07 11:40:00,131,3,106
2024-01-07 11:45:00,140,3,109
2024-01-07 11:50:00,132,3,110
2024-01-07 11:55:00,116,3,106
2024-01-07 12:00:00,154,4,108
2024-01-07 12:05:00,130,3,108
2024-01-07 12:10:00,137,3,110
2024-01-07 12:15:00,124,3,106
2024-01-07 12:20:00,118,3,113
2024-01-07 12:25:00,118,3,112
2024-01-07 12:30:00,132,3,110
2024-01-07 12:35:00,146,3,111
2024-01-07 12:40:00,118,3,110
2024-01-07 12:45:00,125,3,108
2024-01-07 12:50:00,136,3,107
2024-01-07 12:55:00,119,3,111
2024-01-07 13:00:00,129,3,109
2024-01-07 13:05:00,120,3,109
2024-01-07 13:10:00,138,4,106
2024-01-07 13:15:00,117,3,112
2024-01-07 13:20:00,116,3,110
2024-01-07 13:25:00,119,3,111
2024-01-07 13:30:00,121,3,110
2024-01-07 13:35:00,146,4,108
2024-01-07 13:40:00,142,4,107
2024-01-07 13:45:00,145,3,111
2024-01-07 13:50:00,183,4,112
2024-01-07 13:55:00,136,3,109
2024-01-07 14:00:00,165,4,111
2024-01-07 14:05:00,153,4,110
2024-01-07 14:10:00,148,4,110
2024-01-07 14:15:00,161,4,109
2024-01-07 14:20:00,169,4,109
2024-01-07 14:25:00,160,4,109
2024-01-07 14:30:00,154,4,108
2024-01-07 14:35:00,158,4,108
2024-01-07 14:40:00,172,4,105
2024-01-07 14:45:00,165,4,109
2024-01-07 14:50:00,153,4,112
2024-01-07 14:55:00,176,4,107
2024-01-07 15:00:00,160,4,111
2024-01-07 15:05:00,161,4,110
2024-01-07 15:10:00,187,5,106
2024-01-07 15:15:00,168,4,111
2024-01-07 15:20:00,159,4,112
2024-01-07 15:25:00,173,4,111
2024-01-07 15:30:00,144,3,109
2024-01-07 15:35:00,193,5,106
2024-01-07 15:40:00,196,5,108
2024-01-07 15:45:00,169,4,109
2024-01-07 15:50:00,171,4,110
2024-01-07 15:55:00,147,3,108
2024-01-07 16:00:00,156,4,105
2024-01-07 16:05:00,158,4,106
2024-01-07 16:10:00,173,4,110
2024-01-07 16:15:00,181,4,106
2024-01-07 16:20:00,155,4,108
2024-01-07 16:25:00,167,4,108
2024-01-07 16:30:00,172,4,108
2024-01-07 16:35:00,171,4,111
2024-01-07 16:40:00,169,4,111
2024-01-07 16:45:00,165,4,106
2024-01-07 16:50:00,178,5,108
2024-01-07 16:55:00,168,4,112
2024-01-07 17:00:00,153,4,110
2024-01-07 17:05:00,144,3,110
2024-01-07 17:10:00,169,4,105
2024-01-07 17:15:00,166,4,108
2024-01-07 17:20:00,167,4,107
2024-01-07 17:25:00,169,4,104
2024-01-07 17:30:00,148,4,105
2024-01-07 17:35:00,160,4,107
2024-01-07 17:40:00,129,3,107
2024-01-07 17:45:00,121,3,106
2024-01-07 17:50:00,130,3,105
2024-01-07 17:55:00,130,3,106
2024-01-07 18:00:00,122,3,105
2024-01-07 18:05:00,133,3,105
2024-01-07 18:10:00,116,3,106
2024-01-07 18:15:00,114,3,103
2024-01-07 18:20:00,116,3,107
2024-01-07 18:25:00,97,3,104
2024-01-07 18:30:00,110,2,105
2024-01-07 18:35:00,107,3,104
2024-01-07 18:40:00,136,4,103
2024-01-07 18:45:00,122,3,106
2024-01-07 18:50:00,99,3,104
2024-01-07 18:55:00,93,2,107
2024-01-07 19:00:00,91,2,107
2024-01-07 19:05:00,81,2,106
2024-01-07 19:10:00,83,2,103
2024-01-07 19:15:00,93,3,103
2024-01-07 19:20:00,82,2,106
2024-01-07 19:25:00,92,2,108
2024-01-07 19:30:00,88,2,107
2024-01-07 19:35:00,81,2,106
2024-01-07 19:40:00,107,3,107
2024-01-07 19:45:00,94,2,106
2024-01-07 19:50:00,96,2,108
2024-01-07 19:55:00,88,2,105
2024-01-07 20:00:00,83,2,104
2024-01-07 20:05:00,109,3,101
2024-01-07 20:10:00,101,2,107
2024-01-07 20:15:00,81,2,107
2024-01-07 20:20:00,107,3,106
2024-01-07 20:25:00,87,2,106
2024-01-07 20:30:00,84,2,108
2024-01-07 20:35:00,79,2,106
2024-01-07 20:40:00,87,2,106
2024-01-07 20:45:00,71,2,107
2024-01-07 20:50:00,61,2,111
2024-01-07 20:55:00,83,3,107
2024-01-07 21:00:00,67,2,105
2024-01-07 21:05:00,66,2,105
2024-01-07 21:10:00,64,2,103
2024-01-07 21:15:00,74,2,108
2024-01-07 21:20:00,67,2,110
2024-01-07 21:25:00,61,2,106
2024-01-07 21:30:00,70,2,104
2024-01-07 21:35:00,57,2,100
2024-01-07 21:40:00,54,2,103
2024-01-07 21:45:00,63,2,103
2024-01-07 21:50:00,54,2,109
2024-01-07 21:55:00,63,2,105
2024-01-07 22:00:00,42,1,96
2024-01-07 22:05:00,51,2,104
2024-01-07 22:10:00,56,2,104
2024-01-07 22:15:00,43,1,99
2024-01-07 22:20:00,54,1,109
2024-01-07 22:25:00,39,1,102
2024-01-07 22:30:00,44,2,101
2024-01-07 22:35:00,44,2,103
2024-01-07 22:40:00,45,2,103
2024-01-07 22:45:00,34,1,102
2024-01-07 22:50:00,24,1,104
2024-01-07 22:55:00,38,1,103
2024-01-07 23:00:00,43,2,97
2024-01-07 23:05:00,29,2,96
2024-01-07 23:10:00,27,1,98
2024-01-07 23:15:00,31,1,104
2024-01-07 23:20:00,25,1,106
2024-01-07 23:25:00,37,1,101
2024-01-07 23:30:00,28,1,100
2024-01-07 23:35:00,34,2,100
2024-01-07 23:40:00,21,1,106
2024-01-07 23:45:00,21,1,98
2024-01-07 23:50:00,34,1,105
2024-01-07 23:55:00,16,1,95
2024-01-08 00:00:00,30,1,97
2024-01-08 00:05:00,27,1,100
2024-01-08 00:10:00,23,1,95
2024-01-08 00:15:00,14,1,97
2024-01-08 00:20:00,22,1,99
2024-01-08 00:25:00,14,1,90
2024-01-08 00:30:00,22,1,97
2024-01-08 00:35:00,17,1,92
2024-01-08 00:40:00,19,1,103
2024-01-08 00:45:00,20,1,94
2024-01-08 00:50:00,20,1,96
2024-01-08 00:55:00,21,1,99
2024-01-08 01:00:00,13,1,88
2024-01-08 01:05:00,9,1,99
2024-01-08 01:10:00,13,1,92
2024-01-08 01:15:00,14,1,95
2024-01-08 01:20:00,16,1,89
2024-01-08 01:25:00,14,1,103
2024-01-08 01:30:00,11,1,95
2024-01-08 01:35:00,16,2,87
2024-01-08 01:40:00,7,2,83
2024-01-08 01:45:00,18,2,94
2024-01-08 01:50:00,11,1,88
2024-01-08 01:55:00,12,1,90
2024-01-08 02:00:00,14,1,95
2024-01-08 02:05:00,6,2,96
2024-01-08 02:10:00,16,3,89
2024-01-08 02:15:00,16,2,89
2024-01-08 02:20:00,8,2,87
2024-01-08 02:25:00,6,1,98
2024-01-08 02:30:00,7,1,87
2024-01-08 02:35:00,9,2,83
2024-01-08 02:40:00,8,1,97
2024-01-08 02:45:00,4,1,96
2024-01-08 02:50:00,6,2,87
2024-01-08 02:55:00,13,1,90
2024-01-08 03:00:00,10,1,95
2024-01-08 03:05:00,13,2,96
2024-01-08 03:10:00,5,1,89
2024-01-08 03:15:00,19,1,93
2024-01-08 03:20:00,8,1,96
2024-01-08 03:25:00,17,3,86
2024-01-08 03:30:00,8,1,93
2024-01-08 03:35:00,15,2,85
2024-01-08 03:40:00,12,1,98
2024-01-08 03:45:00,17,2,93
2024-01-08 03:50:00,17,2,86
2024-01-08 03:55:00,8,1,90
2024-01-08 04:00:00,15,2,79
2024-01-08 04:05:00,15,2,93
2024-01-08 04:10:00,19,2,91
2024-01-08 04:15:00,15,2,89
2024-01-08 04:20:00,20,2,99
2024-01-08 04:25:00,10,1,90
2024-01-08 04:30:00,27,2,93
2024-01-08 04:35:00,23,2,96
2024-01-08 04:40:00,19,2,90
2024-01-08 04:45:00,19,1,93
2024-01-08 04:50:00,23,2,88
2024-01-08 04:55:00,27,2,94
2024-01-08 05:00:00,34,2,89
2024-01-08 05:05:00,26,1,95
2024-01-08 05:10:00,24,1,93
2024-01-08 05:15:00,40,2,96
2024-01-08 05:20:00,42,2,91
2024-01-08 05:25:00,45,2,92
2024-01-08 05:30:00,35,2,94
2024-01-08 05:35:00,39,3,93
2024-01-08 05:40:00,46,2,101
2024-01-08 05:45:00,44,2,97
2024-01-08 05:50:00,40,1,101
2024-01-08 05:55:00,51,2,97
2024-01-08 06:00:00,64,3,97
2024-01-08 06:05:00,49,2,98
2024-01-08 06:10:00,52,2,99
2024-01-08 06:15:00,59,2,100
2024-01-08 06:20:00,63,2,96
2024-01-08 06:25:00,68,3,95
2024-01-08 06:30:00,66,2,99
2024-01-08 06:35:00,60,3,97
2024-01-08 06:40:00,85,3,97
2024-01-08 06:45:00,85,3,94
2024-01-08 06:50:00,87,3,98
2024-01-08 06:55:00,67,3,95
2024-01-08 07:00:00,76,3,96
2024-01-08 07:05:00,74,3,96
2024-01-08 07:10:00,65,2,101
2024-01-08 07:15:00,66,2,101
2024-01-08 07:20:00,75,3,100
2024-01-08 07:25:00,74,3,98
2024-01-08 07:30:00,87,3,98
2024-01-08 07:35:00,80,3,98
2024-01-08 07:40:00,87,3,101
2024-01-08 07:45:00,79,3,98
2024-01-08 07:50:00,88,3,101
2024-01-08 07:55:00,83,3,98
2024-01-08 08:00:00,101,3,101
2024-01-08 08:05:00,103,3,105
2024-01-08 08:10:00,83,2,105
2024-01-08 08:15:00,89,3,103
2024-01-08 08:20:00,94,3,102
2024-01-08 08:25:00,102,3,101
2024-01-08 08:30:00,89,2,101
2024-01-08 08:35:00,90,3,101
2024-01-08 08:40:00,86,2,103
2024-01-08 08:45:00,94,3,105
2024-01-08 08:50:00,85,2,104
2024-01-08 08:55:00,86,3,99
2024-01-08 09:00:00,82,2,107
2024-01-08 09:05:00,81,3,103
2024-01-08 09:10:00,96,4,99
2024-01-08 09:15:00,125,3,101
2024-01-08 09:20:00,111,3,101
2024-01-08 09:25:00,124,4,107
2024-01-08 09:30:00,127,4,102
2024-01-08 09:35:00,95,3,102
2024-01-08 09:40:00,101,3,103
2024-01-08 09:45:00,108,3,103
2024-01-08 09:50:00,109,3,105
2024-01-08 09:55:00,116,4,99
2024-01-08 10:00:00,126,4,101
2024-01-08 10:05:00,98,3,101
2024-01-08 10:10:00,111,3,103
2024-01-08 10:15:00,127,4,101
2024-01-08 10:20:00,115,4,99
2024-01-08 10:25:00,108,3,104
2024-01-08 10:30:00,129,4,100
2024-01-08 10:35:00,129,4,101
2024-01-08 10:40:00,115,4,103
2024-01-08 10:45:00,100,3,103
2024-01-08 10:50:00,118,4,103
2024-01-08 10:55:00,126,4,99
2024-01-08 11:00:00,100,3,100
2024-01-08 11:05:00,111,3,104
2024-01-08 11:10:00,126,4,105
2024-01-08 11:15:00,118,4,102
2024-01-08 11:20:00,147,5,101
2024-01-08 11:25:00,144,5,102
2024-01-08 11:30:00,120,4,101
2024-01-08 11:35:00,143,5,100
2024-01-08 11:40:00,120,4,103
2024-01-08 11:45:00,162,5,102
2024-01-08 11:50:00,144,5,99
2024-01-08 11:55:00,126,4,103
2024-01-08 12:00:00,135,5,99
2024-01-08 12:05:00,140,4,102
2024-01-08 12:10:00,125,4,99
2024-01-08 12:15:00,123,5,99
2024-01-08 12:20:00,150,6,99
2024-01-08 12:25:00,129,5,101
2024-01-08 12:30:00,153,5,100
2024-01-08 12:35:00,154,6,98
2024-01-08 12:40:00,158,6,101
2024-01-08 12:45:00,147,5,98
2024-01-08 12:50:00,153,6,98
2024-01-08 12:55:00,156,5,100
2024-01-08 13:00:00,151,5,98
2024-01-08 13:05:00,133,5,99
2024-01-08 13:10:00,139,5,103
2024-01-08 13:15:00,132,5,105
2024-01-08 13:20:00,156,5,103
2024-01-08 13:25:00,143,5,101
2024-01-08 13:30:00,156,5,100
2024-01-08 13:35:00,108,4,101
2024-01-08 13:40:00,155,5,99
2024-01-08 13:45:00,153,5,100
2024-01-08 13:50:00,135,5,100
2024-01-08 13:55:00,127,4,101
2024-01-08 14:00:00,148,5,104
2024-01-08 14:05:00,143,4,104
2024-01-08 14:10:00,137,5,103
2024-01-08 14:15:00,128,5,99
2024-01-08 14:20:00,135,4,102
2024-01-08 14:25:00,145,5,102
2024-01-08 14:30:00,169,6,105
2024-01-08 14:35:00,133,4,102
2024-01-08 14:40:00,120,4,100
2024-01-08 14:45:00,150,6,97
2024-01-08 14:50:00,137,4,101
2024-01-08 14:55:00,142,4,106
2024-01-08 15:00:00,127,4,106
2024-01-08 15:05:00,115,3,104
2024-01-08 15:10:00,135,4,102
2024-01-08 15:15:00,117,4,101
2024-01-08 15:20:00,122,4,103
2024-01-08 15:25:00,124,4,102
2024-01-08 15:30:00,119,4,104
2024-01-08 15:35:00,128,4,103
2024-01-08 15:40:00,101,2,109
2024-01-08 15:45:00,104,3,102
2024-01-08 15:50:00,123,4,103
2024-01-08 15:55:00,142,4,103
2024-01-08 16:00:00,136,4,99
2024-01-08 16:05:00,139,4,100
2024-01-08 16:10:00,113,3,103
2024-01-08 16:15:00,134,4,104
2024-01-08 16:20:00,106,3,105
2024-01-08 16:25:00,94,3,103
2024-01-08 16:30:00,97,3,105
2024-01-08 16:35:00,123,4,104
2024-01-08 16:40:00,121,4,103
2024-01-08 16:45:00,109,3,100
2024-01-08 16:50:00,91,3,104
2024-01-08 16:55:00,113,3,104
2024-01-08 17:00:00,97,3,100
2024-01-08 17:05:00,101,3,104
2024-01-08 17:10:00,99,3,99
2024-01-08 17:15:00,94,3,103
2024-01-08 17:20:00,116,4,100
2024-01-08 17:25:00,85,3,103
2024-01-08 17:30:00,107,4,101
2024-01-08 17:35:00,95,3,102
2024-01-08 17:40:00,106,3,101
2024-01-08 17:45:00,106,3,103
2024-01-08 17:50:00,95,3,98
2024-01-08 17:55:00,91,3,99
2024-01-08 18:00:00,87,3,99
2024-01-08 18:05:00,103,4,96
2024-01-08 18:10:00,91,3,105
2024-01-08 18:15:00,87,3,100
2024-01-08 18:20:00,87,3,97
2024-01-08 18:25:00,95,3,99
2024-01-08 18:30:00,99,4,102
2024-01-08 18:35:00,81,3,99
2024-01-08 18:40:00,83,3,98
2024-01-08 18:45:00,86,3,98
2024-01-08 18:50:00,72,2,101
2024-01-08 18:55:00,72,2,100
2024-01-08 19:00:00,86,3,100
2024-01-08 19:05:00,68,2,100
2024-01-08 19:10:00,73,3,99
2024-01-08 19:15:00,66,3,94
2024-01-08 19:20:00,54,2,98
2024-01-08 19:25:00,75,3,97
2024-01-08 19:30:00,50,2,102
2024-01-08 19:35:00,61,2,98
2024-01-08 19:40:00,59,2,94
2024-01-08 19:45:00,63,3,96
2024-01-08 19:50:00,64,2,99
2024-01-08 19:55:00,67,2,98
2024-01-08 20:00:00,62,3,97
2024-01-08 20:05:00,46,2,93
2024-01-08 20:10:00,55,2,98
2024-01-08 20:15:00,52,2,99
2024-01-08 20:20:00,54,2,97
2024-01-08 20:25:00,56,2,101
2024-01-08 20:30:00,42,2,97
2024-01-08 20:35:00,56,3,97
2024-01-08 20:40:00,40,1,99
2024-01-08 20:45:00,51,2,92
2024-01-08 20:50:00,43,2,98
2024-01-08 20:55:00,48,2,99
2024-01-08 21:00:00,37,2,97
2024-01-08 21:05:00,41,2,96
2024-01-08 21:10:00,45,2,102
2024-01-08 21:15:00,45,3,90
2024-01-08 21:20:00,45,2,99
2024-01-08 21:25:00,54,3,96
2024-01-08 21:30:00,40,2,91
2024-01-08 21:35:00,45,2,97
2024-01-08 21:40:00,45,2,96
2024-01-08 21:45:00,33,2,93
2024-01-08 21:50:00,55,2,94
2024-01-08 21:55:00,36,2,94
2024-01-08 22:00:00,45,3,90
2024-01-08 22:05:00,38,2,96
2024-01-08 22:10:00,50,2,103
2024-01-08 22:15:00,35,2,96
2024-01-08 22:20:00,36,2,96
2024-01-08 22:25:00,44,2,96
2024-01-08 22:30:00,35,1,92
2024-01-08 22:35:00,35,3,89
2024-01-08 22:40:00,38,2,93
2024-01-08 22:45:00,43,2,88
2024-01-08 22:50:00,31,1,99
2024-01-08 22:55:00,34,2,93
2024-01-08 23:00:00,31,2,92
2024-01-08 23:05:00,37,1,99
2024-01-08 23:10:00,37,2,96
2024-01-08 23:15:00,39,2,92
2024-01-08 23:20:00,29,2,93
2024-01-08 23:25:00,24,2,88
2024-01-08 23:30:00,30,2,100
2024-01-08 23:35:00,34,2,88
2024-01-08 23:40:00,22,2,99
2024-01-08 23:45:00,30,3,90
2024-01-08 23:50:00,25,2,92
2024-01-08 23:55:00,23,2,90
2024-01-09 00:00:00,21,1,105
2024-01-09 00:05:00,20,1,101
2024-01-09 00:10:00,26,2,97
2024-01-09 00:15:00,23,2,93
2024-01-09 00:20:00,18,2,90
2024-01-09 00:25:00,26,3,85
2024-01-09 00:30:00,19,2,90
2024-01-09 00:35:00,15,1,89
2024-01-09 00:40:00,24,1,90
2024-01-09 00:45:00,17,1,90
2024-01-09 00:50:00,14,1,104
2024-01-09 00:55:00,23,2,89
2024-01-09 01:00:00,19,2,88
2024-01-09 01:05:00,21,2,88
2024-01-09 01:10:00,26,2,95
2024-01-09 01:15:00,21,1,100
2024-01-09 01:20:00,17,2,85
2024-01-09 01:25:00,21,2,88
2024-01-09 01:30:00,20,2,93
2024-01-09 01:35:00,14,1,97
2024-01-09 01:40:00,12,1,87
2024-01-09 01:45:00,15,2,87
2024-01-09 01:50:00,24,2,93
2024-01-09 01:55:00,21,2,90
2024-01-09 02:00:00,18,2,94
2024-01-09 02:05:00,20,2,90
2024-01-09 02:10:00,12,3,85
2024-01-09 02:15:00,20,3,94
2024-01-09 02:20:00,16,3,83
2024-01-09 02:25:00,10,2,98
2024-01-09 02:30:00,15,1,94
2024-01-09 02:35:00,10,2,87
2024-01-09 02:40:00,15,3,82
2024-01-09 02:45:00,15,2,87
2024-01-09 02:50:00,12,2,106
2024-01-09 02:55:00,14,2,84
2024-01-09 03:00:00,10,2,81
2024-01-09 03:05:00,19,2,87
2024-01-09 03:10:00,17,2,93
2024-01-09 03:15:00,15,2,87
2024-01-09 03:20:00,21,2,86
2024-01-09 03:25:00,11,2,82
2024-01-09 03:30:00,14,2,89
2024-01-09 03:35:00,15,2,85
2024-01-09 03:40:00,19,1,88
2024-01-09 03:45:00,23,2,84
2024-01-09 03:50:00,28,2,85
2024-01-09 03:55:00,27,2,88
2024-01-09 04:00:00,17,2,85
2024-01-09 04:05:00,21,3,94
2024-01-09 04:10:00,20,3,81
2024-01-09 04:15:00,25,2,83
2024-01-09 04:20:00,31,2,87
2024-01-09 04:25:00,17,2,84
2024-01-09 04:30:00,29,3,85
2024-01-09 04:35:00,21,2,91
2024-01-09 04:40:00,28,3,83
2024-01-09 04:45:00,23,3,89
2024-01-09 04:50:00,34,3,84
2024-01-09 04:55:00,32,2,90
2024-01-09 05:00:00,25,2,89
2024-01-09 05:05:00,38,4,86
2024-01-09 05:10:00,27,2,86
2024-01-09 05:15:00,26,3,82
2024-01-09 05:20:00,36,3,82
2024-01-09 05:25:00,38,3,85
2024-01-09 05:30:00,40,3,86
2024-01-09 05:35:00,50,4,83
2024-01-09 05:40:00,48,3,87
2024-01-09 05:45:00,46,3,85
2024-01-09 05:50:00,53,3,87
2024-01-09 05:55:00,46,3,87
2024-01-09 06:00:00,55,3,92
2024-01-09 06:05:00,39,2,90
2024-01-09 06:10:00,55,3,90
2024-01-09 06:15:00,44,3,92
2024-01-09 06:20:00,54,3,88
2024-01-09 06:25:00,49,3,87
2024-01-09 06:30:00,66,4,87
2024-01-09 06:35:00,59,3,92
2024-01-09 06:40:00,54,3,87
2024-01-09 06:45:00,87,4,91
2024-01-09 06:50:00,69,3,91
2024-01-09 06:55:00,69,3,91
2024-01-09 07:00:00,67,3,93
2024-01-09 07:05:00,41,3,87
2024-01-09 07:10:00,55,3,94
2024-01-09 07:15:00,78,3,95
2024-01-09 07:20:00,72,3,92
2024-01-09 07:25:00,84,3,98
2024-01-09 07:30:00,59,2,98
2024-01-09 07:35:00,62,3,98
2024-01-09 07:40:00,78,3,96
2024-01-09 07:45:00,62,3,98
2024-01-09 07:50:00,96,3,97
2024-01-09 07:55:00,64,3,96
2024-01-09 08:00:00,72,3,96
2024-01-09 08:05:00,67,2,102
2024-01-09 08:10:00,97,3,98
2024-01-09 08:15:00,76,2,100
2024-01-09 08:20:00,81,3,103
2024-01-09 08:25:00,78,3,98
2024-01-09 08:30:00,70,2,102
2024-01-09 08:35:00,99,3,102
2024-01-09 08:40:00,72,2,102
2024-01-09 08:45:00,81,3,100
2024-01-09 08:50:00,74,3,103
2024-01-09 08:55:00,80,3,95
2024-01-09 09:00:00,92,3,97
2024-01-09 09:05:00,89,3,97
2024-01-09 09:10:00,73,3,100
2024-01-09 09:15:00,96,3,99
2024-01-09 09:20:00,85,3,101
2024-01-09 09:25:00,87,3,104
2024-01-09 09:30:00,109,4,103
2024-01-09 09:35:00,87,3,97
2024-01-09 09:40:00,109,4,103
2024-01-09 09:45:00,99,3,103
2024-01-09 09:50:00,103,4,97
2024-01-09 09:55:00,106,3,99
2024-01-09 10:00:00,124,5,96
2024-01-09 10:05:00,105,4,100
2024-01-09 10:10:00,87,3,100
2024-01-09 10:15:00,106,4,99
2024-01-09 10:20:00,115,4,98
2024-01-09 10:25:00,108,4,99
2024-01-09 10:30:00,96,4,97
2024-01-09 10:35:00,118,5,98
2024-01-09 10:40:00,131,4,101
2024-01-09 10:45:00,120,4,100
2024-01-09 10:50:00,106,4,98
2024-01-09 10:55:00,141,5,101
2024-01-09 11:00:00,129,5,98
2024-01-09 11:05:00,143,5,101
2024-01-09 11:10:00,108,4,99
2024-01-09 11:15:00,142,5,100
2024-01-09 11:20:00,129,5,97
2024-01-09 11:25:00,159,5,100
2024-01-09 11:30:00,129,4,99
2024-01-09 11:35:00,141,5,101
2024-01-09 11:40:00,134,5,100
2024-01-09 11:45:00,120,4,101
2024-01-09 11:50:00,134,5,102
2024-01-09 11:55:00,137,5,98
2024-01-09 12:00:00,143,5,98
2024-01-09 12:05:00,142,5,100
2024-01-09 12:10:00,153,6,97
2024-01-09 12:15:00,133,5,96
2024-01-09 12:20:00,152,6,99
2024-01-09 12:25:00,101,4,98
2024-01-09 12:30:00,137,6,98
2024-01-09 12:35:00,136,5,97
2024-01-09 12:40:00,143,5,99
2024-01-09 12:45:00,117,4,96
2024-01-09 12:50:00,127,5,100
2024-01-09 12:55:00,140,5,98
2024-01-09 13:00:00,135,5,99
2024-01-09 13:05:00,154,6,99
2024-01-09 13:10:00,121,4,96
2024-01-09 13:15:00,136,5,101
2024-01-09 13:20:00,132,5,98
2024-01-09 13:25:00,130,5,100
2024-01-09 13:30:00,152,6,100
2024-01-09 13:35:00,105,4,97
2024-01-09 13:40:00,144,5,95
2024-01-09 13:45:00,139,5,96
2024-01-09 13:50:00,131,5,96
2024-01-09 13:55:00,149,5,101
2024-01-09 14:00:00,108,4,101
2024-01-09 14:05:00,144,5,102
2024-01-09 14:10:00,135,5,98
2024-01-09 14:15:00,168,5,104
2024-01-09 14:20:00,129,5,99
2024-01-09 14:25:00,117,4,99
2024-01-09 14:30:00,119,5,94
2024-01-09 14:35:00,129,5,98
2024-01-09 14:40:00,156,5,101
2024-01-09 14:45:00,126,4,100
2024-01-09 14:50:00,118,4,102
2024-01-09 14:55:00,128,4,102
2024-01-09 15:00:00,122,4,101
2024-01-09 15:05:00,122,4,99
2024-01-09 15:10:00,117,4,98
2024-01-09 15:15:00,107,4,96
2024-01-09 15:20:00,125,4,104
2024-01-09 15:25:00,127,4,101
2024-01-09 15:30:00,108,3,104
2024-01-09 15:35:00,108,4,100
2024-01-09 15:40:00,117,4,99
2024-01-09 15:45:00,129,4,101
2024-01-09 15:50:00,122,4,102
2024-01-09 15:55:00,124,4,103
2024-01-09 16:00:00,116,4,104
2024-01-09 16:05:00,116,4,104
2024-01-09 16:10:00,118,4,101
2024-01-09 16:15:00,122,4,102
2024-01-09 16:20:00,114,4,104
2024-01-09 16:25:00,104,4,100
2024-01-09 16:30:00,112,4,102
2024-01-09 16:35:00,98,3,100
2024-01-09 16:40:00,111,4,100
2024-01-09 16:45:00,128,4,101
2024-01-09 16:50:00,90,3,104
2024-01-09 16:55:00,126,4,105
2024-01-09 17:00:00,85,3,104
2024-01-09 17:05:00,132,4,104
2024-01-09 17:10:00,99,3,103
2024-01-09 17:15:00,92,3,100
2024-01-09 17:20:00,112,3,104
2024-01-09 17:25:00,86,3,99
2024-01-09 17:30:00,84,3,98
2024-01-09 17:35:00,90,3,99
2024-01-09 17:40:00,116,4,100
2024-01-09 17:45:00,98,3,99
2024-01-09 17:50:00,89,3,99
2024-01-09 17:55:00,87,3,99
2024-01-09 18:00:00,89,3,97
2024-01-09 18:05:00,102,3,101
2024-01-09 18:10:00,99,4,99
2024-01-09 18:15:00,79,3,96
2024-01-09 18:20:00,81,3,99
2024-01-09 18:25:00,83,3,99
2024-01-09 18:30:00,98,3,99
2024-01-09 18:35:00,80,3,100
2024-01-09 18:40:00,69,2,103
2024-01-09 18:45:00,64,2,96
2024-01-09 18:50:00,61,2,96
2024-01-09 18:55:00,73,3,97
2024-01-09 19:00:00,65,2,96
2024-01-09 19:05:00,48,2,100
2024-01-09 19:10:00,62,2,100
2024-01-09 19:15:00,67,3,98
2024-01-09 19:20:00,68,3,92
2024-01-09 19:25:00,71,2,97
2024-01-09 19:30:00,56,2,98
2024-01-09 19:35:00,56,2,104
2024-01-09 19:40:00,58,2,97
2024-01-09 19:45:00,43,2,94
2024-01-09 19:50:00,60,2,101
2024-01-09 19:55:00,65,3,91
2024-01-09 20:00:00,59,2,100
2024-01-09 20:05:00,55,2,100
2024-01-09 20:10:00,56,2,96
2024-01-09 20:15:00,55,3,92
2024-01-09 20:20:00,37,2,96
2024-01-09 20:25:00,55,2,95
2024-01-09 20:30:00,59,3,90
2024-01-09 20:35:00,38,2,98
2024-01-09 20:40:00,44,2,94
2024-01-09 20:45:00,41,2,94
2024-01-09 20:50:00,50,2,102
2024-01-09 20:55:00,42,2,102
2024-01-09 21:00:00,46,2,99
2024-01-09 21:05:00,35,2,97
2024-01-09 21:10:00,41,2,91
2024-01-09 21:15:00,36,2,92
2024-01-09 21:20:00,49,3,91
2024-01-09 21:25:00,44,2,100
2024-01-09 21:30:00,33,2,89
2024-01-09 21:35:00,46,2,94
2024-01-09 21:40:00,48,2,93
2024-01-09 21:45:00,27,2,83
2024-01-09 21:50:00,45,3,91
2024-01-09 21:55:00,42,3,85
2024-01-09 22:00:00,38,2,86
2024-01-09 22:05:00,43,2,89
2024-01-09 22:10:00,39,2,85
2024-01-09 22:15:00,51,3,87
2024-01-09 22:20:00,26,2,85
2024-01-09 22:25:00,36,2,88
2024-01-09 22:30:00,41,2,85
2024-01-09 22:35:00,46,2,91
2024-01-09 22:40:00,38,2,87
2024-01-09 22:45:00,34,3,85
2024-01-09 22:50:00,37,2,83
2024-01-09 22:55:00,31,3,87
2024-01-09 23:00:00,26,2,83
2024-01-09 23:05:00,26,2,86
2024-01-09 23:10:00,29,1,92
2024-01-09 23:15:00,36,2,85
2024-01-09 23:20:00,26,2,82
2024-01-09 23:25:00,29,2,83
2024-01-09 23:30:00,22,1,91
2024-01-09 23:35:00,23,1,94
2024-01-09 23:40:00,27,2,83
2024-01-09 23:45:00,30,2,87
2024-01-09 23:50:00,29,2,84
2024-01-09 23:55:00,22,3,84
2024-01-10 00:00:00,18,2,85
2024-01-10 00:05:00,12,2,86
2024-01-10 00:10:00,14,2,82
2024-01-10 00:15:00,19,2,86
2024-01-10 00:20:00,30,2,91
2024-01-10 00:25:00,17,2,83
2024-01-10 00:30:00,13,1,85
2024-01-10 00:35:00,23,2,91
2024-01-10 00:40:00,17,2,82
2024-01-10 00:45:00,19,2,87
2024-01-10 00:50:00,13,1,85
2024-01-10 00:55:00,19,2,86
2024-01-10 01:00:00,17,2,85
2024-01-10 01:05:00,20,2,87
2024-01-10 01:10:00,11,1,87
2024-01-10 01:15:00,26,2,91
2024-01-10 01:20:00,9,1,85
2024-01-10 01:25:00,21,2,82
2024-01-10 01:30:00,14,2,80
2024-01-10 01:35:00,13,1,87
2024-01-10 01:40:00,12,1,85
2024-01-10 01:45:00,12,2,79
2024-01-10 01:50:00,12,2,91
2024-01-10 01:55:00,14,2,78
2024-01-10 02:00:00,15,2,87
2024-01-10 02:05:00,18,2,82
2024-01-10 02:10:00,22,3,87
2024-01-10 02:15:00,14,2,89
2024-01-10 02:20:00,14,1,88
2024-01-10 02:25:00,12,2,90
2024-01-10 02:30:00,19,2,86
2024-01-10 02:35:00,9,2,85
2024-01-10 02:40:00,13,2,81
2024-01-10 02:45:00,10,1,87
2024-01-10 02:50:00,12,2,85
2024-01-10 02:55:00,16,2,82
2024-01-10 03:00:00,11,2,83
2024-01-10 03:05:00,14,2,87
2024-01-10 03:10:00,17,1,88
2024-01-10 03:15:00,25,2,84
2024-01-10 03:20:00,14,2,80
2024-01-10 03:25:00,11,1,90
2024-01-10 03:30:00,19,1,87
2024-01-10 03:35:00,13,2,82
2024-01-10 03:40:00,14,2,84
2024-01-10 03:45:00,14,2,83
2024-01-10 03:50:00,22,3,82
2024-01-10 03:55:00,20,2,84
2024-01-10 04:00:00,25,2,84
2024-01-10 04:05:00,16,2,83
2024-01-10 04:10:00,14,2,85
2024-01-10 04:15:00,23,3,82
2024-01-10 04:20:00,17,2,80
2024-01-10 04:25:00,20,2,81
2024-01-10 04:30:00,25,2,83
2024-01-10 04:35:00,27,3,80
2024-01-10 04:40:00,12,2,80
2024-01-10 04:45:00,25,3,84
2024-01-10 04:50:00,18,2,84
2024-01-10 04:55:00,24,2,81
2024-01-10 05:00:00,22,2,87
2024-01-10 05:05:00,31,3,82
2024-01-10 05:10:00,26,2,82
2024-01-10 05:15:00,35,3,85
2024-01-10 05:20:00,26,2,88
2024-01-10 05:25:00,40,3,89
2024-01-10 05:30:00,37,3,82
2024-01-10 05:35:00,39,4,83
2024-01-10 05:40:00,30,3,83
2024-01-10 05:45:00,36,3,85
2024-01-10 05:50:00,34,2,86
2024-01-10 05:55:00,44,2,94
2024-01-10 06:00:00,48,4,85
2024-01-10 06:05:00,36,3,83
2024-01-10 06:10:00,46,3,86
2024-01-10 06:15:00,39,3,85
2024-01-10 06:20:00,46,2,86
2024-01-10 06:25:00,58,4,89
2024-01-10 06:30:00,51,3,92
2024-01-10 06:35:00,38,2,88
2024-01-10 06:40:00,55,4,85
2024-01-10 06:45:00,48,3,90
2024-01-10 06:50:00,54,3,88
2024-01-10 06:55:00,45,2,89
2024-01-10 07:00:00,44,3,90
2024-01-10 07:05:00,51,2,91
2024-01-10 07:10:00,64,4,87
2024-01-10 07:15:00,34,2,91
2024-01-10 07:20:00,65,3,91
2024-01-10 07:25:00,61,3,93
2024-01-10 07:30:00,60,4,89
2024-01-10 07:35:00,59,2,96
2024-01-10 07:40:00,59,3,94
2024-01-10 07:45:00,46,2,98
2024-01-10 07:50:00,63,2,95
2024-01-10 07:55:00,72,3,97
2024-01-10 08:00:00,58,3,96
2024-01-10 08:05:00,63,3,96
2024-01-10 08:10:00,72,3,99
2024-01-10 08:15:00,65,2,96
2024-01-10 08:20:00,76,3,94
2024-01-10 08:25:00,64,2,96
2024-01-10 08:30:00,53,2,91
2024-01-10 08:35:00,67,2,101
2024-01-10 08:40:00,66,2,98
2024-01-10 08:45:00,67,4,94
2024-01-10 08:50:00,62,3,99
2024-01-10 08:55:00,84,3,93
2024-01-10 09:00:00,73,3,95
2024-01-10 09:05:00,73,3,96
2024-01-10 09:10:00,88,4,97
2024-01-10 09:15:00,72,2,100
2024-01-10 09:20:00,80,2,97
2024-01-10 09:25:00,73,2,101
2024-01-10 09:30:00,90,4,95
2024-01-10 09:35:00,92,3,98
2024-01-10 09:40:00,82,3,100
2024-01-10 09:45:00,79,3,101
2024-01-10 09:50:00,85,3,98
2024-01-10 09:55:00,116,4,97
2024-01-10 10:00:00,83,3,98
2024-01-10 10:05:00,95,3,101
2024-01-10 10:10:00,113,4,100
2024-01-10 10:15:00,98,3,100
2024-01-10 10:20:00,111,4,99
2024-01-10 10:25:00,93,3,103
2024-01-10 10:30:00,105,4,97
2024-01-10 10:35:00,91,3,98
2024-01-10 10:40:00,83,3,103
2024-01-10 10:45:00,104,3,100
2024-01-10 10:50:00,125,4,100
2024-01-10 10:55:00,119,4,100
2024-01-10 11:00:00,122,4,98
2024-01-10 11:05:00,104,3,102
2024-01-10 11:10:00,104,3,98
2024-01-10 11:15:00,90,3,103
2024-01-10 11:20:00,108,4,101
2024-01-10 11:25:00,108,3,102
2024-01-10 11:30:00,111,4,98
2024-01-10 11:35:00,107,4,101
2024-01-10 11:40:00,117,4,99
2024-01-10 11:45:00,118,4,101
2024-01-10 11:50:00,106,3,100
2024-01-10 11:55:00,126,4,98
2024-01-10 12:00:00,114,4,100
2024-01-10 12:05:00,127,4,98
2024-01-10 12:10:00,128,5,98
2024-01-10 12:15:00,106,4,98
2024-01-10 12:20:00,127,5,100
2024-01-10 12:25:00,140,5,100
2024-01-10 12:30:00,114,4,97
2024-01-10 12:35:00,114,4,100
2024-01-10 12:40:00,123,5,98
2024-01-10 12:45:00,153,6,97
2024-01-10 12:50:00,121,4,97
2024-01-10 12:55:00,116,4,99
2024-01-10 13:00:00,109,4,98
2024-01-10 13:05:00,123,5,99
2024-01-10 13:10:00,97,3,99
2024-01-10 13:15:00,88,3,103
2024-01-10 13:20:00,124,4,98
2024-01-10 13:25:00,109,4,103
2024-01-10 13:30:00,116,4,103
2024-01-10 13:35:00,135,4,102
2024-01-10 13:40:00,118,5,100
2024-01-10 13:45:00,96,3,99
2024-01-10 13:50:00,103,4,100
2024-01-10 13:55:00,113,4,97
2024-01-10 14:00:00,148,5,100
2024-01-10 14:05:00,112,4,96
2024-01-10 14:10:00,117,4,101
2024-01-10 14:15:00,125,4,99
2024-01-10 14:20:00,124,4,101
2024-01-10 14:25:00,145,5,102
2024-01-10 14:30:00,143,5,98
2024-01-10 14:35:00,115,4,99
2024-01-10 14:40:00,132,4,100
2024-01-10 14:45:00,123,4,104
2024-01-10 14:50:00,117,4,101
2024-01-10 14:55:00,133,5,101
2024-01-10 15:00:00,120,4,98
2024-01-10 15:05:00,122,4,101
2024-01-10 15:10:00,151,5,101
2024-01-10 15:15:00,96,3,103
2024-01-10 15:20:00,142,5,100
2024-01-10 15:25:00,126,4,100
2024-01-10 15:30:00,133,4,106
2024-01-10 15:35:00,146,5,101
2024-01-10 15:40:00,122,4,102
2024-01-10 15:45:00,114,3,103
2024-01-10 15:50:00,128,4,104
2024-01-10 15:55:00,136,4,110
2024-01-10 16:00:00,99,3,102
2024-01-10 16:05:00,104,3,103
2024-01-10 16:10:00,88,3,101
2024-01-10 16:15:00,98,3,102
2024-01-10 16:20:00,129,4,105
2024-01-10 16:25:00,127,4,103
2024-01-10 16:30:00,103,3,103
2024-01-10 16:35:00,119,3,106
2024-01-10 16:40:00,102,3,104
2024-01-10 16:45:00,106,3,104
2024-01-10 16:50:00,122,3,106
2024-01-10 16:55:00,109,3,101
2024-01-10 17:00:00,102,3,106
2024-01-10 17:05:00,103,3,103
2024-01-10 17:10:00,98,4,97
2024-01-10 17:15:00,106,3,104
2024-01-10 17:20:00,94,3,98
2024-01-10 17:25:00,93,2,102
2024-01-10 17:30:00,95,3,102
2024-01-10 17:35:00,95,3,98
2024-01-10 17:40:00,76,3,93
2024-01-10 17:45:00,89,3,95
2024-01-10 17:50:00,92,3,96
2024-01-10 17:55:00,92,3,98
2024-01-10 18:00:00,75,3,92
2024-01-10 18:05:00,104,3,98
2024-01-10 18:10:00,73,2,100
2024-01-10 18:15:00,78,3,96
2024-01-10 18:20:00,92,3,97
2024-01-10 18:25:00,85,3,101
2024-01-10 18:30:00,64,2,105
2024-01-10 18:35:00,77,3,100
2024-01-10 18:40:00,76,3,100
2024-01-10 18:45:00,78,3,99
2024-01-10 18:50:00,87,3,101
2024-01-10 18:55:00,77,2,101
2024-01-10 19:00:00,75,3,100
2024-01-10 19:05:00,69,3,102
2024-01-10 19:10:00,68,3,100
2024-01-10 19:15:00,72,2,100
2024-01-10 19:20:00,57,2,101
2024-01-10 19:25:00,49,3,93
2024-01-10 19:30:00,55,2,99
2024-01-10 19:35:00,58,2,102
2024-01-10 19:40:00,54,2,106
2024-01-10 19:45:00,46,2,98
2024-01-10 19:50:00,53,2,99
2024-01-10 19:55:00,53,2,102
2024-01-10 20:00:00,59,2,101
2024-01-10 20:05:00,42,2,100
2024-01-10 20:10:00,49,2,96
2024-01-10 20:15:00,54,2,99
2024-01-10 20:20:00,54,2,96
2024-01-10 20:25:00,50,2,101
2024-01-10 20:30:00,58,2,95
2024-01-10 20:35:00,39,2,93
2024-01-10 20:40:00,43,2,96
2024-01-10 20:45:00,50,2,102
2024-01-10 20:50:00,47,2,96
2024-01-10 20:55:00,45,1,100
2024-01-10 21:00:00,35,2,98
2024-01-10 21:05:00,44,2,94
2024-01-10 21:10:00,46,2,93
2024-01-10 21:15:00,56,2,99
2024-01-10 21:20:00,35,2,92
2024-01-10 21:25:00,29,2,91
2024-01-10 21:30:00,37,1,98
2024-01-10 21:35:00,41,2,96
2024-01-10 21:40:00,47,3,95
2024-01-10 21:45:00,30,2,97
2024-01-10 21:50:00,36,2,91
2024-01-10 21:55:00,36,2,99
2024-01-10 22:00:00,33,2,91
2024-01-10 22:05:00,44,3,94
2024-01-10 22:10:00,35,2,91
2024-01-10 22:15:00,40,2,95
2024-01-10 22:20:00,36,2,91
2024-01-10 22:25:00,45,2,92
2024-01-10 22:30:00,35,2,93
2024-01-10 22:35:00,37,2,94
2024-01-10 22:40:00,34,3,94
2024-01-10 22:45:00,30,2,93
2024-01-10 22:50:00,35,2,97
2024-01-10 22:55:00,40,2,97
2024-01-10 23:00:00,33,2,89
2024-01-10 23:05:00,25,1,89
2024-01-10 23:10:00,38,2,88
2024-01-10 23:15:00,21,2,88
2024-01-10 23:20:00,41,3,90
2024-01-10 23:25:00,29,2,94
2024-01-10 23:30:00,24,3,85
2024-01-10 23:35:00,27,1,94
2024-01-10 23:40:00,29,2,91
2024-01-10 23:45:00,22,2,88
2024-01-10 23:50:00,21,2,88
2024-01-10 23:55:00,31,2,92
2024-01-11 00:00:00,28,3,87
2024-01-11 00:05:00,18,2,97
2024-01-11 00:10:00,22,2,92
2024-01-11 00:15:00,20,2,88
2024-01-11 00:20:00,22,2,94
2024-01-11 00:25:00,18,1,95
2024-01-11 00:30:00,24,2,87
2024-01-11 00:35:00,23,2,89
2024-01-11 00:40:00,14,2,85
2024-01-11 00:45:00,17,1,87
2024-01-11 00:50:00,20,2,88
2024-01-11 00:55:00,18,2,88
2024-01-11 01:00:00,13,2,90
2024-01-11 01:05:00,15,1,86
2024-01-11 01:10:00,14,2,93
2024-01-11 01:15:00,16,2,89
2024-01-11 01:20:00,13,2,84
2024-01-11 01:25:00,10,1,88
2024-01-11 01:30:00,21,2,91
2024-01-11 01:35:00,19,2,86
2024-01-11 01:40:00,24,2,81
2024-01-11 01:45:00,15,2,85
2024-01-11 01:50:00,13,2,84
2024-01-11 01:55:00,14,1,91
2024-01-11 02:00:00,16,2,90
2024-01-11 02:05:00,28,2,91
2024-01-11 02:10:00,20,2,83
2024-01-11 02:15:00,20,3,82
2024-01-11 02:20:00,9,1,91
2024-01-11 02:25:00,22,2,91
2024-01-11 02:30:00,14,2,79
2024-01-11 02:35:00,12,1,87
2024-01-11 02:40:00,20,2,83
2024-01-11 02:45:00,12,2,86
2024-01-11 02:50:00,19,2,85
2024-01-11 02:55:00,8,2,90
2024-01-11 03:00:00,21,2,87
2024-01-11 03:05:00,11,2,86
2024-01-11 03:10:00,11,1,85
2024-01-11 03:15:00,13,1,91
2024-01-11 03:20:00,24,3,85
2024-01-11 03:25:00,7,2,84
2024-01-11 03:30:00,16,2,82
2024-01-11 03:35:00,15,2,83
2024-01-11 03:40:00,16,3,85
2024-01-11 03:45:00,29,3,89
2024-01-11 03:50:00,19,2,81
2024-01-11 03:55:00,20,2,86
2024-01-11 04:00:00,26,2,88
2024-01-11 04:05:00,17,2,82
2024-01-11 04:10:00,20,2,91
2024-01-11 04:15:00,26,2,93
2024-01-11 04:20:00,23,2,87
2024-01-11 04:25:00,32,3,87
2024-01-11 04:30:00,20,2,85
2024-01-11 04:35:00,17,2,77
2024-01-11 04:40:00,23,2,84
2024-01-11 04:45:00,27,3,86
2024-01-11 04:50:00,38,4,85
2024-01-11 04:55:00,31,3,85
2024-01-11 05:00:00,32,3,86
2024-01-11 05:05:00,20,2,86
2024-01-11 05:10:00,32,2,85
2024-01-11 05:15:00,36,3,84
2024-01-11 05:20:00,47,3,83
2024-01-11 05:25:00,47,4,84
2024-01-11 05:30:00,54,4,85
2024-01-11 05:35:00,41,3,88
2024-01-11 05:40:00,41,3,89
2024-01-11 05:45:00,42,3,85
2024-01-11 05:50:00,40,2,88
2024-01-11 05:55:00,41,3,84
2024-01-11 06:00:00,48,3,93
2024-01-11 06:05:00,63,3,88
2024-01-11 06:10:00,42,3,92
2024-01-11 06:15:00,51,4,91
2024-01-11 06:20:00,75,4,90
2024-01-11 06:25:00,61,4,87
2024-01-11 06:30:00,66,3,95
2024-01-11 06:35:00,70,3,92
2024-01-11 06:40:00,72,4,93
2024-01-11 06:45:00,63,4,87
2024-01-11 06:50:00,53,3,89
2024-01-11 06:55:00,71,4,94
2024-01-11 07:00:00,42,2,93
2024-01-11 07:05:00,74,3,95
2024-01-11 07:10:00,70,4,91
2024-01-11 07:15:00,70,3,93
2024-01-11 07:20:00,66,3,95
2024-01-11 07:25:00,80,3,95
2024-01-11 07:30:00,73,3,95
2024-01-11 07:35:00,85,3,100
2024-01-11 07:40:00,77,3,92
2024-01-11 07:45:00,54,2,98
2024-01-11 07:50:00,68,3,95
2024-01-11 07:55:00,79,3,97
2024-01-11 08:00:00,81,3,101
2024-01-11 08:05:00,96,3,99
2024-01-11 08:10:00,89,3,100
2024-01-11 08:15:00,83,3,100
2024-01-11 08:20:00,80,3,105
2024-01-11 08:25:00,94,3,104
2024-01-11 08:30:00,87,3,104
2024-01-11 08:35:00,78,2,102
2024-01-11 08:40:00,78,3,105
2024-01-11 08:45:00,97,3,106
2024-01-11 08:50:00,88,3,101
2024-01-11 08:55:00,90,3,106
2024-01-11 09:00:00,89,3,101
2024-01-11 09:05:00,96,3,107
2024-01-11 09:10:00,99,3,99
2024-01-11 09:15:00,103,3,105
2024-01-11 09:20:00,119,3,103
2024-01-11 09:25:00,108,4,99
2024-01-11 09:30:00,108,3,104
2024-01-11 09:35:00,117,4,100
2024-01-11 09:40:00,108,4,101
2024-01-11 09:45:00,118,4,104
2024-01-11 09:50:00,91,3,100
2024-01-11 09:55:00,132,4,103
2024-01-11 10:00:00,130,4,102
2024-01-11 10:05:00,112,4,100
2024-01-11 10:10:00,95,3,102
2024-01-11 10:15:00,123,4,106
2024-01-11 10:20:00,135,4,101
2024-01-11 10:25:00,129,4,101
2024-01-11 10:30:00,103,3,104
2024-01-11 10:35:00,138,4,102
2024-01-11 10:40:00,132,4,106
2024-01-11 10:45:00,116,4,102
2024-01-11 10:50:00,129,4,103
2024-01-11 10:55:00,125,4,101
2024-01-11 11:00:00,145,4,102
2024-01-11 11:05:00,134,4,104
2024-01-11 11:10:00,129,4,106
2024-01-11 11:15:00,152,4,106
2024-01-11 11:20:00,133,4,104
2024-01-11 11:25:00,131,4,103
2024-01-11 11:30:00,129,4,102
2024-01-11 11:35:00,126,4,101
2024-01-11 11:40:00,117,4,99
2024-01-11 11:45:00,126,4,104
2024-01-11 11:50:00,144,5,101
2024-01-11 11:55:00,119,4,103
2024-01-11 12:00:00,154,5,103
2024-01-11 12:05:00,112,4,98
2024-01-11 12:10:00,118,5,98
2024-01-11 12:15:00,131,5,100
2024-01-11 12:20:00,144,5,97
2024-01-11 12:25:00,118,5,98
2024-01-11 12:30:00,109,4,103
2024-01-11 12:35:00,149,5,99
2024-01-11 12:40:00,144,5,103
2024-01-11 12:45:00,140,5,101
2024-01-11 12:50:00,139,5,98
2024-01-11 12:55:00,136,5,100
2024-01-11 13:00:00,120,4,102
2024-01-11 13:05:00,152,5,100
2024-01-11 13:10:00,144,5,98
2024-01-11 13:15:00,142,5,99
2024-01-11 13:20:00,163,6,102
2024-01-11 13:25:00,135,4,103
2024-01-11 13:30:00,119,4,102
2024-01-11 13:35:00,146,5,102
2024-01-11 13:40:00,124,4,100
2024-01-11 13:45:00,141,5,101
2024-01-11 13:50:00,141,5,98
2024-01-11 13:55:00,153,5,101
2024-01-11 14:00:00,133,4,104
2024-01-11 14:05:00,139,5,102
2024-01-11 14:10:00,136,5,101
2024-01-11 14:15:00,146,5,98
2024-01-11 14:20:00,144,5,102
2024-01-11 14:25:00,155,5,100
2024-01-11 14:30:00,139,5,102
2024-01-11 14:35:00,137,5,100
2024-01-11 14:40:00,135,5,101
2024-01-11 14:45:00,155,5,100
2024-01-11 14:50:00,126,4,100
2024-01-11 14:55:00,149,5,102
2024-01-11 15:00:00,143,5,100
2024-01-11 15:05:00,132,4,103
2024-01-11 15:10:00,154,5,103
2024-01-11 15:15:00,142,4,106
2024-01-11 15:20:00,117,4,102
2024-01-11 15:25:00,136,4,103
2024-01-11 15:30:00,134,4,102
2024-01-11 15:35:00,117,3,104
2024-01-11 15:40:00,118,3,101
2024-01-11 15:45:00,156,4,105
2024-01-11 15:50:00,118,3,103
2024-01-11 15:55:00,125,4,105
2024-01-11 16:00:00,122,4,103
2024-01-11 16:05:00,148,5,102
2024-01-11 16:10:00,122,4,101
2024-01-11 16:15:00,132,4,103
2024-01-11 16:20:00,100,3,105
2024-01-11 16:25:00,131,4,103
2024-01-11 16:30:00,104,3,102
2024-01-11 16:35:00,122,4,105
2024-01-11 16:40:00,95,3,102
2024-01-11 16:45:00,135,4,101
2024-01-11 16:50:00,122,4,105
2024-01-11 16:55:00,124,3,106
2024-01-11 17:00:00,99,3,103
2024-01-11 17:05:00,126,4,100
2024-01-11 17:10:00,131,4,101
2024-01-11 17:15:00,119,3,102
2024-01-11 17:20:00,117,4,104
2024-01-11 17:25:00,107,3,101
2024-01-11 17:30:00,109,4,98
2024-01-11 17:35:00,118,4,99
2024-01-11 17:40:00,98,3,100
2024-01-11 17:45:00,125,4,102
2024-01-11 17:50:00,103,3,103
2024-01-11 17:55:00,92,3,102
2024-01-11 18:00:00,95,4,98
2024-01-11 18:05:00,97,3,98
2024-01-11 18:10:00,86,3,102
2024-01-11 18:15:00,103,3,99
2024-01-11 18:20:00,74,3,101
2024-01-11 18:25:00,86,4,96
2024-01-11 18:30:00,93,3,100
2024-01-11 18:35:00,97,3,99
2024-01-11 18:40:00,69,2,100
2024-01-11 18:45:00,92,3,96
2024-01-11 18:50:00,72,2,100
2024-01-11 18:55:00,62,2,99
2024-01-11 19:00:00,70,2,99
2024-01-11 19:05:00,81,3,100
2024-01-11 19:10:00,76,2,103
2024-01-11 19:15:00,73,3,101
2024-01-11 19:20:00,74,3,92
2024-01-11 19:25:00,78,3,101
2024-01-11 19:30:00,71,2,100
2024-01-11 19:35:00,59,2,96
2024-01-11 19:40:00,63,2,100
2024-01-11 19:45:00,42,2,91
2024-01-11 19:50:00,54,2,100
2024-01-11 19:55:00,55,2,103
2024-01-11 20:00:00,51,2,97
2024-01-11 20:05:00,52,2,100
2024-01-11 20:10:00,56,3,95
2024-01-11 20:15:00,66,2,100
2024-01-11 20:20:00,64,3,99
2024-01-11 20:25:00,51,2,97
2024-01-11 20:30:00,66,3,93
2024-01-11 20:35:00,55,2,100
2024-01-11 20:40:00,54,2,100
2024-01-11 20:45:00,57,2,101
2024-01-11 20:50:00,62,3,95
2024-01-11 20:55:00,57,2,100
2024-01-11 21:00:00,53,2,104
2024-01-11 21:05:00,49,2,95
2024-01-11 21:10:00,59,2,101
2024-01-11 21:15:00,48,2,94
2024-01-11 21:20:00,53,2,96
2024-01-11 21:25:00,50,2,100
2024-01-11 21:30:00,53,2,95
2024-01-11 21:35:00,47,2,95
2024-01-11 21:40:00,32,2,95
2024-01-11 21:45:00,40,2,95
2024-01-11 21:50:00,45,2,99
2024-01-11 21:55:00,47,2,95
2024-01-11 22:00:00,39,2,97
2024-01-11 22:05:00,42,2,97
2024-01-11 22:10:00,48,2,93
2024-01-11 22:15:00,46,2,94
2024-01-11 22:20:00,38,3,92
2024-01-11 22:25:00,45,2,96
2024-01-11 22:30:00,34,2,92
2024-01-11 22:35:00,35,2,96
2024-01-11 22:40:00,34,1,102
2024-01-11 22:45:00,41,2,94
2024-01-11 22:50:00,33,2,96
2024-01-11 22:55:00,30,2,99
2024-01-11 23:00:00,25,2,90
2024-01-11 23:05:00,40,2,96
2024-01-11 23:10:00,32,2,94
2024-01-11 23:15:00,34,2,94
2024-01-11 23:20:00,35,2,93
2024-01-11 23:25:00,42,2,90
2024-01-11 23:30:00,24,1,91
2024-01-11 23:35:00,43,2,94
2024-01-11 23:40:00,25,1,95
2024-01-11 23:45:00,31,1,92
2024-01-11 23:50:00,25,2,89
2024-01-11 23:55:00,23,1,90
2024-01-12 00:00:00,23,1,89
2024-01-12 00:05:00,12,1,89
2024-01-12 00:10:00,25,2,86
2024-01-12 00:15:00,25,1,93
2024-01-12 00:20:00,20,1,102
2024-01-12 00:25:00,17,1,94
2024-01-12 00:30:00,27,2,87
2024-01-12 00:35:00,22,2,89
2024-01-12 00:40:00,27,2,91
2024-01-12 00:45:00,18,1,89
2024-01-12 00:50:00,16,3,86
2024-01-12 00:55:00,29,2,92
2024-01-12 01:00:00,11,1,86
2024-01-12 01:05:00,13,2,88
2024-01-12 01:10:00,19,2,86
2024-01-12 01:15:00,19,2,92
2024-01-12 01:20:00,19,1,99
2024-01-12 01:25:00,24,3,88
2024-01-12 01:30:00,15,1,91
2024-01-12 01:35:00,13,2,95
2024-01-12 01:40:00,24,2,97
2024-01-12 01:45:00,19,2,90
2024-01-12 01:50:00,19,1,87
2024-01-12 01:55:00,16,1,90
2024-01-12 02:00:00,17,3,81
2024-01-12 02:05:00,4,1,94
2024-01-12 02:10:00,19,2,86
2024-01-12 02:15:00,13,1,89
2024-01-12 02:20:00,13,3,82
2024-01-12 02:25:00,23,2,90
2024-01-12 02:30:00,15,2,93
2024-01-12 02:35:00,14,1,89
2024-01-12 02:40:00,16,1,87
2024-01-12 02:45:00,18,3,84
2024-01-12 02:50:00,23,2,81
2024-01-12 02:55:00,15,2,91
2024-01-12 03:00:00,16,2,89
2024-01-12 03:05:00,26,3,86
2024-01-12 03:10:00,16,2,80
2024-01-12 03:15:00,16,2,85
2024-01-12 03:20:00,23,3,86
2024-01-12 03:25:00,11,2,85
2024-01-12 03:30:00,17,1,96
2024-01-12 03:35:00,15,2,81
2024-01-12 03:40:00,26,2,85
2024-01-12 03:45:00,26,2,91
2024-01-12 03:50:00,21,2,99
2024-01-12 03:55:00,22,3,85
2024-01-12 04:00:00,22,2,85
2024-01-12 04:05:00,29,4,85
2024-01-12 04:10:00,26,2,84
2024-01-12 04:15:00,29,3,85
2024-01-12 04:20:00,22,3,81
2024-01-12 04:25:00,24,3,84
2024-01-12 04:30:00,26,3,82
2024-01-12 04:35:00,23,2,88
2024-01-12 04:40:00,29,3,83
2024-01-12 04:45:00,37,2,84
2024-01-12 04:50:00,29,3,86
2024-01-12 04:55:00,29,2,87
2024-01-12 05:00:00,31,3,86
2024-01-12 05:05:00,31,3,85
2024-01-12 05:10:00,20,2,87
2024-01-12 05:15:00,37,3,87
2024-01-12 05:20:00,41,4,86
2024-01-12 05:25:00,53,3,86
2024-01-12 05:30:00,45,3,86
2024-01-12 05:35:00,36,2,92
2024-01-12 05:40:00,37,3,84
2024-01-12 05:45:00,46,3,90
2024-01-12 05:50:00,41,3,84
2024-01-12 05:55:00,56,2,92
2024-01-12 06:00:00,39,2,86
2024-01-12 06:05:00,66,3,91
2024-01-12 06:10:00,50,4,84
2024-01-12 06:15:00,57,3,89
2024-01-12 06:20:00,46,2,87
2024-01-12 06:25:00,57,3,93
2024-01-12 06:30:00,54,3,92
2024-01-12 06:35:00,40,2,92
2024-01-12 06:40:00,53,3,92
2024-01-12 06:45:00,68,4,85
2024-01-12 06:50:00,55,2,95
2024-01-12 06:55:00,69,4,88
2024-01-12 07:00:00,53,3,97
2024-01-12 07:05:00,69,3,92
2024-01-12 07:10:00,71,3,96
2024-01-12 07:15:00,68,4,93
2024-01-12 07:20:00,64,3,94
2024-01-12 07:25:00,69,3,95
2024-01-12 07:30:00,42,2,94
2024-01-12 07:35:00,63,2,96
2024-01-12 07:40:00,68,3,97
2024-01-12 07:45:00,58,2,98
2024-01-12 07:50:00,91,4,97
2024-01-12 07:55:00,69,3,97
2024-01-12 08:00:00,85,3,96
2024-01-12 08:05:00,70,3,98
2024-01-12 08:10:00,70,3,97
2024-01-12 08:15:00,62,2,106
2024-01-12 08:20:00,75,3,103
2024-01-12 08:25:00,68,2,101
2024-01-12 08:30:00,83,3,100
2024-01-12 08:35:00,87,3,101
2024-01-12 08:40:00,76,3,102
2024-01-12 08:45:00,82,3,101
2024-01-12 08:50:00,79,3,103
2024-01-12 08:55:00,79,2,103
2024-01-12 09:00:00,88,3,101
2024-01-12 09:05:00,88,3,102
2024-01-12 09:10:00,85,3,100
2024-01-12 09:15:00,107,4,102
2024-01-12 09:20:00,101,4,100
2024-01-12 09:25:00,92,3,102
2024-01-12 09:30:00,96,3,102
2024-01-12 09:35:00,89,3,101
2024-01-12 09:40:00,88,3,101
2024-01-12 09:45:00,134,5,99
2024-01-12 09:50:00,105,4,98
2024-01-12 09:55:00,132,4,106
2024-01-12 10:00:00,109,4,98
2024-01-12 10:05:00,115,3,104
2024-01-12 10:10:00,100,3,102
2024-01-12 10:15:00,113,4,105
2024-01-12 10:20:00,110,4,101
2024-01-12 10:25:00,105,3,104
2024-01-12 10:30:00,127,4,103
2024-01-12 10:35:00,120,3,104
2024-01-12 10:40:00,109,4,104
2024-01-12 10:45:00,154,5,106
2024-01-12 10:50:00,118,3,106
2024-01-12 10:55:00,122,4,102
2024-01-12 11:00:00,88,2,110
2024-01-12 11:05:00,115,3,104
2024-01-12 11:10:00,123,4,106
2024-01-12 11:15:00,138,4,103
2024-01-12 11:20:00,119,4,104
2024-01-12 11:25:00,128,4,104
2024-01-12 11:30:00,131,4,103
2024-01-12 11:35:00,125,4,102
2024-01-12 11:40:00,137,4,102
2024-01-12 11:45:00,146,5,102
2024-01-12 11:50:00,133,5,100
2024-01-12 11:55:00,152,5,101
2024-01-12 12:00:00,139,5,100
2024-01-12 12:05:00,121,4,105
2024-01-12 12:10:00,128,4,102
2024-01-12 12:15:00,125,5,102
2024-01-12 12:20:00,165,6,99
2024-01-12 12:25:00,161,5,99
2024-01-12 12:30:00,152,5,101
2024-01-12 12:35:00,118,4,103
2024-01-12 12:40:00,152,5,103
2024-01-12 12:45:00,134,4,103
2024-01-12 12:50:00,119,4,100
2024-01-12 12:55:00,151,5,102
2024-01-12 13:00:00,159,6,101
2024-01-12 13:05:00,147,6,100
2024-01-12 13:10:00,127,4,104
2024-01-12 13:15:00,164,5,106
2024-01-12 13:20:00,166,6,101
2024-01-12 13:25:00,130,4,102
2024-01-12 13:30:00,143,5,105
2024-01-12 13:35:00,128,4,101
2024-01-12 13:40:00,154,6,100
2024-01-12 13:45:00,124,4,102
2024-01-12 13:50:00,160,5,101
2024-01-12 13:55:00,148,5,101
2024-01-12 14:00:00,158,5,103
2024-01-12 14:05:00,181,6,104
2024-01-12 14:10:00,137,4,99
2024-01-12 14:15:00,172,5,102
2024-01-12 14:20:00,168,6,105
2024-01-12 14:25:00,171,5,103
2024-01-12 14:30:00,174,6,102
2024-01-12 14:35:00,144,4,109
2024-01-12 14:40:00,158,6,103
2024-01-12 14:45:00,185,6,104
2024-01-12 14:50:00,150,5,106
2024-01-12 14:55:00,183,5,106
2024-01-12 15:00:00,140,4,104
2024-01-12 15:05:00,160,5,104
2024-01-12 15:10:00,198,6,104
2024-01-12 15:15:00,156,4,110
2024-01-12 15:20:00,165,5,108
2024-01-12 15:25:00,156,4,105
2024-01-12 15:30:00,174,5,104
2024-01-12 15:35:00,166,4,108
2024-01-12 15:40:00,176,6,105
2024-01-12 15:45:00,171,5,106
2024-01-12 15:50:00,159,4,107
2024-01-12 15:55:00,158,4,107
2024-01-12 16:00:00,158,4,108
2024-01-12 16:05:00,147,4,107
2024-01-12 16:10:00,155,5,103
2024-01-12 16:15:00,166,5,108
2024-01-12 16:20:00,145,4,107
2024-01-12 16:25:00,199,6,103
2024-01-12 16:30:00,145,4,104
2024-01-12 16:35:00,160,4,108
2024-01-12 16:40:00,187,5,105
2024-01-12 16:45:00,142,4,105
2024-01-12 16:50:00,154,4,106
2024-01-12 16:55:00,139,4,104
2024-01-12 17:00:00,144,4,103
2024-01-12 17:05:00,167,5,104
2024-01-12 17:10:00,148,4,104
2024-01-12 17:15:00,189,5,102
2024-01-12 17:20:00,189,5,103
2024-01-12 17:25:00,129,4,101
2024-01-12 17:30:00,165,5,104
2024-01-12 17:35:00,179,5,106
2024-01-12 17:40:00,139,4,104
2024-01-12 17:45:00,165,5,105
2024-01-12 17:50:00,138,4,103
2024-01-12 17:55:00,167,5,103
2024-01-12 18:00:00,156,4,105
2024-01-12 18:05:00,158,5,100
2024-01-12 18:10:00,146,4,103
2024-01-12 18:15:00,146,4,102
2024-01-12 18:20:00,165,4,105
2024-01-12 18:25:00,137,4,104
2024-01-12 18:30:00,143,4,105
2024-01-12 18:35:00,113,3,103
2024-01-12 18:40:00,157,5,105
2024-01-12 18:45:00,138,4,102
2024-01-12 18:50:00,155,4,107
2024-01-12 18:55:00,127,3,107
2024-01-12 19:00:00,133,4,104
2024-01-12 19:05:00,147,4,106
2024-01-12 19:10:00,140,4,107
2024-01-12 19:15:00,126,3,107
2024-01-12 19:20:00,125,3,104
2024-01-12 19:25:00,121,4,102
2024-01-12 19:30:00,123,4,105
2024-01-12 19:35:00,115,3,104
2024-01-12 19:40:00,105,3,106
2024-01-12 19:45:00,107,3,105
2024-01-12 19:50:00,122,3,105
2024-01-12 19:55:00,122,3,109
2024-01-12 20:00:00,106,3,100
2024-01-12 20:05:00,119,3,106
2024-01-12 20:10:00,125,3,104
2024-01-12 20:15:00,106,3,106
2024-01-12 20:20:00,84,2,106
2024-01-12 20:25:00,113,3,105
2024-01-12 20:30:00,92,2,104
2024-01-12 20:35:00,110,3,104
2024-01-12 20:40:00,86,3,105
2024-01-12 20:45:00,110,3,104
2024-01-12 20:50:00,117,3,105
2024-01-12 20:55:00,69,2,102
2024-01-12 21:00:00,93,3,102
2024-01-12 21:05:00,82,2,104
2024-01-12 21:10:00,83,3,105
2024-01-12 21:15:00,78,3,101
2024-01-12 21:20:00,76,2,108
2024-01-12 21:25:00,69,2,108
2024-01-12 21:30:00,82,2,110
2024-01-12 21:35:00,49,2,100
2024-01-12 21:40:00,63,2,106
2024-01-12 21:45:00,57,2,99
2024-01-12 21:50:00,73,2,103
2024-01-12 21:55:00,74,2,99
2024-01-12 22:00:00,69,2,100
2024-01-12 22:05:00,49,2,108
2024-01-12 22:10:00,65,2,103
2024-01-12 22:15:00,65,2,104
2024-01-12 22:20:00,73,2,99
2024-01-12 22:25:00,52,2,97
2024-01-12 22:30:00,63,2,98
2024-01-12 22:35:00,49,2,103
2024-01-12 22:40:00,58,1,108
2024-01-12 22:45:00,44,2,107
2024-01-12 22:50:00,49,2,98
2024-01-12 22:55:00,36,1,101
2024-01-12 23:00:00,41,1,104
2024-01-12 23:05:00,55,2,98
2024-01-12 23:10:00,41,1,98
2024-01-12 23:15:00,67,2,104
2024-01-12 23:20:00,41,1,99
2024-01-12 23:25:00,51,2,100
2024-01-12 23:30:00,39,2,103
2024-01-12 23:35:00,41,2,96
2024-01-12 23:40:00,38,1,101
2024-01-12 23:45:00,56,2,98
2024-01-12 23:50:00,43,2,100
2024-01-12 23:55:00,32,1,102
2024-01-13 00:00:00,36,1,102
2024-01-13 00:05:00,25,2,90
2024-01-13 00:10:00,27,1,100
2024-01-13 00:15:00,22,1,109
2024-01-13 00:20:00,23,2,91
2024-01-13 00:25:00,22,1,94
2024-01-13 00:30:00,17,2,88
2024-01-13 00:35:00,24,2,90
2024-01-13 00:40:00,29,2,97
2024-01-13 00:45:00,24,1,96
2024-01-13 00:50:00,23,1,91
2024-01-13 00:55:00,30,2,93
2024-01-13 01:00:00,25,2,98
2024-01-13 01:05:00,28,1,96
2024-01-13 01:10:00,22,2,90
2024-01-13 01:15:00,12,1,96
2024-01-13 01:20:00,36,2,96
2024-01-13 01:25:00,25,2,95
2024-01-13 01:30:00,13,1,99
2024-01-13 01:35:00,16,1,89
2024-01-13 01:40:00,21,1,92
2024-01-13 01:45:00,14,1,92
2024-01-13 01:50:00,15,1,87
2024-01-13 01:55:00,14,1,88
2024-01-13 02:00:00,10,1,89
2024-01-13 02:05:00,11,1,88
2024-01-13 02:10:00,21,2,84
2024-01-13 02:15:00,21,2,88
2024-01-13 02:20:00,18,2,89
2024-01-13 02:25:00,17,2,91
2024-01-13 02:30:00,20,2,87
2024-01-13 02:35:00,16,1,97
2024-01-13 02:40:00,20,1,96
2024-01-13 02:45:00,15,1,92
2024-01-13 02:50:00,10,1,87
2024-01-13 02:55:00,20,2,86
2024-01-13 03:00:00,13,2,86
2024-01-13 03:05:00,10,1,90
2024-01-13 03:10:00,15,2,91
2024-01-13 03:15:00,12,1,89
2024-01-13 03:20:00,23,2,89
2024-01-13 03:25:00,12,1,93
2024-01-13 03:30:00,14,1,93
2024-01-13 03:35:00,9,2,86
2024-01-13 03:40:00,16,2,88
2024-01-13 03:45:00,23,2,89
2024-01-13 03:50:00,27,3,89
2024-01-13 03:55:00,24,2,94
2024-01-13 04:00:00,22,2,91
2024-01-13 04:05:00,17,1,87
2024-01-13 04:10:00,25,2,87
2024-01-13 04:15:00,14,2,86
2024-01-13 04:20:00,13,1,84
2024-01-13 04:25:00,14,2,94
2024-01-13 04:30:00,17,2,82
2024-01-13 04:35:00,24,1,89
2024-01-13 04:40:00,26,2,89
2024-01-13 04:45:00,27,2,89
2024-01-13 04:50:00,27,2,88
2024-01-13 04:55:00,28,2,86
2024-01-13 05:00:00,27,2,83
2024-01-13 05:05:00,18,2,88
2024-01-13 05:10:00,27,2,83
2024-01-13 05:15:00,18,2,84
2024-01-13 05:20:00,34,2,83
2024-01-13 05:25:00,25,3,84
2024-01-13 05:30:00,24,2,85
2024-01-13 05:35:00,27,2,86
2024-01-13 05:40:00,28,2,89
2024-01-13 05:45:00,22,2,95
2024-01-13 05:50:00,25,2,89
2024-01-13 05:55:00,32,2,96
2024-01-13 06:00:00,34,2,95
2024-01-13 06:05:00,35,2,88
2024-01-13 06:10:00,44,2,92
2024-01-13 06:15:00,47,2,97
2024-01-13 06:20:00,44,3,86
2024-01-13 06:25:00,46,2,90
2024-01-13 06:30:00,54,2,93
2024-01-13 06:35:00,46,2,96
2024-01-13 06:40:00,47,2,93
2024-01-13 06:45:00,47,2,94
2024-01-13 06:50:00,48,3,92
2024-01-13 06:55:00,53,2,96
2024-01-13 07:00:00,48,2,98
2024-01-13 07:05:00,34,2,93
2024-01-13 07:10:00,45,2,101
2024-01-13 07:15:00,56,2,103
2024-01-13 07:20:00,43,2,98
2024-01-13 07:25:00,49,2,96
2024-01-13 07:30:00,51,2,99
2024-01-13 07:35:00,50,2,98
2024-01-13 07:40:00,48,2,100
2024-01-13 07:45:00,53,2,98
2024-01-13 07:50:00,53,2,103
2024-01-13 07:55:00,59,2,101
2024-01-13 08:00:00,56,2,100
2024-01-13 08:05:00,56,2,102
2024-01-13 08:10:00,55,2,99
2024-01-13 08:15:00,58,2,104
2024-01-13 08:20:00,56,2,101
2024-01-13 08:25:00,62,2,107
2024-01-13 08:30:00,60,2,104
2024-01-13 08:35:00,74,2,105
2024-01-13 08:40:00,75,3,103
2024-01-13 08:45:00,98,3,106
2024-01-13 08:50:00,67,2,104
2024-01-13 08:55:00,86,3,100
2024-01-13 09:00:00,76,2,104
2024-01-13 09:05:00,90,3,109
2024-01-13 09:10:00,97,3,105
2024-01-13 09:15:00,83,2,110
2024-01-13 09:20:00,105,3,109
2024-01-13 09:25:00,123,3,106
2024-01-13 09:30:00,116,3,110
2024-01-13 09:35:00,94,2,108
2024-01-13 09:40:00,128,3,109
2024-01-13 09:45:00,112,3,111
2024-01-13 09:50:00,139,4,105
2024-01-13 09:55:00,120,3,110
2024-01-13 10:00:00,122,3,108
2024-01-13 10:05:00,147,4,107
2024-01-13 10:10:00,137,3,108
2024-01-13 10:15:00,149,4,110
2024-01-13 10:20:00,155,4,107
2024-01-13 10:25:00,160,4,108
2024-01-13 10:30:00,161,4,109
2024-01-13 10:35:00,159,4,108
2024-01-13 10:40:00,156,4,107
2024-01-13 10:45:00,167,4,107
2024-01-13 10:50:00,183,4,109
2024-01-13 10:55:00,142,3,112
2024-01-13 11:00:00,191,5,107
2024-01-13 11:05:00,147,4,107
2024-01-13 11:10:00,193,5,104
2024-01-13 11:15:00,176,4,110
2024-01-13 11:20:00,180,5,108
2024-01-13 11:25:00,199,5,107
2024-01-13 11:30:00,150,4,107
2024-01-13 11:35:00,189,5,108
2024-01-13 11:40:00,169,4,107
2024-01-13 11:45:00,179,5,107
2024-01-13 11:50:00,173,4,109
2024-01-13 11:55:00,178,4,107
2024-01-13 12:00:00,216,6,109
2024-01-13 12:05:00,178,5,108
2024-01-13 12:10:00,204,5,109
2024-01-13 12:15:00,183,4,109
2024-01-13 12:20:00,192,5,109
2024-01-13 12:25:00,178,5,109
2024-01-13 12:30:00,180,5,106
2024-01-13 12:35:00,159,4,108
2024-01-13 12:40:00,179,5,109
2024-01-13 12:45:00,204,6,106
2024-01-13 12:50:00,170,4,108
2024-01-13 12:55:00,160,4,110
2024-01-13 13:00:00,135,3,111
2024-01-13 13:05:00,177,5,109
2024-01-13 13:10:00,144,3,111
2024-01-13 13:15:00,131,3,109
2024-01-13 13:20:00,172,5,107
2024-01-13 13:25:00,164,4,109
2024-01-13 13:30:00,156,4,108
2024-01-13 13:35:00,149,4,110
2024-01-13 13:40:00,156,4,109
2024-01-13 13:45:00,193,5,105
2024-01-13 13:50:00,169,4,109
2024-01-13 13:55:00,157,4,112
2024-01-13 14:00:00,172,4,111
2024-01-13 14:05:00,184,5,108
2024-01-13 14:10:00,167,4,107
2024-01-13 14:15:00,167,4,106
2024-01-13 14:20:00,189,5,110
2024-01-13 14:25:00,180,5,107
2024-01-13 14:30:00,194,5,106
2024-01-13 14:35:00,165,4,108
2024-01-13 14:40:00,187,5,106
2024-01-13 14:45:00,196,5,109
2024-01-13 14:50:00,189,5,108
2024-01-13 14:55:00,226,6,107
2024-01-13 15:00:00,172,4,108
2024-01-13 15:05:00,202,5,107
2024-01-13 15:10:00,170,4,107
2024-01-13 15:15:00,207,5,108
2024-01-13 15:20:00,197,5,110
2024-01-13 15:25:00,167,4,107
2024-01-13 15:30:00,182,5,105
2024-01-13 15:35:00,205,5,104
2024-01-13 15:40:00,175,4,107
2024-01-13 15:45:00,174,4,107
2024-01-13 15:50:00,191,5,107
2024-01-13 15:55:00,197,5,109
2024-01-13 16:00:00,200,5,106
2024-01-13 16:05:00,186,4,109
2024-01-13 16:10:00,191,5,106
2024-01-13 16:15:00,175,4,108
2024-01-13 16:20:00,184,5,107
2024-01-13 16:25:00,187,5,108
2024-01-13 16:30:00,156,4,107
2024-01-13 16:35:00,141,3,107
2024-01-13 16:40:00,164,4,108
2024-01-13 16:45:00,200,5,107
2024-01-13 16:50:00,152,4,105
2024-01-13 16:55:00,166,4,108
2024-01-13 17:00:00,160,4,108
2024-01-13 17:05:00,164,4,107
2024-01-13 17:10:00,166,4,107
2024-01-13 17:15:00,143,4,111
2024-01-13 17:20:00,165,4,110
2024-01-13 17:25:00,170,4,106
2024-01-13 17:30:00,139,4,104
2024-01-13 17:35:00,142,3,107
2024-01-13 17:40:00,144,4,108
2024-01-13 17:45:00,121,3,103
2024-01-13 17:50:00,141,4,105
2024-01-13 17:55:00,144,4,105
2024-01-13 18:00:00,136,3,108
2024-01-13 18:05:00,107,3,106
2024-01-13 18:10:00,128,3,106
2024-01-13 18:15:00,129,3,104
2024-01-13 18:20:00,109,3,105
2024-01-13 18:25:00,94,2,104
2024-01-13 18:30:00,108,3,106
2024-01-13 18:35:00,102,3,108
2024-01-13 18:40:00,92,3,106
2024-01-13 18:45:00,102,3,103
2024-01-13 18:50:00,80,2,106
2024-01-13 18:55:00,126,3,107
2024-01-13 19:00:00,75,2,108
2024-01-13 19:05:00,105,3,107
2024-01-13 19:10:00,81,2,105
2024-01-13 19:15:00,75,2,104
2024-01-13 19:20:00,83,2,104
2024-01-13 19:25:00,93,2,110
2024-01-13 19:30:00,77,2,104
2024-01-13 19:35:00,74,2,105
2024-01-13 19:40:00,92,2,109
2024-01-13 19:45:00,68,2,105
2024-01-13 19:50:00,77,2,106
2024-01-13 19:55:00,81,2,112
2024-01-13 20:00:00,70,2,105
2024-01-13 20:05:00,61,2,103
2024-01-13 20:10:00,84,2,103
2024-01-13 20:15:00,67,2,103
2024-01-13 20:20:00,60,2,107
2024-01-13 20:25:00,70,2,104
2024-01-13 20:30:00,63,2,103
2024-01-13 20:35:00,59,1,103
2024-01-13 20:40:00,64,2,106
2024-01-13 20:45:00,58,2,105
2024-01-13 20:50:00,60,1,106
2024-01-13 20:55:00,58,1,112
2024-01-13 21:00:00,60,1,104
2024-01-13 21:05:00,55,1,102
2024-01-13 21:10:00,59,2,101
2024-01-13 21:15:00,72,2,105
2024-01-13 21:20:00,40,1,100
2024-01-13 21:25:00,53,1,106
2024-01-13 21:30:00,51,2,102
2024-01-13 21:35:00,55,2,107
2024-01-13 21:40:00,57,1,102
2024-01-13 21:45:00,54,2,102
2024-01-13 21:50:00,53,1,107
2024-01-13 21:55:00,56,2,102
2024-01-13 22:00:00,63,1,104
2024-01-13 22:05:00,45,1,106
2024-01-13 22:10:00,40,2,100
2024-01-13 22:15:00,36,1,103
2024-01-13 22:20:00,44,1,101
2024-01-13 22:25:00,33,1,101
2024-01-13 22:30:00,38,1,104
2024-01-13 22:35:00,43,1,112
2024-01-13 22:40:00,37,1,104
2024-01-13 22:45:00,33,1,101
2024-01-13 22:50:00,36,1,101
2024-01-13 22:55:00,29,1,107
2024-01-13 23:00:00,30,1,103
2024-01-13 23:05:00,29,1,105
2024-01-13 23:10:00,25,1,97
2024-01-13 23:15:00,17,1,107
2024-01-13 23:20:00,14,0,100
2024-01-13 23:25:00,41,1,110
2024-01-13 23:30:00,24,1,103
2024-01-13 23:35:00,19,1,104
2024-01-13 23:40:00,21,1,96
2024-01-13 23:45:00,8,1,93
2024-01-13 23:50:00,22,1,102
2024-01-13 23:55:00,24,1,100
2024-01-14 00:00:00,12,0,101
2024-01-14 00:05:00,22,1,105
2024-01-14 00:10:00,17,1,98
2024-01-14 00:15:00,16,1,102
2024-01-14 00:20:00,21,1,96
2024-01-14 00:25:00,14,1,106
2024-01-14 00:30:00,13,1,97
2024-01-14 00:35:00,11,0,101
2024-01-14 00:40:00,24,1,109
2024-01-14 00:45:00,13,1,98
2024-01-14 00:50:00,21,1,102
2024-01-14 00:55:00,18,1,101
2024-01-14 01:00:00,13,1,108
2024-01-14 01:05:00,17,1,92
2024-01-14 01:10:00,22,1,96
2024-01-14 01:15:00,8,1,97
2024-01-14 01:20:00,9,1,97
2024-01-14 01:25:00,5,1,95
2024-01-14 01:30:00,13,1,104
2024-01-14 01:35:00,10,1,92
2024-01-14 01:40:00,10,1,100
2024-01-14 01:45:00,10,1,93
2024-01-14 01:50:00,15,1,99
2024-01-14 01:55:00,9,1,100
2024-01-14 02:00:00,12,1,110
2024-01-14 02:05:00,14,1,99
2024-01-14 02:10:00,14,1,97
2024-01-14 02:15:00,8,1,100
2024-01-14 02:20:00,9,1,95
2024-01-14 02:25:00,7,1,96
2024-01-14 02:30:00,4,1,91
2024-01-14 02:35:00,9,0,95
2024-01-14 02:40:00,4,0,107
2024-01-14 02:45:00,7,0,97
2024-01-14 02:50:00,13,1,99
2024-01-14 02:55:00,8,1,106
2024-01-14 03:00:00,9,1,92
2024-01-14 03:05:00,6,1,106
2024-01-14 03:10:00,8,1,104
2024-01-14 03:15:00,7,1,95
2024-01-14 03:20:00,7,0,108
2024-01-14 03:25:00,3,0,94
2024-01-14 03:30:00,5,1,89
2024-01-14 03:35:00,5,1,103
2024-01-14 03:40:00,7,1,91
2024-01-14 03:45:00,11,2,95
2024-01-14 03:50:00,8,1,86
2024-01-14 03:55:00,9,1,89
2024-01-14 04:00:00,9,1,101
2024-01-14 04:05:00,8,1,112
2024-01-14 04:10:00,7,1,93
2024-01-14 04:15:00,5,1,83
2024-01-14 04:20:00,5,2,82
2024-01-14 04:25:00,0,0,0
2024-01-14 04:30:00,1,0,93
2024-01-14 04:35:00,6,0,100
2024-01-14 04:40:00,8,1,101
2024-01-14 04:45:00,5,1,95
2024-01-14 04:50:00,5,1,88
2024-01-14 04:55:00,6,1,93
2024-01-14 05:00:00,13,0,103
2024-01-14 05:05:00,8,1,107
2024-01-14 05:10:00,11,1,101
2024-01-14 05:15:00,15,1,94
2024-01-14 05:20:00,12,1,87
2024-01-14 05:25:00,11,1,94
2024-01-14 05:30:00,16,1,96
2024-01-14 05:35:00,11,1,98
2024-01-14 05:40:00,20,1,93
2024-01-14 05:45:00,10,1,94
2024-01-14 05:50:00,9,1,101
2024-01-14 05:55:00,11,1,89
2024-01-14 06:00:00,13,1,95
2024-01-14 06:05:00,12,1,93
2024-01-14 06:10:00,20,1,109
2024-01-14 06:15:00,19,1,96
2024-01-14 06:20:00,19,1,98
2024-01-14 06:25:00,24,1,110
2024-01-14 06:30:00,30,1,96
2024-01-14 06:35:00,19,1,97
2024-01-14 06:40:00,22,1,99
2024-01-14 06:45:00,25,1,96
2024-01-14 06:50:00,26,1,101
2024-01-14 06:55:00,27,1,104
2024-01-14 07:00:00,23,1,99
2024-01-14 07:05:00,21,1,103
2024-01-14 07:10:00,19,1,95
2024-01-14 07:15:00,18,1,101
2024-01-14 07:20:00,23,1,106
2024-01-14 07:25:00,28,1,102
2024-01-14 07:30:00,15,1,103
2024-01-14 07:35:00,22,1,107
2024-01-14 07:40:00,32,1,110
2024-01-14 07:45:00,22,1,108
2024-01-14 07:50:00,31,1,104
2024-01-14 07:55:00,23,1,105
2024-01-14 08:00:00,30,1,98
2024-01-14 08:05:00,33,1,101
2024-01-14 08:10:00,25,1,97
2024-01-14 08:15:00,32,1,105
2024-01-14 08:20:00,36,1,104
2024-01-14 08:25:00,41,1,107
2024-01-14 08:30:00,31,1,103
2024-01-14 08:35:00,44,1,103
2024-01-14 08:40:00,33,1,116
2024-01-14 08:45:00,29,1,108
2024-01-14 08:50:00,39,1,105
2024-01-14 08:55:00,59,1,105
2024-01-14 09:00:00,55,2,106
2024-01-14 09:05:00,45,2,105
2024-01-14 09:10:00,60,2,110
2024-01-14 09:15:00,51,1,112
2024-01-14 09:20:00,63,2,108
2024-01-14 09:25:00,68,1,111
2024-01-14 09:30:00,65,1,107
2024-01-14 09:35:00,79,2,105
2024-01-14 09:40:00,77,2,113
2024-01-14 09:45:00,105,3,106
2024-01-14 09:50:00,88,2,109
2024-01-14 09:55:00,83,2,108
2024-01-14 10:00:00,105,2,111
2024-01-14 10:05:00,89,2,110
2024-01-14 10:10:00,87,2,113
2024-01-14 10:15:00,118,3,106
2024-01-14 10:20:00,115,3,105
2024-01-14 10:25:00,116,3,109
2024-01-14 10:30:00,123,3,105
2024-01-14 10:35:00,107,3,111
2024-01-14 10:40:00,113,3,112
2024-01-14 10:45:00,122,3,104
2024-01-14 10:50:00,144,3,106
2024-01-14 10:55:00,146,4,105
2024-01-14 11:00:00,159,4,106
2024-01-14 11:05:00,130,3,109
2024-01-14 11:10:00,139,3,112
2024-01-14 11:15:00,151,4,108
2024-01-14 11:20:00,140,3,107
2024-01-14 11:25:00,173,4,108
2024-01-14 11:30:00,145,4,109
2024-01-14 11:35:00,149,3,113
2024-01-14 11:40:00,149,3,112
2024-01-14 11:45:00,146,3,107
2024-01-14 11:50:00,146,3,109
2024-01-14 11:55:00,129,3,111
2024-01-14 12:00:00,147,4,110
2024-01-14 12:05:00,144,3,111
2024-01-14 12:10:00,152,4,108
2024-01-14 12:15:00,151,4,113
2024-01-14 12:20:00,139,4,108
2024-01-14 12:25:00,152,4,111
2024-01-14 12:30:00,166,4,112
2024-01-14 12:35:00,164,4,111
2024-01-14 12:40:00,132,3,112
2024-01-14 12:45:00,139,3,111
2024-01-14 12:50:00,136,3,109
2024-01-14 12:55:00,149,4,109
2024-01-14 13:00:00,152,4,109
2024-01-14 13:05:00,161,4,106
2024-01-14 13:10:00,144,3,110
2024-01-14 13:15:00,153,4,112
2024-01-14 13:20:00,160,4,115
2024-01-14 13:25:00,168,4,113
2024-01-14 13:30:00,152,3,110
2024-01-14 13:35:00,163,4,110
2024-01-14 13:40:00,169,4,108
2024-01-14 13:45:00,179,4,109
2024-01-14 13:50:00,157,4,110
2024-01-14 13:55:00,180,4,111
2024-01-14 14:00:00,168,4,113
2024-01-14 14:05:00,162,4,112
2024-01-14 14:10:00,190,5,109
2024-01-14 14:15:00,165,4,113
2024-01-14 14:20:00,187,5,108
2024-01-14 14:25:00,165,4,109
2024-01-14 14:30:00,172,4,109
2024-01-14 14:35:00,185,4,112
2024-01-14 14:40:00,170,4,109
2024-01-14 14:45:00,200,5,107
2024-01-14 14:50:00,175,4,109
2024-01-14 14:55:00,196,5,109
2024-01-14 15:00:00,158,4,111
2024-01-14 15:05:00,167,4,112
2024-01-14 15:10:00,143,3,108
2024-01-14 15:15:00,159,4,110
2024-01-14 15:20:00,167,4,112
2024-01-14 15:25:00,192,5,108
2024-01-14 15:30:00,166,4,112
2024-01-14 15:35:00,162,4,110
2024-01-14 15:40:00,194,5,109
2024-01-14 15:45:00,192,5,108
2024-01-14 15:50:00,202,5,109
2024-01-14 15:55:00,200,5,109
2024-01-14 16:00:00,169,4,108
2024-01-14 16:05:00,209,5,109
2024-01-14 16:10:00,180,4,108
2024-01-14 16:15:00,178,4,109
2024-01-14 16:20:00,211,5,111
2024-01-14 16:25:00,184,4,112
2024-01-14 16:30:00,187,5,111
2024-01-14 16:35:00,163,4,108
2024-01-14 16:40:00,207,5,107
2024-01-14 16:45:00,190,5,109
2024-01-14 16:50:00,165,4,104
2024-01-14 16:55:00,185,4,108
2024-01-14 17:00:00,177,4,109
2024-01-14 17:05:00,182,5,108
2024-01-14 17:10:00,174,4,105
2024-01-14 17:15:00,164,4,108
2024-01-14 17:20:00,178,4,109
2024-01-14 17:25:00,169,4,106
2024-01-14 17:30:00,169,4,107
2024-01-14 17:35:00,160,4,106
2024-01-14 17:40:00,158,4,104
2024-01-14 17:45:00,188,5,103
2024-01-14 17:50:00,140,3,106
2024-01-14 17:55:00,168,4,104
2024-01-14 18:00:00,166,4,101
2024-01-14 18:05:00,160,4,105
2024-01-14 18:10:00,142,4,101
2024-01-14 18:15:00,135,3,103
2024-01-14 18:20:00,132,3,108
2024-01-14 18:25:00,133,3,104
2024-01-14 18:30:00,146,4,103
2024-01-14 18:35:00,101,2,109
2024-01-14 18:40:00,121,3,106
2024-01-14 18:45:00,121,3,106
2024-01-14 18:50:00,150,4,106
2024-01-14 18:55:00,106,2,107
2024-01-14 19:00:00,107,3,102
2024-01-14 19:05:00,128,3,106
2024-01-14 19:10:00,102,3,107
2024-01-14 19:15:00,119,3,108
2024-01-14 19:20:00,116,3,104
2024-01-14 19:25:00,101,2,106
2024-01-14 19:30:00,117,3,106
2024-01-14 19:35:00,119,3,107
2024-01-14 19:40:00,94,2,105
2024-01-14 19:45:00,105,3,105
2024-01-14 19:50:00,112,3,105
2024-01-14 19:55:00,103,3,106
2024-01-14 20:00:00,135,4,107
2024-01-14 20:05:00,84,2,106
2024-01-14 20:10:00,84,2,106
2024-01-14 20:15:00,103,3,105
2024-01-14 20:20:00,78,2,107
2024-01-14 20:25:00,104,3,106
2024-01-14 20:30:00,80,2,109
2024-01-14 20:35:00,89,2,104
2024-01-14 20:40:00,78,2,106
2024-01-14 20:45:00,91,2,105
2024-01-14 20:50:00,98,3,104
2024-01-14 20:55:00,69,2,105
2024-01-14 21:00:00,104,3,105
2024-01-14 21:05:00,72,2,104
2024-01-14 21:10:00,80,2,107
2024-01-14 21:15:00,81,2,106
2024-01-14 21:20:00,74,2,108
2024-01-14 21:25:00,66,2,101
2024-01-14 21:30:00,81,2,107
2024-01-14 21:35:00,56,1,102
2024-01-14 21:40:00,74,2,105
2024-01-14 21:45:00,80,2,105
2024-01-14 21:50:00,46,2,104
2024-01-14 21:55:00,52,2,101
2024-01-14 22:00:00,36,1,98
2024-01-14 22:05:00,62,2,103
2024-01-14 22:10:00,68,2,104
2024-01-14 22:15:00,45,2,97
2024-01-14 22:20:00,50,1,100
2024-01-14 22:25:00,52,1,107
2024-01-14 22:30:00,48,1,107
2024-01-14 22:35:00,47,2,105
2024-01-14 22:40:00,35,1,108
2024-01-14 22:45:00,39,1,103
2024-01-14 22:50:00,40,2,96
2024-01-14 22:55:00,46,1,107
2024-01-14 23:00:00,35,1,100
2024-01-14 23:05:00,37,1,105
2024-01-14 23:10:00,40,2,97
2024-01-14 23:15:00,27,1,100
2024-01-14 23:20:00,38,1,107
2024-01-14 23:25:00,26,1,96
2024-01-14 23:30:00,34,1,97
2024-01-14 23:35:00,25,1,98
2024-01-14 23:40:00,24,1,107
2024-01-14 23:45:00,19,1,109
2024-01-14 23:50:00,26,1,98
2024-01-14 23:55:00,31,1,96
2024-01-15 00:00:00,14,2,94
2024-01-15 00:05:00,20,2,94
2024-01-15 00:10:00,10,1,93
2024-01-15 00:15:00,21,1,96
2024-01-15 00:20:00,13,1,104
2024-01-15 00:25:00,24,1,107
2024-01-15 00:30:00,19,1,104
2024-01-15 00:35:00,23,1,98
2024-01-15 00:40:00,26,1,97
2024-01-15 00:45:00,23,2,88
2024-01-15 00:50:00,15,1,98
2024-01-15 00:55:00,21,1,93
2024-01-15 01:00:00,19,1,85
2024-01-15 01:05:00,16,1,91
2024-01-15 01:10:00,16,1,92
2024-01-15 01:15:00,17,2,87
2024-01-15 01:20:00,20,1,96
2024-01-15 01:25:00,12,1,107
2024-01-15 01:30:00,8,1,97
2024-01-15 01:35:00,12,1,96
2024-01-15 01:40:00,7,1,90
2024-01-15 01:45:00,7,1,90
2024-01-15 01:50:00,10,1,101
2024-01-15 01:55:00,12,2,94
2024-01-15 02:00:00,9,1,95
2024-01-15 02:05:00,10,2,86
2024-01-15 02:10:00,13,2,89
2024-01-15 02:15:00,12,1,95
2024-01-15 02:20:00,8,1,88
2024-01-15 02:25:00,6,1,82
2024-01-15 02:30:00,10,2,87
2024-01-15 02:35:00,7,1,91
2024-01-15 02:40:00,12,1,87
2024-01-15 02:45:00,13,1,90
2024-01-15 02:50:00,8,1,93
2024-01-15 02:55:00,8,2,82
2024-01-15 03:00:00,8,1,97
2024-01-15 03:05:00,12,2,89
2024-01-15 03:10:00,14,1,91
2024-01-15 03:15:00,8,1,90
2024-01-15 03:20:00,9,1,87
2024-01-15 03:25:00,18,2,83
2024-01-15 03:30:00,12,1,93
2024-01-15 03:35:00,14,1,90
2024-01-15 03:40:00,6,1,81
2024-01-15 03:45:00,12,2,95
2024-01-15 03:50:00,13,1,97
2024-01-15 03:55:00,12,1,86
2024-01-15 04:00:00,9,1,90
2024-01-15 04:05:00,12,2,90
2024-01-15 04:10:00,12,1,88
2024-01-15 04:15:00,16,1,94
2024-01-15 04:20:00,17,2,89
2024-01-15 04:25:00,17,2,89
2024-01-15 04:30:00,15,2,91
2024-01-15 04:35:00,24,1,93
2024-01-15 04:40:00,23,2,83
2024-01-15 04:45:00,27,2,88
2024-01-15 04:50:00,23,2,93
2024-01-15 04:55:00,24,2,90
2024-01-15 05:00:00,27,2,90
2024-01-15 05:05:00,22,1,97
2024-01-15 05:10:00,42,2,97
2024-01-15 05:15:00,40,2,99
2024-01-15 05:20:00,33,2,94
2024-01-15 05:25:00,37,2,93
2024-01-15 05:30:00,39,2,97
2024-01-15 05:35:00,43,3,94
2024-01-15 05:40:00,55,2,97
2024-01-15 05:45:00,48,2,98
2024-01-15 05:50:00,37,1,99
2024-01-15 05:55:00,43,2,99
2024-01-15 06:00:00,54,3,94
2024-01-15 06:05:00,45,2,101
2024-01-15 06:10:00,54,3,95
2024-01-15 06:15:00,61,3,96
2024-01-15 06:20:00,65,3,95
2024-01-15 06:25:00,60,2,101
2024-01-15 06:30:00,58,3,99
2024-01-15 06:35:00,81,3,96
2024-01-15 06:40:00,74,3,99
2024-01-15 06:45:00,65,2,98
2024-01-15 06:50:00,73,3,101
2024-01-15 06:55:00,79,2,102
2024-01-15 07:00:00,69,3,95
2024-01-15 07:05:00,88,4,94
2024-01-15 07:10:00,81,3,100
2024-01-15 07:15:00,68,2,101
2024-01-15 07:20:00,83,3,96
2024-01-15 07:25:00,74,3,100
2024-01-15 07:30:00,83,3,100
2024-01-15 07:35:00,92,3,102
2024-01-15 07:40:00,86,2,105
2024-01-15 07:45:00,91,3,102
2024-01-15 07:50:00,104,3,101
2024-01-15 07:55:00,93,3,101
2024-01-15 08:00:00,92,2,105
2024-01-15 08:05:00,82,3,101
2024-01-15 08:10:00,67,2,104
2024-01-15 08:15:00,94,3,107
2024-01-15 08:20:00,103,3,103
2024-01-15 08:25:00,83,2,108
2024-01-15 08:30:00,109,3,103
2024-01-15 08:35:00,81,2,107
2024-01-15 08:40:00,90,3,100
2024-01-15 08:45:00,106,3,107
2024-01-15 08:50:00,87,4,99
2024-01-15 08:55:00,84,2,104
2024-01-15 09:00:00,97,3,102
2024-01-15 09:05:00,76,3,100
2024-01-15 09:10:00,76,2,102
2024-01-15 09:15:00,110,4,102
2024-01-15 09:20:00,104,3,102
2024-01-15 09:25:00,108,3,100
2024-01-15 09:30:00,90,3,106
2024-01-15 09:35:00,101,3,102
2024-01-15 09:40:00,101,3,102
2024-01-15 09:45:00,88,3,103
2024-01-15 09:50:00,104,4,104
2024-01-15 09:55:00,116,4,100
2024-01-15 10:00:00,93,3,102
2024-01-15 10:05:00,112,3,103
2024-01-15 10:10:00,87,3,100
2024-01-15 10:15:00,112,3,101
2024-01-15 10:20:00,140,5,100
2024-01-15 10:25:00,100,3,104
2024-01-15 10:30:00,110,3,105
2024-01-15 10:35:00,100,3,104
2024-01-15 10:40:00,123,4,103
2024-01-15 10:45:00,125,4,101
2024-01-15 10:50:00,124,4,102
2024-01-15 10:55:00,135,4,103
2024-01-15 11:00:00,125,4,107
2024-01-15 11:05:00,87,3,105
2024-01-15 11:10:00,120,4,99
2024-01-15 11:15:00,142,5,99
2024-01-15 11:20:00,122,4,103
2024-01-15 11:25:00,135,4,101
2024-01-15 11:30:00,119,4,103
2024-01-15 11:35:00,146,4,105
2024-01-15 11:40:00,127,5,101
2024-01-15 11:45:00,133,4,102
2024-01-15 11:50:00,156,5,102
2024-01-15 11:55:00,151,5,103
2024-01-15 12:00:00,129,4,103
2024-01-15 12:05:00,150,5,102
2024-01-15 12:10:00,146,5,101
2024-01-15 12:15:00,134,5,102
2024-01-15 12:20:00,142,5,103
2024-01-15 12:25:00,137,5,105
2024-01-15 12:30:00,130,5,104
2024-01-15 12:35:00,141,5,98
2024-01-15 12:40:00,106,3,106
2024-01-15 12:45:00,132,5,99
2024-01-15 12:50:00,148,5,104
2024-01-15 12:55:00,144,5,101
2024-01-15 13:00:00,166,6,103
2024-01-15 13:05:00,166,6,102
2024-01-15 13:10:00,158,6,98
2024-01-15 13:15:00,147,4,106
2024-01-15 13:20:00,174,6,102
2024-01-15 13:25:00,145,5,101
2024-01-15 13:30:00,160,5,104
2024-01-15 13:35:00,168,6,103
2024-01-15 13:40:00,137,4,105
2024-01-15 13:45:00,122,4,104
2024-01-15 13:50:00,164,5,101
2024-01-15 13:55:00,130,4,104
2024-01-15 14:00:00,129,4,102
2024-01-15 14:05:00,141,5,103
2024-01-15 14:10:00,135,4,102
2024-01-15 14:15:00,156,5,105
2024-01-15 14:20:00,148,5,102
2024-01-15 14:25:00,133,4,104
2024-01-15 14:30:00,129,5,100
2024-01-15 14:35:00,160,5,101
2024-01-15 14:40:00,131,4,104
2024-01-15 14:45:00,128,4,107
2024-01-15 14:50:00,145,5,103
2024-01-15 14:55:00,145,5,104
2024-01-15 15:00:00,150,4,100
2024-01-15 15:05:00,132,4,103
2024-01-15 15:10:00,142,4,108
2024-01-15 15:15:00,136,4,104
2024-01-15 15:20:00,121,3,107
2024-01-15 15:25:00,128,4,104
2024-01-15 15:30:00,133,4,103
2024-01-15 15:35:00,109,3,103
2024-01-15 15:40:00,125,4,104
2024-01-15 15:45:00,145,5,101
2024-01-15 15:50:00,124,3,103
2024-01-15 15:55:00,119,3,106
2024-01-15 16:00:00,132,4,104
2024-01-15 16:05:00,102,3,106
2024-01-15 16:10:00,117,4,104
2024-01-15 16:15:00,120,4,107
2024-01-15 16:20:00,118,3,108
2024-01-15 16:25:00,101,3,106
2024-01-15 16:30:00,125,4,105
2024-01-15 16:35:00,131,4,104
2024-01-15 16:40:00,140,4,106
2024-01-15 16:45:00,126,4,104
2024-01-15 16:50:00,111,4,105
2024-01-15 16:55:00,109,3,106
2024-01-15 17:00:00,100,3,107
2024-01-15 17:05:00,109,4,101
2024-01-15 17:10:00,106,3,106
2024-01-15 17:15:00,122,4,102
2024-01-15 17:20:00,97,3,104
2024-01-15 17:25:00,132,4,103
2024-01-15 17:30:00,108,3,107
2024-01-15 17:35:00,91,3,101
2024-01-15 17:40:00,117,4,103
2024-01-15 17:45:00,91,3,100
2024-01-15 17:50:00,96,3,103
2024-01-15 17:55:00,75,3,98
2024-01-15 18:00:00,88,3,101
2024-01-15 18:05:00,89,3,100
2024-01-15 18:10:00,96,3,100
2024-01-15 18:15:00,97,3,100
2024-01-15 18:20:00,75,3,97
2024-01-15 18:25:00,107,3,100
2024-01-15 18:30:00,103,3,102
2024-01-15 18:35:00,76,2,100
2024-01-15 18:40:00,97,3,102
2024-01-15 18:45:00,73,2,103
2024-01-15 18:50:00,90,3,102
2024-01-15 18:55:00,63,2,107
2024-01-15 19:00:00,72,2,102
2024-01-15 19:05:00,97,3,99
2024-01-15 19:10:00,78,2,100
2024-01-15 19:15:00,86,3,97
2024-01-15 19:20:00,77,3,103
2024-01-15 19:25:00,83,3,100
2024-01-15 19:30:00,75,3,102
2024-01-15 19:35:00,54,2,101
2024-01-15 19:40:00,65,2,97
2024-01-15 19:45:00,77,2,100
2024-01-15 19:50:00,57,2,105
2024-01-15 19:55:00,58,2,99
2024-01-15 20:00:00,53,2,96
2024-01-15 20:05:00,68,2,98
2024-01-15 20:10:00,62,2,100
2024-01-15 20:15:00,65,2,97
2024-01-15 20:20:00,60,3,97
2024-01-15 20:25:00,48,2,98
2024-01-15 20:30:00,64,2,102
2024-01-15 20:35:00,53,2,100
2024-01-15 20:40:00,36,2,100
2024-01-15 20:45:00,47,2,97
2024-01-15 20:50:00,40,2,94
2024-01-15 20:55:00,61,2,97
2024-01-15 21:00:00,36,1,94
2024-01-15 21:05:00,37,1,99
2024-01-15 21:10:00,46,3,96
2024-01-15 21:15:00,41,2,95
2024-01-15 21:20:00,46,2,98
2024-01-15 21:25:00,35,1,97
2024-01-15 21:30:00,40,2,93
2024-01-15 21:35:00,45,2,92
2024-01-15 21:40:00,55,2,99
2024-01-15 21:45:00,51,2,92
2024-01-15 21:50:00,38,2,97
2024-01-15 21:55:00,56,2,95
2024-01-15 22:00:00,34,2,91
2024-01-15 22:05:00,40,2,98
2024-01-15 22:10:00,47,2,103
2024-01-15 22:15:00,42,2,94
2024-01-15 22:20:00,36,2,95
2024-01-15 22:25:00,39,2,95
2024-01-15 22:30:00,44,2,91
2024-01-15 22:35:00,46,3,92
2024-01-15 22:40:00,33,2,91
2024-01-15 22:45:00,27,1,95
2024-01-15 22:50:00,37,2,93
2024-01-15 22:55:00,36,2,93
2024-01-15 23:00:00,37,2,93
2024-01-15 23:05:00,40,2,91
2024-01-15 23:10:00,36,1,97
2024-01-15 23:15:00,41,2,92
2024-01-15 23:20:00,26,2,99
2024-01-15 23:25:00,36,2,96
2024-01-15 23:30:00,31,3,90
2024-01-15 23:35:00,25,1,94
2024-01-15 23:40:00,36,2,91
2024-01-15 23:45:00,26,2,94
2024-01-15 23:50:00,26,2,93
2024-01-15 23:55:00,32,3,90
2024-01-16 00:00:00,20,2,83
2024-01-16 00:05:00,21,2,96
2024-01-16 00:10:00,19,2,89
2024-01-16 00:15:00,23,2,89
2024-01-16 00:20:00,22,2,94
2024-01-16 00:25:00,21,2,92
2024-01-16 00:30:00,24,2,91
2024-01-16 00:35:00,23,2,92
2024-01-16 00:40:00,29,2,86
2024-01-16 00:45:00,18,2,84
2024-01-16 00:50:00,22,2,91
2024-01-16 00:55:00,19,1,95
2024-01-16 01:00:00,16,2,100
2024-01-16 01:05:00,15,1,91
2024-01-16 01:10:00,21,1,102
2024-01-16 01:15:00,15,2,84
2024-01-16 01:20:00,22,2,91
2024-01-16 01:25:00,20,2,90
2024-01-16 01:30:00,17,2,83
2024-01-16 01:35:00,14,2,89
2024-01-16 01:40:00,18,3,82
2024-01-16 01:45:00,22,2,82
2024-01-16 01:50:00,20,3,89
2024-01-16 01:55:00,17,1,99
2024-01-16 02:00:00,24,2,90
2024-01-16 02:05:00,16,1,93
2024-01-16 02:10:00,14,1,92
2024-01-16 02:15:00,8,2,86
2024-01-16 02:20:00,13,2,85
2024-01-16 02:25:00,14,2,91
2024-01-16 02:30:00,13,2,85
2024-01-16 02:35:00,19,2,89
2024-01-16 02:40:00,23,2,85
2024-01-16 02:45:00,19,2,90
2024-01-16 02:50:00,11,1,87
2024-01-16 02:55:00,20,2,88
2024-01-16 03:00:00,17,2,90
2024-01-16 03:05:00,12,2,85
2024-01-16 03:10:00,15,2,83
2024-01-16 03:15:00,20,2,89
2024-01-16 03:20:00,18,2,89
2024-01-16 03:25:00,19,2,93
2024-01-16 03:30:00,12,2,88
2024-01-16 03:35:00,14,3,87
2024-01-16 03:40:00,16,2,82
2024-01-16 03:45:00,13,2,84
2024-01-16 03:50:00,24,3,85
2024-01-16 03:55:00,26,1,95
2024-01-16 04:00:00,31,3,84
2024-01-16 04:05:00,18,2,82
2024-01-16 04:10:00,32,2,85
2024-01-16 04:15:00,27,2,89
2024-01-16 04:20:00,26,2,96
2024-01-16 04:25:00,28,3,82
2024-01-16 04:30:00,20,3,84
2024-01-16 04:35:00,30,2,85
2024-01-16 04:40:00,26,2,86
2024-01-16 04:45:00,28,2,87
2024-01-16 04:50:00,29,2,89
2024-01-16 04:55:00,30,3,85
2024-01-16 05:00:00,35,3,87
2024-01-16 05:05:00,29,2,90
2024-01-16 05:10:00,43,3,84
2024-01-16 05:15:00,30,3,87
2024-01-16 05:20:00,32,2,87
2024-01-16 05:25:00,40,4,85
2024-01-16 05:30:00,45,3,85
2024-01-16 05:35:00,56,4,85
2024-01-16 05:40:00,48,3,88
2024-01-16 05:45:00,55,3,90
2024-01-16 05:50:00,52,3,91
2024-01-16 05:55:00,51,3,92
2024-01-16 06:00:00,48,3,90
2024-01-16 06:05:00,50,2,96
2024-01-16 06:10:00,40,3,86
2024-01-16 06:15:00,50,3,89
2024-01-16 06:20:00,56,3,91
2024-01-16 06:25:00,63,3,92
2024-01-16 06:30:00,52,3,87
2024-01-16 06:35:00,74,3,90
2024-01-16 06:40:00,77,4,95
2024-01-16 06:45:00,77,4,89
2024-01-16 06:50:00,62,3,91
2024-01-16 06:55:00,67,3,93
2024-01-16 07:00:00,61,3,94
2024-01-16 07:05:00,58,2,95
2024-01-16 07:10:00,65,3,92
2024-01-16 07:15:00,59,3,94
2024-01-16 07:20:00,73,4,91
2024-01-16 07:25:00,71,3,93
2024-01-16 07:30:00,75,3,94
2024-01-16 07:35:00,79,4,95
2024-01-16 07:40:00,78,3,96
2024-01-16 07:45:00,72,2,100
2024-01-16 07:50:00,87,3,95
2024-01-16 07:55:00,84,3,98
2024-01-16 08:00:00,80,3,100
2024-01-16 08:05:00,65,2,102
2024-01-16 08:10:00,72,3,99
2024-01-16 08:15:00,71,3,97
2024-01-16 08:20:00,66,2,99
2024-01-16 08:25:00,79,3,102
2024-01-16 08:30:00,84,3,102
2024-01-16 08:35:00,80,3,102
2024-01-16 08:40:00,75,3,99
2024-01-16 08:45:00,103,4,98
2024-01-16 08:50:00,77,3,98
2024-01-16 08:55:00,84,3,103
2024-01-16 09:00:00,91,3,99
2024-01-16 09:05:00,74,2,100
2024-01-16 09:10:00,81,3,101
2024-01-16 09:15:00,114,5,99
2024-01-16 09:20:00,95,3,102
2024-01-16 09:25:00,106,3,102
2024-01-16 09:30:00,101,4,100
2024-01-16 09:35:00,106,4,97
2024-01-16 09:40:00,92,3,103
2024-01-16 09:45:00,120,5,99
2024-01-16 09:50:00,114,4,99
2024-01-16 09:55:00,102,4,99
2024-01-16 10:00:00,123,4,101
2024-01-16 10:05:00,107,4,101
2024-01-16 10:10:00,114,4,104
2024-01-16 10:15:00,111,4,98
2024-01-16 10:20:00,126,4,100
2024-01-16 10:25:00,121,4,100
2024-01-16 10:30:00,123,4,100
2024-01-16 10:35:00,114,4,102
2024-01-16 10:40:00,134,4,100
2024-01-16 10:45:00,135,5,101
2024-01-16 10:50:00,131,4,103
2024-01-16 10:55:00,140,4,102
2024-01-16 11:00:00,127,4,104
2024-01-16 11:05:00,122,5,100
2024-01-16 11:10:00,142,5,100
2024-01-16 11:15:00,152,5,102
2024-01-16 11:20:00,146,4,105
2024-01-16 11:25:00,147,5,100
2024-01-16 11:30:00,156,6,98
2024-01-16 11:35:00,129,5,98
2024-01-16 11:40:00,129,5,100
2024-01-16 11:45:00,144,5,104
2024-01-16 11:50:00,153,5,101
2024-01-16 11:55:00,141,5,101
2024-01-16 12:00:00,142,5,99
2024-01-16 12:05:00,141,5,101
2024-01-16 12:10:00,135,5,100
2024-01-16 12:15:00,165,6,99
2024-01-16 12:20:00,135,5,100
2024-01-16 12:25:00,125,5,97
2024-01-16 12:30:00,139,5,98
2024-01-16 12:35:00,145,5,103
2024-01-16 12:40:00,126,4,103
2024-01-16 12:45:00,126,5,92
2024-01-16 12:50:00,144,6,98
2024-01-16 12:55:00,126,5,99
2024-01-16 13:00:00,144,5,99
2024-01-16 13:05:00,130,4,105
2024-01-16 13:10:00,133,5,101
2024-01-16 13:15:00,131,4,100
2024-01-16 13:20:00,145,5,97
2024-01-16 13:25:00,123,4,100
2024-01-16 13:30:00,137,5,100
2024-01-16 13:35:00,131,4,99
2024-01-16 13:40:00,160,5,103
2024-01-16 13:45:00,142,5,106
2024-01-16 13:50:00,133,5,103
2024-01-16 13:55:00,119,4,99
2024-01-16 14:00:00,127,5,96
2024-01-16 14:05:00,145,5,102
2024-01-16 14:10:00,154,5,100
2024-01-16 14:15:00,163,5,101
2024-01-16 14:20:00,144,5,101
2024-01-16 14:25:00,146,5,104
2024-01-16 14:30:00,144,5,102
2024-01-16 14:35:00,147,5,102
2024-01-16 14:40:00,134,4,103
2024-01-16 14:45:00,167,6,102
2024-01-16 14:50:00,152,5,100
2024-01-16 14:55:00,143,5,101
2024-01-16 15:00:00,112,4,104
2024-01-16 15:05:00,146,4,104
2024-01-16 15:10:00,115,4,101
2024-01-16 15:15:00,126,4,102
2024-01-16 15:20:00,105,4,99
2024-01-16 15:25:00,123,3,105
2024-01-16 15:30:00,119,4,100
2024-01-16 15:35:00,128,4,106
2024-01-16 15:40:00,106,4,99
2024-01-16 15:45:00,119,3,103
2024-01-16 15:50:00,116,3,105
2024-01-16 15:55:00,116,3,108
2024-01-16 16:00:00,116,3,102
2024-01-16 16:05:00,125,4,101
2024-01-16 16:10:00,114,3,106
2024-01-16 16:15:00,102,3,105
2024-01-16 16:20:00,96,3,101
2024-01-16 16:25:00,116,3,106
2024-01-16 16:30:00,122,3,104
2024-01-16 16:35:00,142,4,102
2024-01-16 16:40:00,131,4,101
2024-01-16 16:45:00,125,4,103
2024-01-16 16:50:00,111,3,102
2024-01-16 16:55:00,128,4,102
2024-01-16 17:00:00,120,3,106
2024-01-16 17:05:00,93,3,102
2024-01-16 17:10:00,113,3,107
2024-01-16 17:15:00,98,3,102
2024-01-16 17:20:00,110,3,104
2024-01-16 17:25:00,105,3,101
2024-01-16 17:30:00,100,3,101
2024-01-16 17:35:00,95,3,103
2024-01-16 17:40:00,105,3,100
2024-01-16 17:45:00,90,3,102
2024-01-16 17:50:00,92,3,100
2024-01-16 17:55:00,96,3,99
2024-01-16 18:00:00,84,3,97
2024-01-16 18:05:00,110,3,101
2024-01-16 18:10:00,104,3,100
2024-01-16 18:15:00,87,3,102
2024-01-16 18:20:00,102,3,99
2024-01-16 18:25:00,83,3,99
2024-01-16 18:30:00,74,3,94
2024-01-16 18:35:00,76,2,103
2024-01-16 18:40:00,81,3,97
2024-01-16 18:45:00,80,3,102
2024-01-16 18:50:00,90,3,98
2024-01-16 18:55:00,66,3,98
2024-01-16 19:00:00,73,3,100
2024-01-16 19:05:00,86,3,101
2024-01-16 19:10:00,68,2,103
2024-01-16 19:15:00,87,3,102
2024-01-16 19:20:00,70,2,95
2024-01-16 19:25:00,67,2,103
2024-01-16 19:30:00,56,2,101
2024-01-16 19:35:00,74,2,101
2024-01-16 19:40:00,71,2,98
2024-01-16 19:45:00,66,2,99
2024-01-16 19:50:00,54,2,99
2024-01-16 19:55:00,69,3,98
2024-01-16 20:00:00,55,2,95
2024-01-16 20:05:00,71,2,100
2024-01-16 20:10:00,48,2,96
2024-01-16 20:15:00,47,2,97
2024-01-16 20:20:00,70,3,97
2024-01-16 20:25:00,64,2,105
2024-01-16 20:30:00,45,2,96
2024-01-16 20:35:00,52,2,96
2024-01-16 20:40:00,56,2,96
2024-01-16 20:45:00,79,2,98
2024-01-16 20:50:00,54,2,92
2024-01-16 20:55:00,57,3,97
2024-01-16 21:00:00,50,3,97
2024-01-16 21:05:00,33,2,98
2024-01-16 21:10:00,45,2,97
2024-01-16 21:15:00,51,2,96
2024-01-16 21:20:00,55,3,95
2024-01-16 21:25:00,44,2,100
2024-01-16 21:30:00,46,2,95
2024-01-16 21:35:00,45,2,98
2024-01-16 21:40:00,51,2,101
2024-01-16 21:45:00,43,2,100
2024-01-16 21:50:00,52,2,101
2024-01-16 21:55:00,33,2,96
2024-01-16 22:00:00,47,2,90
2024-01-16 22:05:00,45,2,93
2024-01-16 22:10:00,40,2,97
2024-01-16 22:15:00,45,2,89
2024-01-16 22:20:00,37,2,95
2024-01-16 22:25:00,36,2,94
2024-01-16 22:30:00,44,2,97
2024-01-16 22:35:00,32,1,97
2024-01-16 22:40:00,35,2,91
2024-01-16 22:45:00,30,2,94
2024-01-16 22:50:00,32,2,93
2024-01-16 22:55:00,30,1,94
2024-01-16 23:00:00,32,2,90
2024-01-16 23:05:00,20,2,84
2024-01-16 23:10:00,30,2,98
2024-01-16 23:15:00,32,2,96
2024-01-16 23:20:00,29,2,88
2024-01-16 23:25:00,38,2,94
2024-01-16 23:30:00,29,2,95
2024-01-16 23:35:00,26,2,94
2024-01-16 23:40:00,25,2,99
2024-01-16 23:45:00,28,2,93
2024-01-16 23:50:00,20,1,95
2024-01-16 23:55:00,24,2,91
2024-01-17 00:00:00,16,1,88
2024-01-17 00:05:00,13,2,91
2024-01-17 00:10:00,27,2,86
2024-01-17 00:15:00,26,2,89
2024-01-17 00:20:00,15,2,90
2024-01-17 00:25:00,26,2,90
2024-01-17 00:30:00,17,1,96
2024-01-17 00:35:00,23,3,85
2024-01-17 00:40:00,16,2,92
2024-01-17 00:45:00,18,1,99
2024-01-17 00:50:00,25,3,84
2024-01-17 00:55:00,12,1,91
2024-01-17 01:00:00,15,2,84
2024-01-17 01:05:00,20,2,86
2024-01-17 01:10:00,15,1,94
2024-01-17 01:15:00,13,1,88
2024-01-17 01:20:00,15,2,93
2024-01-17 01:25:00,17,2,88
2024-01-17 01:30:00,11,1,93
2024-01-17 01:35:00,14,1,87
2024-01-17 01:40:00,25,2,90
2024-01-17 01:45:00,15,2,87
2024-01-17 01:50:00,20,2,86
2024-01-17 01:55:00,22,2,87
2024-01-17 02:00:00,11,2,86
2024-01-17 02:05:00,18,1,94
2024-01-17 02:10:00,10,1,88
2024-01-17 02:15:00,18,3,89
2024-01-17 02:20:00,14,2,88
2024-01-17 02:25:00,16,2,88
2024-01-17 02:30:00,11,1,90
2024-01-17 02:35:00,24,2,88
2024-01-17 02:40:00,19,2,85
2024-01-17 02:45:00,11,2,90
2024-01-17 02:50:00,12,1,87
2024-01-17 02:55:00,21,2,89
2024-01-17 03:00:00,18,2,83
2024-01-17 03:05:00,10,2,91
2024-01-17 03:10:00,21,2,91
2024-01-17 03:15:00,11,2,82
2024-01-17 03:20:00,22,2,89
2024-01-17 03:25:00,21,3,82
2024-01-17 03:30:00,14,3,85
2024-01-17 03:35:00,19,2,86
2024-01-17 03:40:00,13,2,83
2024-01-17 03:45:00,13,2,88
2024-01-17 03:50:00,20,2,88
2024-01-17 03:55:00,16,2,86
2024-01-17 04:00:00,15,2,89
2024-01-17 04:05:00,23,2,80
2024-01-17 04:10:00,18,3,84
2024-01-17 04:15:00,22,2,87
2024-01-17 04:20:00,29,4,82
2024-01-17 04:25:00,30,2,89
2024-01-17 04:30:00,27,3,86
2024-01-17 04:35:00,28,3,86
2024-01-17 04:40:00,28,2,87
2024-01-17 04:45:00,23,2,87
2024-01-17 04:50:00,32,2,87
2024-01-17 04:55:00,39,3,85
2024-01-17 05:00:00,25,2,86
2024-01-17 05:05:00,32,3,84
2024-01-17 05:10:00,25,3,83
2024-01-17 05:15:00,28,3,84
2024-01-17 05:20:00,49,4,83
2024-01-17 05:25:00,52,4,84
2024-01-17 05:30:00,39,3,86
2024-01-17 05:35:00,59,4,89
2024-01-17 05:40:00,41,3,92
2024-01-17 05:45:00,48,3,89
2024-01-17 05:50:00,54,3,90
2024-01-17 05:55:00,45,3,89
2024-01-17 06:00:00,58,2,95
2024-01-17 06:05:00,42,2,92
2024-01-17 06:10:00,62,4,88
2024-01-17 06:15:00,35,2,88
2024-01-17 06:20:00,67,3,93
2024-01-17 06:25:00,70,3,92
2024-01-17 06:30:00,60,3,92
2024-01-17 06:35:00,64,3,94
2024-01-17 06:40:00,61,4,87
2024-01-17 06:45:00,72,3,92
2024-01-17 06:50:00,87,4,94
2024-01-17 06:55:00,77,3,91
2024-01-17 07:00:00,56,2,95
2024-01-17 07:05:00,82,4,89
2024-01-17 07:10:00,76,4,92
2024-01-17 07:15:00,56,2,96
2024-01-17 07:20:00,67,3,95
2024-01-17 07:25:00,85,3,96
2024-01-17 07:30:00,70,3,94
2024-01-17 07:35:00,60,3,95
2024-01-17 07:40:00,75,3,99
2024-01-17 07:45:00,79,3,96
2024-01-17 07:50:00,68,3,100
2024-01-17 07:55:00,68,2,95
2024-01-17 08:00:00,81,3,98
2024-01-17 08:05:00,81,3,100
2024-01-17 08:10:00,82,3,100
2024-01-17 08:15:00,81,3,101
2024-01-17 08:20:00,83,3,98
2024-01-17 08:25:00,91,3,100
2024-01-17 08:30:00,88,3,103
2024-01-17 08:35:00,69,3,95
2024-01-17 08:40:00,71,2,102
2024-01-17 08:45:00,83,3,103
2024-01-17 08:50:00,82,3,101
2024-01-17 08:55:00,84,3,101
2024-01-17 09:00:00,84,3,100
2024-01-17 09:05:00,89,3,104
2024-01-17 09:10:00,98,4,101
2024-01-17 09:15:00,120,4,101
2024-01-17 09:20:00,112,4,100
2024-01-17 09:25:00,81,3,99
2024-01-17 09:30:00,114,4,102
2024-01-17 09:35:00,98,3,101
2024-01-17 09:40:00,102,4,99
2024-01-17 09:45:00,104,4,96
2024-01-17 09:50:00,105,3,101
2024-01-17 09:55:00,116,4,99
2024-01-17 10:00:00,123,4,101
2024-01-17 10:05:00,104,3,100
2024-01-17 10:10:00,140,5,100
2024-01-17 10:15:00,101,3,98
2024-01-17 10:20:00,117,4,100
2024-01-17 10:25:00,121,4,97
2024-01-17 10:30:00,117,4,100
2024-01-17 10:35:00,122,4,97
2024-01-17 10:40:00,136,4,99
2024-01-17 10:45:00,126,4,103
2024-01-17 10:50:00,97,3,102
2024-01-17 10:55:00,133,4,100
2024-01-17 11:00:00,115,4,100
2024-01-17 11:05:00,124,4,102
2024-01-17 11:10:00,133,4,103
2024-01-17 11:15:00,104,4,101
2024-01-17 11:20:00,162,6,97
2024-01-17 11:25:00,136,5,99
2024-01-17 11:30:00,155,5,97
2024-01-17 11:35:00,116,3,101
2024-01-17 11:40:00,148,6,97
2024-01-17 11:45:00,142,5,102
2024-01-17 11:50:00,120,4,100
2024-01-17 11:55:00,116,4,99
2024-01-17 12:00:00,172,6,99
2024-01-17 12:05:00,133,4,102
2024-01-17 12:10:00,128,5,96
2024-01-17 12:15:00,131,5,100
2024-01-17 12:20:00,131,5,99
2024-01-17 12:25:00,123,5,98
2024-01-17 12:30:00,162,6,100
2024-01-17 12:35:00,119,4,101
2024-01-17 12:40:00,122,5,98
2024-01-17 12:45:00,138,5,97
2024-01-17 12:50:00,133,5,99
2024-01-17 12:55:00,149,5,99
2024-01-17 13:00:00,134,5,98
2024-01-17 13:05:00,117,4,100
2024-01-17 13:10:00,110,4,98
2024-01-17 13:15:00,160,6,98
2024-01-17 13:20:00,120,4,103
2024-01-17 13:25:00,124,4,96
2024-01-17 13:30:00,141,5,101
2024-01-17 13:35:00,127,4,101
2024-01-17 13:40:00,144,5,100
2024-01-17 13:45:00,128,5,98
2024-01-17 13:50:00,142,5,101
2024-01-17 13:55:00,122,4,101
2024-01-17 14:00:00,154,5,101
2024-01-17 14:05:00,119,4,99
2024-01-17 14:10:00,129,4,101
2024-01-17 14:15:00,156,5,100
2024-01-17 14:20:00,143,5,100
2024-01-17 14:25:00,143,4,100
2024-01-17 14:30:00,144,5,98
2024-01-17 14:35:00,129,4,102
2024-01-17 14:40:00,126,4,100
2024-01-17 14:45:00,150,5,101
2024-01-17 14:50:00,109,4,101
2024-01-17 14:55:00,138,4,102
2024-01-17 15:00:00,131,4,105
2024-01-17 15:05:00,134,4,104
2024-01-17 15:10:00,124,4,101
2024-01-17 15:15:00,96,3,102
2024-01-17 15:20:00,123,4,101
2024-01-17 15:25:00,134,4,105
2024-01-17 15:30:00,156,5,104
2024-01-17 15:35:00,122,4,104
2024-01-17 15:40:00,157,5,103
2024-01-17 15:45:00,135,4,103
2024-01-17 15:50:00,127,4,106
2024-01-17 15:55:00,106,3,106
2024-01-17 16:00:00,126,4,103
2024-01-17 16:05:00,120,4,103
2024-01-17 16:10:00,124,4,104
2024-01-17 16:15:00,105,3,104
2024-01-17 16:20:00,126,4,104
2024-01-17 16:25:00,116,3,104
2024-01-17 16:30:00,102,3,107
2024-01-17 16:35:00,100,3,102
2024-01-17 16:40:00,117,4,101
2024-01-17 16:45:00,121,4,101
2024-01-17 16:50:00,120,4,101
2024-01-17 16:55:00,128,4,101
2024-01-17 17:00:00,143,5,98
2024-01-17 17:05:00,112,3,101
2024-01-17 17:10:00,106,3,97
2024-01-17 17:15:00,117,4,101
2024-01-17 17:20:00,120,4,101
2024-01-17 17:25:00,127,4,100
2024-01-17 17:30:00,94,3,103
2024-01-17 17:35:00,99,3,99
2024-01-17 17:40:00,102,3,105
2024-01-17 17:45:00,128,4,101
2024-01-17 17:50:00,96,3,97
2024-01-17 17:55:00,73,3,98
2024-01-17 18:00:00,97,3,95
2024-01-17 18:05:00,101,3,97
2024-01-17 18:10:00,92,3,92
2024-01-17 18:15:00,85,3,98
2024-01-17 18:20:00,90,3,96
2024-01-17 18:25:00,80,3,98
2024-01-17 18:30:00,88,3,98
2024-01-17 18:35:00,65,3,96
2024-01-17 18:40:00,88,3,102
2024-01-17 18:45:00,79,3,98
2024-01-17 18:50:00,79,3,104
2024-01-17 18:55:00,99,3,102
2024-01-17 19:00:00,67,2,100
2024-01-17 19:05:00,72,3,97
2024-01-17 19:10:00,68,3,96
2024-01-17 19:15:00,71,2,102
2024-01-17 19:20:00,77,3,99
2024-01-17 19:25:00,63,2,101
2024-01-17 19:30:00,77,3,98
2024-01-17 19:35:00,81,3,95
2024-01-17 19:40:00,69,2,101
2024-01-17 19:45:00,65,3,101
2024-01-17 19:50:00,51,2,97
2024-01-17 19:55:00,70,2,100
2024-01-17 20:00:00,39,2,99
2024-01-17 20:05:00,56,2,96
2024-01-17 20:10:00,69,2,102
2024-01-17 20:15:00,48,2,99
2024-01-17 20:20:00,47,2,97
2024-01-17 20:25:00,66,2,94
2024-01-17 20:30:00,50,2,101
2024-01-17 20:35:00,54,2,95
2024-01-17 20:40:00,55,2,100
2024-01-17 20:45:00,60,2,95
2024-01-17 20:50:00,54,2,98
2024-01-17 20:55:00,42,2,98
2024-01-17 21:00:00,61,3,90
2024-01-17 21:05:00,39,2,97
2024-01-17 21:10:00,47,2,96
2024-01-17 21:15:00,41,2,98
2024-01-17 21:20:00,34,1,97
2024-01-17 21:25:00,37,2,93
2024-01-17 21:30:00,49,2,95
2024-01-17 21:35:00,49,2,91
2024-01-17 21:40:00,39,2,97
2024-01-17 21:45:00,39,2,95
2024-01-17 21:50:00,39,2,98
2024-01-17 21:55:00,48,2,94
2024-01-17 22:00:00,37,2,93
2024-01-17 22:05:00,30,1,93
2024-01-17 22:10:00,40,2,90
2024-01-17 22:15:00,41,2,89
2024-01-17 22:20:00,41,2,93
2024-01-17 22:25:00,40,2,92
2024-01-17 22:30:00,35,2,91
2024-01-17 22:35:00,37,2,97
2024-01-17 22:40:00,35,2,87
2024-01-17 22:45:00,37,2,88
2024-01-17 22:50:00,28,1,95
2024-01-17 22:55:00,43,2,88
2024-01-17 23:00:00,33,2,96
2024-01-17 23:05:00,39,2,97
2024-01-17 23:10:00,30,1,96
2024-01-17 23:15:00,32,2,96
2024-01-17 23:20:00,33,1,101
2024-01-17 23:25:00,27,2,91
2024-01-17 23:30:00,26,2,92
2024-01-17 23:35:00,27,2,89
2024-01-17 23:40:00,21,2,87
2024-01-17 23:45:00,27,2,87
2024-01-17 23:50:00,19,1,93
2024-01-17 23:55:00,20,2,86
2024-01-18 00:00:00,26,1,88
2024-01-18 00:05:00,21,2,91
2024-01-18 00:10:00,23,2,90
2024-01-18 00:15:00,23,1,102
2024-01-18 00:20:00,18,2,90
2024-01-18 00:25:00,18,2,89
2024-01-18 00:30:00,21,2,94
2024-01-18 00:35:00,14,1,89
2024-01-18 00:40:00,19,1,96
2024-01-18 00:45:00,23,2,85
2024-01-18 00:50:00,17,2,85
2024-01-18 00:55:00,22,2,93
2024-01-18 01:00:00,20,2,81
2024-01-18 01:05:00,14,2,86
2024-01-18 01:10:00,18,1,85
2024-01-18 01:15:00,17,2,86
2024-01-18 01:20:00,24,2,92
2024-01-18 01:25:00,17,2,83
2024-01-18 01:30:00,23,2,91
2024-01-18 01:35:00,10,2,82
2024-01-18 01:40:00,14,2,90
2024-01-18 01:45:00,21,2,87
2024-01-18 01:50:00,14,2,87
2024-01-18 01:55:00,13,2,87
2024-01-18 02:00:00,18,1,87
2024-01-18 02:05:00,9,2,80
2024-01-18 02:10:00,22,2,91
2024-01-18 02:15:00,14,2,88
2024-01-18 02:20:00,10,1,86
2024-01-18 02:25:00,13,2,82
2024-01-18 02:30:00,9,1,80
2024-01-18 02:35:00,14,1,88
2024-01-18 02:40:00,18,1,88
2024-01-18 02:45:00,20,2,89
2024-01-18 02:50:00,7,1,87
2024-01-18 02:55:00,15,3,85
2024-01-18 03:00:00,28,2,85
2024-01-18 03:05:00,20,2,83
2024-01-18 03:10:00,18,2,86
2024-01-18 03:15:00,11,2,84
2024-01-18 03:20:00,19,1,87
2024-01-18 03:25:00,21,2,86
2024-01-18 03:30:00,16,2,86
2024-01-18 03:35:00,14,2,86
2024-01-18 03:40:00,19,2,91
2024-01-18 03:45:00,11,2,92
2024-01-18 03:50:00,16,3,82
2024-01-18 03:55:00,17,2,83
2024-01-18 04:00:00,18,2,79
2024-01-18 04:05:00,23,2,83
2024-01-18 04:10:00,26,3,83
2024-01-18 04:15:00,21,1,86
2024-01-18 04:20:00,32,2,89
2024-01-18 04:25:00,22,3,81
2024-01-18 04:30:00,24,3,80
2024-01-18 04:35:00,31,3,81
2024-01-18 04:40:00,29,3,85
2024-01-18 04:45:00,30,3,82
2024-01-18 04:50:00,30,4,80
2024-01-18 04:55:00,24,2,84
2024-01-18 05:00:00,36,3,84
2024-01-18 05:05:00,30,3,82
2024-01-18 05:10:00,35,3,87
2024-01-18 05:15:00,26,3,82
2024-01-18 05:20:00,24,2,83
2024-01-18 05:25:00,37,3,86
2024-01-18 05:30:00,42,3,85
2024-01-18 05:35:00,28,3,85
2024-01-18 05:40:00,44,3,82
2024-01-18 05:45:00,35,3,85
2024-01-18 05:50:00,33,3,88
2024-01-18 05:55:00,34,3,81
2024-01-18 06:00:00,40,3,81
2024-01-18 06:05:00,45,3,85
2024-01-18 06:10:00,51,3,85
2024-01-18 06:15:00,39,4,85
2024-01-18 06:20:00,44,3,85
2024-01-18 06:25:00,39,3,85
2024-01-18 06:30:00,54,3,88
2024-01-18 06:35:00,44,2,92
2024-01-18 06:40:00,44,2,89
2024-01-18 06:45:00,36,2,88
2024-01-18 06:50:00,51,3,88
2024-01-18 06:55:00,40,2,89
2024-01-18 07:00:00,61,3,90
2024-01-18 07:05:00,59,3,93
2024-01-18 07:10:00,58,3,91
2024-01-18 07:15:00,54,2,93
2024-01-18 07:20:00,65,3,91
2024-01-18 07:25:00,80,3,96
2024-01-18 07:30:00,49,2,98
2024-01-18 07:35:00,64,3,92
2024-01-18 07:40:00,67,2,99
2024-01-18 07:45:00,59,3,95
2024-01-18 07:50:00,60,2,97
2024-01-18 07:55:00,62,3,98
2024-01-18 08:00:00,86,3,97
2024-01-18 08:05:00,65,2,99
2024-01-18 08:10:00,78,3,95
2024-01-18 08:15:00,60,2,100
2024-01-18 08:20:00,63,2,95
2024-01-18 08:25:00,91,3,98
2024-01-18 08:30:00,77,3,97
2024-01-18 08:35:00,74,2,100
2024-01-18 08:40:00,80,3,98
2024-01-18 08:45:00,84,3,101
2024-01-18 08:50:00,84,3,96
2024-01-18 08:55:00,65,2,98
2024-01-18 09:00:00,62,2,97
2024-01-18 09:05:00,80,4,93
2024-01-18 09:10:00,90,3,100
2024-01-18 09:15:00,92,3,96
2024-01-18 09:20:00,86,3,100
2024-01-18 09:25:00,91,4,96
2024-01-18 09:30:00,103,3,98
2024-01-18 09:35:00,107,3,101
2024-01-18 09:40:00,105,3,96
2024-01-18 09:45:00,117,4,99
2024-01-18 09:50:00,116,4,100
2024-01-18 09:55:00,97,3,100
2024-01-18 10:00:00,93,3,99
2024-01-18 10:05:00,108,4,100
2024-01-18 10:10:00,126,4,97
2024-01-18 10:15:00,112,4,98
2024-01-18 10:20:00,110,4,93
2024-01-18 10:25:00,99,4,95
2024-01-18 10:30:00,96,3,97
2024-01-18 10:35:00,92,3,96
2024-01-18 10:40:00,92,3,98
2024-01-18 10:45:00,115,4,99
2024-01-18 10:50:00,111,4,100
2024-01-18 10:55:00,97,3,98
2024-01-18 11:00:00,115,4,100
2024-01-18 11:05:00,131,5,96
2024-01-18 11:10:00,120,4,101
2024-01-18 11:15:00,118,4,98
2024-01-18 11:20:00,140,5,96
2024-01-18 11:25:00,131,5,95
2024-01-18 11:30:00,139,5,99
2024-01-18 11:35:00,117,4,97
2024-01-18 11:40:00,146,5,96
2024-01-18 11:45:00,125,5,97
2024-01-18 11:50:00,116,4,98
2024-01-18 11:55:00,122,4,95
2024-01-18 12:00:00,128,5,94
2024-01-18 12:05:00,153,6,94
2024-01-18 12:10:00,129,5,93
2024-01-18 12:15:00,122,4,96
2024-01-18 12:20:00,99,3,93
2024-01-18 12:25:00,131,5,93
2024-01-18 12:30:00,131,5,92
2024-01-18 12:35:00,131,5,97
2024-01-18 12:40:00,119,5,94
2024-01-18 12:45:00,136,5,96
2024-01-18 12:50:00,128,5,95
2024-01-18 12:55:00,131,5,92
2024-01-18 13:00:00,126,4,99
2024-01-18 13:05:00,113,4,94
2024-01-18 13:10:00,130,5,95
2024-01-18 13:15:00,144,6,95
2024-01-18 13:20:00,119,5,95
2024-01-18 13:25:00,121,5,95
2024-01-18 13:30:00,141,6,94
2024-01-18 13:35:00,108,4,92
2024-01-18 13:40:00,118,4,96
2024-01-18 13:45:00,161,5,98
2024-01-18 13:50:00,126,4,97
2024-01-18 13:55:00,128,4,97
2024-01-18 14:00:00,139,5,95
2024-01-18 14:05:00,131,5,95
2024-01-18 14:10:00,138,5,92
2024-01-18 14:15:00,140,5,93
2024-01-18 14:20:00,127,4,95
2024-01-18 14:25:00,145,5,92
2024-01-18 14:30:00,111,4,96
2024-01-18 14:35:00,152,5,96
2024-01-18 14:40:00,145,5,96
2024-01-18 14:45:00,125,5,94
2024-01-18 14:50:00,109,4,97
2024-01-18 14:55:00,147,5,98
2024-01-18 15:00:00,134,4,98
2024-01-18 15:05:00,143,4,98
2024-01-18 15:10:00,126,4,100
2024-01-18 15:15:00,132,4,97
2024-01-18 15:20:00,129,4,97
2024-01-18 15:25:00,136,4,99
2024-01-18 15:30:00,110,3,100
2024-01-18 15:35:00,110,3,99
2024-01-18 15:40:00,130,4,100
2024-01-18 15:45:00,107,3,100
2024-01-18 15:50:00,115,4,99
2024-01-18 15:55:00,109,3,104
2024-01-18 16:00:00,125,4,99
2024-01-18 16:05:00,126,3,104
2024-01-18 16:10:00,98,3,99
2024-01-18 16:15:00,91,3,102
2024-01-18 16:20:00,131,4,98
2024-01-18 16:25:00,115,3,100
2024-01-18 16:30:00,128,4,100
2024-01-18 16:35:00,128,4,99
2024-01-18 16:40:00,119,4,96
2024-01-18 16:45:00,118,4,98
2024-01-18 16:50:00,121,4,98
2024-01-18 16:55:00,120,3,101
2024-01-18 17:00:00,118,4,99
2024-01-18 17:05:00,123,4,99
2024-01-18 17:10:00,117,4,100
2024-01-18 17:15:00,98,3,98
2024-01-18 17:20:00,109,3,102
2024-01-18 17:25:00,79,2,103
2024-01-18 17:30:00,112,3,98
2024-01-18 17:35:00,101,3,103
2024-01-18 17:40:00,114,4,101
2024-01-18 17:45:00,112,3,99
2024-01-18 17:50:00,101,3,96
2024-01-18 17:55:00,93,3,99
2024-01-18 18:00:00,90,3,97
2024-01-18 18:05:00,108,4,94
2024-01-18 18:10:00,101,3,94
2024-01-18 18:15:00,96,3,98
2024-01-18 18:20:00,95,3,93
2024-01-18 18:25:00,74,3,97
2024-01-18 18:30:00,84,3,97
2024-01-18 18:35:00,75,3,95
2024-01-18 18:40:00,77,3,101
2024-01-18 18:45:00,93,3,95
2024-01-18 18:50:00,87,3,100
2024-01-18 18:55:00,85,3,96
2024-01-18 19:00:00,62,2,96
2024-01-18 19:05:00,63,2,99
2024-01-18 19:10:00,68,3,95
2024-01-18 19:15:00,75,3,94
2024-01-18 19:20:00,67,2,96
2024-01-18 19:25:00,81,3,100
2024-01-18 19:30:00,61,2,99
2024-01-18 19:35:00,63,3,91
2024-01-18 19:40:00,57,2,93
2024-01-18 19:45:00,69,3,95
2024-01-18 19:50:00,63,2,96
2024-01-18 19:55:00,63,2,98
2024-01-18 20:00:00,76,3,98
2024-01-18 20:05:00,69,3,97
2024-01-18 20:10:00,56,2,100
2024-01-18 20:15:00,59,2,101
2024-01-18 20:20:00,71,2,99
2024-01-18 20:25:00,52,2,98
2024-01-18 20:30:00,65,3,93
2024-01-18 20:35:00,42,2,94
2024-01-18 20:40:00,54,2,98
2024-01-18 20:45:00,50,2,91
2024-01-18 20:50:00,55,2,97
2024-01-18 20:55:00,61,2,94
2024-01-18 21:00:00,49,2,93
2024-01-18 21:05:00,53,3,93
2024-01-18 21:10:00,51,2,96
2024-01-18 21:15:00,46,2,93
2024-01-18 21:20:00,43,1,98
2024-01-18 21:25:00,36,2,93
2024-01-18 21:30:00,45,2,94
2024-01-18 21:35:00,48,2,97
2024-01-18 21:40:00,51,2,98
2024-01-18 21:45:00,39,2,96
2024-01-18 21:50:00,57,2,94
2024-01-18 21:55:00,35,2,95
2024-01-18 22:00:00,46,2,96
2024-01-18 22:05:00,51,2,97
2024-01-18 22:10:00,59,2,100
2024-01-18 22:15:00,43,2,98
2024-01-18 22:20:00,41,2,94
2024-01-18 22:25:00,54,2,96
2024-01-18 22:30:00,36,1,97
2024-01-18 22:35:00,46,2,99
2024-01-18 22:40:00,30,2,93
2024-01-18 22:45:00,34,2,92
2024-01-18 22:50:00,51,2,93
2024-01-18 22:55:00,43,2,96
2024-01-18 23:00:00,27,1,96
2024-01-18 23:05:00,40,1,106
2024-01-18 23:10:00,27,1,95
2024-01-18 23:15:00,38,3,89
2024-01-18 23:20:00,19,1,90
2024-01-18 23:25:00,26,2,91
2024-01-18 23:30:00,29,1,102
2024-01-18 23:35:00,23,1,88
2024-01-18 23:40:00,33,2,87
2024-01-18 23:45:00,17,1,91
2024-01-18 23:50:00,24,1,91
2024-01-18 23:55:00,26,2,89
2024-01-19 00:00:00,28,2,91
2024-01-19 00:05:00,20,2,99
2024-01-19 00:10:00,34,2,90
2024-01-19 00:15:00,17,1,94
2024-01-19 00:20:00,20,1,89
2024-01-19 00:25:00,24,2,86
2024-01-19 00:30:00,27,2,88
2024-01-19 00:35:00,22,2,91
2024-01-19 00:40:00,18,2,85
2024-01-19 00:45:00,22,2,88
2024-01-19 00:50:00,22,2,85
2024-01-19 00:55:00,21,2,86
2024-01-19 01:00:00,18,1,90
2024-01-19 01:05:00,23,2,91
2024-01-19 01:10:00,16,2,83
2024-01-19 01:15:00,21,1,92
2024-01-19 01:20:00,17,2,82
2024-01-19 01:25:00,21,2,92
2024-01-19 01:30:00,13,2,87
2024-01-19 01:35:00,18,2,82
2024-01-19 01:40:00,21,2,89
2024-01-19 01:45:00,15,2,91
2024-01-19 01:50:00,19,2,89
2024-01-19 01:55:00,14,2,90
2024-01-19 02:00:00,12,2,93
2024-01-19 02:05:00,19,2,105
2024-01-19 02:10:00,16,3,82
2024-01-19 02:15:00,15,2,99
2024-01-19 02:20:00,25,2,94
2024-01-19 02:25:00,14,2,87
2024-01-19 02:30:00,15,2,85
2024-01-19 02:35:00,14,1,83
2024-01-19 02:40:00,16,2,96
2024-01-19 02:45:00,15,2,88
2024-01-19 02:50:00,16,2,81
2024-01-19 02:55:00,11,3,87
2024-01-19 03:00:00,15,2,88
2024-01-19 03:05:00,19,3,84
2024-01-19 03:10:00,16,2,90
2024-01-19 03:15:00,12,2,85
2024-01-19 03:20:00,23,2,84
2024-01-19 03:25:00,20,2,81
2024-01-19 03:30:00,10,1,94
2024-01-19 03:35:00,27,2,87
2024-01-19 03:40:00,14,1,95
2024-01-19 03:45:00,17,1,90
2024-01-19 03:50:00,21,3,86
2024-01-19 03:55:00,22,3,83
2024-01-19 04:00:00,21,3,81
2024-01-19 04:05:00,20,2,85
2024-01-19 04:10:00,30,2,87
2024-01-19 04:15:00,30,4,84
2024-01-19 04:20:00,29,3,82
2024-01-19 04:25:00,25,2,81
2024-01-19 04:30:00,13,2,89
2024-01-19 04:35:00,18,2,88
2024-01-19 04:40:00,23,3,82
2024-01-19 04:45:00,36,4,83
2024-01-19 04:50:00,22,3,84
2024-01-19 04:55:00,35,3,88
2024-01-19 05:00:00,26,3,82
2024-01-19 05:05:00,38,3,84
2024-01-19 05:10:00,29,2,86
2024-01-19 05:15:00,46,4,81
2024-01-19 05:20:00,32,3,81
2024-01-19 05:25:00,50,4,86
2024-01-19 05:30:00,41,3,84
2024-01-19 05:35:00,39,3,87
2024-01-19 05:40:00,37,2,86
2024-01-19 05:45:00,49,4,83
2024-01-19 05:50:00,53,4,90
2024-01-19 05:55:00,42,3,88
2024-01-19 06:00:00,59,3,90
2024-01-19 06:05:00,52,3,90
2024-01-19 06:10:00,64,4,88
2024-01-19 06:15:00,51,4,87
2024-01-19 06:20:00,61,3,95
2024-01-19 06:25:00,70,3,95
2024-01-19 06:30:00,61,3,89
2024-01-19 06:35:00,43,2,87
2024-01-19 06:40:00,60,3,93
2024-01-19 06:45:00,68,4,89
2024-01-19 06:50:00,81,3,93
2024-01-19 06:55:00,52,3,89
2024-01-19 07:00:00,64,3,93
2024-01-19 07:05:00,57,3,89
2024-01-19 07:10:00,62,2,94
2024-01-19 07:15:00,61,3,93
2024-01-19 07:20:00,60,2,94
2024-01-19 07:25:00,61,3,93
2024-01-19 07:30:00,69,3,92
2024-01-19 07:35:00,54,3,93
2024-01-19 07:40:00,62,3,92
2024-01-19 07:45:00,64,2,98
2024-01-19 07:50:00,88,3,96
2024-01-19 07:55:00,66,3,97
2024-01-19 08:00:00,82,3,101
2024-01-19 08:05:00,64,3,95
2024-01-19 08:10:00,61,3,98
2024-01-19 08:15:00,56,2,102
2024-01-19 08:20:00,79,3,98
2024-01-19 08:25:00,87,3,96
2024-01-19 08:30:00,77,2,103
2024-01-19 08:35:00,69,3,99
2024-01-19 08:40:00,71,3,99
2024-01-19 08:45:00,70,2,99
2024-01-19 08:50:00,88,3,98
2024-01-19 08:55:00,63,2,102
2024-01-19 09:00:00,94,3,101
2024-01-19 09:05:00,96,3,101
2024-01-19 09:10:00,90,3,102
2024-01-19 09:15:00,93,3,100
2024-01-19 09:20:00,97,3,101
2024-01-19 09:25:00,85,4,95
2024-01-19 09:30:00,114,4,102
2024-01-19 09:35:00,90,3,101
2024-01-19 09:40:00,105,4,102
2024-01-19 09:45:00,112,4,97
2024-01-19 09:50:00,112,4,95
2024-01-19 09:55:00,113,4,101
2024-01-19 10:00:00,111,4,100
2024-01-19 10:05:00,105,4,99
2024-01-19 10:10:00,113,4,101
2024-01-19 10:15:00,119,4,100
2024-01-19 10:20:00,104,4,97
2024-01-19 10:25:00,118,4,97
2024-01-19 10:30:00,112,4,99
2024-01-19 10:35:00,110,4,97
2024-01-19 10:40:00,115,4,102
2024-01-19 10:45:00,120,4,100
2024-01-19 10:50:00,158,6,96
2024-01-19 10:55:00,131,4,101
2024-01-19 11:00:00,148,5,100
2024-01-19 11:05:00,126,4,98
2024-01-19 11:10:00,141,5,100
2024-01-19 11:15:00,133,4,103
2024-01-19 11:20:00,123,4,100
2024-01-19 11:25:00,148,5,97
2024-01-19 11:30:00,105,4,96
2024-01-19 11:35:00,142,5,97
2024-01-19 11:40:00,159,6,99
2024-01-19 11:45:00,143,5,101
2024-01-19 11:50:00,134,5,99
2024-01-19 11:55:00,139,5,99
2024-01-19 12:00:00,151,5,99
2024-01-19 12:05:00,140,5,99
2024-01-19 12:10:00,135,5,102
2024-01-19 12:15:00,165,6,98
2024-01-19 12:20:00,144,5,100
2024-01-19 12:25:00,154,6,96
2024-01-19 12:30:00,140,5,99
2024-01-19 12:35:00,158,5,100
2024-01-19 12:40:00,155,6,98
2024-01-19 12:45:00,155,5,101
2024-01-19 12:50:00,167,6,100
2024-01-19 12:55:00,138,5,100
2024-01-19 13:00:00,167,6,99
2024-01-19 13:05:00,154,5,100
2024-01-19 13:10:00,169,5,102
2024-01-19 13:15:00,145,5,99
2024-01-19 13:20:00,130,5,103
2024-01-19 13:25:00,149,5,100
2024-01-19 13:30:00,142,5,99
2024-01-19 13:35:00,138,4,102
2024-01-19 13:40:00,145,5,101
2024-01-19 13:45:00,162,5,100
2024-01-19 13:50:00,152,5,99
2024-01-19 13:55:00,132,4,98
2024-01-19 14:00:00,157,5,99
2024-01-19 14:05:00,145,5,99
2024-01-19 14:10:00,169,6,103
2024-01-19 14:15:00,192,7,97
2024-01-19 14:20:00,153,5,103
2024-01-19 14:25:00,198,7,99
2024-01-19 14:30:00,193,6,100
2024-01-19 14:35:00,181,6,101
2024-01-19 14:40:00,178,5,103
2024-01-19 14:45:00,150,5,101
2024-01-19 14:50:00,174,5,104
2024-01-19 14:55:00,197,7,100
2024-01-19 15:00:00,171,5,108
2024-01-19 15:05:00,152,5,103
2024-01-19 15:10:00,179,5,104
2024-01-19 15:15:00,181,6,105
2024-01-19 15:20:00,201,6,102
2024-01-19 15:25:00,165,4,109
2024-01-19 15:30:00,144,4,106
2024-01-19 15:35:00,217,6,103
2024-01-19 15:40:00,204,6,104
2024-01-19 15:45:00,185,6,102
2024-01-19 15:50:00,152,4,105
2024-01-19 15:55:00,173,5,105
2024-01-19 16:00:00,158,4,106
2024-01-19 16:05:00,189,5,105
2024-01-19 16:10:00,154,4,106
2024-01-19 16:15:00,164,4,107
2024-01-19 16:20:00,152,5,106
2024-01-19 16:25:00,189,5,103
2024-01-19 16:30:00,138,4,104
2024-01-19 16:35:00,134,4,105
2024-01-19 16:40:00,164,5,106
2024-01-19 16:45:00,156,4,105
2024-01-19 16:50:00,158,5,107
2024-01-19 16:55:00,155,5,106
2024-01-19 17:00:00,128,3,111
2024-01-19 17:05:00,141,4,107
2024-01-19 17:10:00,158,4,104
2024-01-19 17:15:00,189,5,105
2024-01-19 17:20:00,183,5,104
2024-01-19 17:25:00,167,4,106
2024-01-19 17:30:00,179,5,103
2024-01-19 17:35:00,175,5,103
2024-01-19 17:40:00,190,6,103
2024-01-19 17:45:00,177,5,104
2024-01-19 17:50:00,181,5,100
2024-01-19 17:55:00,174,5,103
2024-01-19 18:00:00,146,4,102
2024-01-19 18:05:00,160,5,105
2024-01-19 18:10:00,164,4,103
2024-01-19 18:15:00,146,4,102
2024-01-19 18:20:00,144,4,106
2024-01-19 18:25:00,127,4,106
2024-01-19 18:30:00,150,4,103
2024-01-19 18:35:00,134,4,105
2024-01-19 18:40:00,125,3,105
2024-01-19 18:45:00,166,5,101
2024-01-19 18:50:00,122,4,100
2024-01-19 18:55:00,147,4,102
2024-01-19 19:00:00,137,4,104
2024-01-19 19:05:00,135,4,103
2024-01-19 19:10:00,121,3,101
2024-01-19 19:15:00,133,4,99
2024-01-19 19:20:00,137,4,104
2024-01-19 19:25:00,135,4,103
2024-01-19 19:30:00,120,4,101
2024-01-19 19:35:00,152,4,105
2024-01-19 19:40:00,127,4,103
2024-01-19 19:45:00,146,4,102
2024-01-19 19:50:00,122,3,105
2024-01-19 19:55:00,137,4,105
2024-01-19 20:00:00,104,3,107
2024-01-19 20:05:00,115,4,100
2024-01-19 20:10:00,122,4,105
2024-01-19 20:15:00,93,3,99
2024-01-19 20:20:00,108,3,104
2024-01-19 20:25:00,104,3,106
2024-01-19 20:30:00,101,3,105
2024-01-19 20:35:00,93,3,105
2024-01-19 20:40:00,101,3,103
2024-01-19 20:45:00,85,3,101
2024-01-19 20:50:00,75,2,98
2024-01-19 20:55:00,95,3,103
2024-01-19 21:00:00,81,2,99
2024-01-19 21:05:00,80,2,101
2024-01-19 21:10:00,61,2,101
2024-01-19 21:15:00,81,2,104
2024-01-19 21:20:00,60,1,101
2024-01-19 21:25:00,65,2,97
2024-01-19 21:30:00,66,2,98
2024-01-19 21:35:00,59,2,100
2024-01-19 21:40:00,71,2,100
2024-01-19 21:45:00,63,2,95
2024-01-19 21:50:00,64,3,93
2024-01-19 21:55:00,84,2,105
2024-01-19 22:00:00,59,2,99
2024-01-19 22:05:00,56,2,95
2024-01-19 22:10:00,53,2,97
2024-01-19 22:15:00,57,2,96
2024-01-19 22:20:00,66,2,97
2024-01-19 22:25:00,54,2,99
2024-01-19 22:30:00,56,2,98
2024-01-19 22:35:00,41,2,94
2024-01-19 22:40:00,57,2,98
2024-01-19 22:45:00,46,2,99
2024-01-19 22:50:00,49,2,94
2024-01-19 22:55:00,46,1,102
2024-01-19 23:00:00,39,1,98
2024-01-19 23:05:00,44,1,101
2024-01-19 23:10:00,42,2,98
2024-01-19 23:15:00,43,2,94
2024-01-19 23:20:00,51,2,99
2024-01-19 23:25:00,46,1,101
2024-01-19 23:30:00,43,2,97
2024-01-19 23:35:00,50,2,93
2024-01-19 23:40:00,40,2,93
2024-01-19 23:45:00,36,1,100
2024-01-19 23:50:00,42,1,99
2024-01-19 23:55:00,38,2,95
2024-01-20 00:00:00,30,1,96
2024-01-20 00:05:00,51,2,94
2024-01-20 00:10:00,30,1,106
2024-01-20 00:15:00,27,1,98
2024-01-20 00:20:00,31,1,99
2024-01-20 00:25:00,26,1,92
2024-01-20 00:30:00,29,1,99
2024-01-20 00:35:00,22,1,92
2024-01-20 00:40:00,34,1,97
2024-01-20 00:45:00,23,1,90
2024-01-20 00:50:00,18,1,93
2024-01-20 00:55:00,32,1,96
2024-01-20 01:00:00,24,2,88
2024-01-20 01:05:00,21,1,96
2024-01-20 01:10:00,23,2,92
2024-01-20 01:15:00,17,2,91
2024-01-20 01:20:00,25,1,97
2024-01-20 01:25:00,23,2,92
2024-01-20 01:30:00,23,2,90
2024-01-20 01:35:00,16,1,93
2024-01-20 01:40:00,20,1,89
2024-01-20 01:45:00,20,2,86
2024-01-20 01:50:00,26,2,88
2024-01-20 01:55:00,19,1,96
2024-01-20 02:00:00,19,1,101
2024-01-20 02:05:00,19,1,93
2024-01-20 02:10:00,12,1,92
2024-01-20 02:15:00,19,2,89
2024-01-20 02:20:00,16,2,90
2024-01-20 02:25:00,23,2,99
2024-01-20 02:30:00,10,1,91
2024-01-20 02:35:00,15,2,85
2024-01-20 02:40:00,15,2,87
2024-01-20 02:45:00,9,1,85
2024-01-20 02:50:00,8,2,83
2024-01-20 02:55:00,13,1,97
2024-01-20 03:00:00,13,1,90
2024-01-20 03:05:00,16,2,88
2024-01-20 03:10:00,16,2,88
2024-01-20 03:15:00,16,2,83
2024-01-20 03:20:00,19,2,87
2024-01-20 03:25:00,13,2,88
2024-01-20 03:30:00,17,2,88
2024-01-20 03:35:00,16,2,79
2024-01-20 03:40:00,20,2,91
2024-01-20 03:45:00,21,2,87
2024-01-20 03:50:00,17,2,89
2024-01-20 03:55:00,13,2,92
2024-01-20 04:00:00,20,3,82
2024-01-20 04:05:00,12,1,92
2024-01-20 04:10:00,18,2,83
2024-01-20 04:15:00,20,2,82
2024-01-20 04:20:00,17,2,82
2024-01-20 04:25:00,19,1,98
2024-01-20 04:30:00,18,3,80
2024-01-20 04:35:00,16,2,87
2024-01-20 04:40:00,18,3,87
2024-01-20 04:45:00,21,2,85
2024-01-20 04:50:00,23,4,82
2024-01-20 04:55:00,17,2,85
2024-01-20 05:00:00,22,2,93
2024-01-20 05:05:00,24,2,90
2024-01-20 05:10:00,19,1,85
2024-01-20 05:15:00,29,3,86
2024-01-20 05:20:00,26,3,83
2024-01-20 05:25:00,28,3,86
2024-01-20 05:30:00,30,2,87
2024-01-20 05:35:00,18,2,82
2024-01-20 05:40:00,27,1,89
2024-01-20 05:45:00,36,3,88
2024-01-20 05:50:00,35,3,88
2024-01-20 05:55:00,39,2,89
2024-01-20 06:00:00,28,2,93
2024-01-20 06:05:00,27,2,91
2024-01-20 06:10:00,24,1,95
2024-01-20 06:15:00,30,2,93
2024-01-20 06:20:00,40,2,84
2024-01-20 06:25:00,36,2,93
2024-01-20 06:30:00,39,2,92
2024-01-20 06:35:00,36,2,90
2024-01-20 06:40:00,49,3,92
2024-01-20 06:45:00,45,2,92
2024-01-20 06:50:00,43,2,89
2024-01-20 06:55:00,36,2,91
2024-01-20 07:00:00,36,2,92
2024-01-20 07:05:00,35,2,96
2024-01-20 07:10:00,42,1,94
2024-01-20 07:15:00,47,3,90
2024-01-20 07:20:00,57,2,96
2024-01-20 07:25:00,45,2,97
2024-01-20 07:30:00,47,2,96
2024-01-20 07:35:00,58,3,87
2024-01-20 07:40:00,35,1,100
2024-01-20 07:45:00,53,2,98
2024-01-20 07:50:00,56,2,100
2024-01-20 07:55:00,54,2,100
2024-01-20 08:00:00,52,2,97
2024-01-20 08:05:00,52,2,97
2024-01-20 08:10:00,58,2,104
2024-01-20 08:15:00,51,2,95
2024-01-20 08:20:00,56,2,101
2024-01-20 08:25:00,51,2,99
2024-01-20 08:30:00,64,3,95
2024-01-20 08:35:00,50,2,95
2024-01-20 08:40:00,65,2,103
2024-01-20 08:45:00,62,2,97
2024-01-20 08:50:00,70,2,103
2024-01-20 08:55:00,64,2,99
2024-01-20 09:00:00,66,2,102
2024-01-20 09:05:00,73,2,104
2024-01-20 09:10:00,79,2,100
2024-01-20 09:15:00,104,3,102
2024-01-20 09:20:00,92,3,103
2024-01-20 09:25:00,106,3,102
2024-01-20 09:30:00,116,3,100
2024-01-20 09:35:00,103,3,103
2024-01-20 09:40:00,88,3,106
2024-01-20 09:45:00,105,3,106
2024-01-20 09:50:00,142,4,104
2024-01-20 09:55:00,123,4,101
2024-01-20 10:00:00,136,4,102
2024-01-20 10:05:00,121,3,107
2024-01-20 10:10:00,127,3,105
2024-01-20 10:15:00,145,4,105
2024-01-20 10:20:00,138,4,104
2024-01-20 10:25:00,161,4,102
2024-01-20 10:30:00,161,4,103
2024-01-20 10:35:00,144,4,102
2024-01-20 10:40:00,151,4,104
2024-01-20 10:45:00,161,4,101
2024-01-20 10:50:00,165,4,104
2024-01-20 10:55:00,165,5,102
2024-01-20 11:00:00,190,5,102
2024-01-20 11:05:00,165,4,100
2024-01-20 11:10:00,173,5,98
2024-01-20 11:15:00,185,5,102
2024-01-20 11:20:00,170,4,105
2024-01-20 11:25:00,182,5,102
2024-01-20 11:30:00,139,4,101
2024-01-20 11:35:00,194,5,101
2024-01-20 11:40:00,186,5,99
2024-01-20 11:45:00,166,4,102
2024-01-20 11:50:00,176,5,99
2024-01-20 11:55:00,172,5,101
2024-01-20 12:00:00,186,5,100
2024-01-20 12:05:00,162,5,100
2024-01-20 12:10:00,175,5,98
2024-01-20 12:15:00,190,5,100
2024-01-20 12:20:00,152,4,102
2024-01-20 12:25:00,191,5,100
2024-01-20 12:30:00,173,5,101
2024-01-20 12:35:00,160,4,103
2024-01-20 12:40:00,157,4,103
2024-01-20 12:45:00,150,4,103
2024-01-20 12:50:00,182,5,103
2024-01-20 12:55:00,169,5,102
2024-01-20 13:00:00,150,4,102
2024-01-20 13:05:00,187,5,102
2024-01-20 13:10:00,169,4,101
2024-01-20 13:15:00,155,4,101
2024-01-20 13:20:00,126,3,104
2024-01-20 13:25:00,180,5,103
2024-01-20 13:30:00,155,4,99
2024-01-20 13:35:00,136,3,104
2024-01-20 13:40:00,162,4,101
2024-01-20 13:45:00,169,4,102
2024-01-20 13:50:00,156,5,99
2024-01-20 13:55:00,183,5,100
2024-01-20 14:00:00,166,4,98
2024-01-20 14:05:00,154,4,101
2024-01-20 14:10:00,162,4,101
2024-01-20 14:15:00,170,5,99
2024-01-20 14:20:00,161,4,99
2024-01-20 14:25:00,171,4,102
2024-01-20 14:30:00,164,4,102
2024-01-20 14:35:00,182,5,101
2024-01-20 14:40:00,153,4,99
2024-01-20 14:45:00,167,4,103
2024-01-20 14:50:00,182,5,96
2024-01-20 14:55:00,164,4,100
2024-01-20 15:00:00,180,5,97
2024-01-20 15:05:00,162,4,100
2024-01-20 15:10:00,212,6,98
2024-01-20 15:15:00,181,5,101
2024-01-20 15:20:00,151,4,102
2024-01-20 15:25:00,163,4,104
2024-01-20 15:30:00,179,5,100
2024-01-20 15:35:00,173,5,99
2024-01-20 15:40:00,184,5,100
2024-01-20 15:45:00,158,4,100
2024-01-20 15:50:00,151,4,103
2024-01-20 15:55:00,165,4,102
2024-01-20 16:00:00,181,5,102
2024-01-20 16:05:00,180,5,101
2024-01-20 16:10:00,154,4,101
2024-01-20 16:15:00,151,4,104
2024-01-20 16:20:00,160,4,104
2024-01-20 16:25:00,179,5,100
2024-01-20 16:30:00,157,4,101
2024-01-20 16:35:00,165,4,101
2024-01-20 16:40:00,171,5,103
2024-01-20 16:45:00,157,4,100
2024-01-20 16:50:00,168,4,101
2024-01-20 16:55:00,117,4,99
2024-01-20 17:00:00,178,5,99
2024-01-20 17:05:00,183,5,101
2024-01-20 17:10:00,182,5,99
2024-01-20 17:15:00,154,4,98
2024-01-20 17:20:00,152,4,102
2024-01-20 17:25:00,173,5,99
2024-01-20 17:30:00,135,4,102
2024-01-20 17:35:00,129,3,103
2024-01-20 17:40:00,148,4,98
2024-01-20 17:45:00,128,4,99
2024-01-20 17:50:00,156,4,96
2024-01-20 17:55:00,122,3,99
2024-01-20 18:00:00,119,3,97
2024-01-20 18:05:00,123,4,99
2024-01-20 18:10:00,112,3,100
2024-01-20 18:15:00,95,3,97
2024-01-20 18:20:00,81,2,98
2024-01-20 18:25:00,106,3,101
2024-01-20 18:30:00,97,3,98
2024-01-20 18:35:00,84,2,96
2024-01-20 18:40:00,94,2,98
2024-01-20 18:45:00,110,3,100
2024-01-20 18:50:00,84,2,99
2024-01-20 18:55:00,96,2,99
2024-01-20 19:00:00,87,2,100
2024-01-20 19:05:00,80,2,102
2024-01-20 19:10:00,92,2,102
2024-01-20 19:15:00,58,2,100
2024-01-20 19:20:00,83,2,99
2024-01-20 19:25:00,72,2,99
2024-01-20 19:30:00,60,2,98
2024-01-20 19:35:00,94,3,101
2024-01-20 19:40:00,68,2,102
2024-01-20 19:45:00,88,2,98
2024-01-20 19:50:00,68,2,106
2024-01-20 19:55:00,84,2,100
2024-01-20 20:00:00,71,2,104
2024-01-20 20:05:00,57,2,101
2024-01-20 20:10:00,57,2,98
2024-01-20 20:15:00,68,2,100
2024-01-20 20:20:00,52,2,101
2024-01-20 20:25:00,52,1,98
2024-01-20 20:30:00,56,2,101
2024-01-20 20:35:00,59,2,103
2024-01-20 20:40:00,67,2,100
2024-01-20 20:45:00,54,2,96
2024-01-20 20:50:00,69,2,102
2024-01-20 20:55:00,51,1,98
2024-01-20 21:00:00,43,1,98
2024-01-20 21:05:00,50,1,101
2024-01-20 21:10:00,48,1,99
2024-01-20 21:15:00,45,1,110
2024-01-20 21:20:00,40,1,101
2024-01-20 21:25:00,46,1,99
2024-01-20 21:30:00,44,1,95
2024-01-20 21:35:00,37,2,103
2024-01-20 21:40:00,58,2,102
2024-01-20 21:45:00,63,2,99
2024-01-20 21:50:00,48,2,100
2024-01-20 21:55:00,36,1,102
2024-01-20 22:00:00,41,1,99
2024-01-20 22:05:00,38,1,97
2024-01-20 22:10:00,38,1,101
2024-01-20 22:15:00,37,1,101
2024-01-20 22:20:00,35,2,96
2024-01-20 22:25:00,39,1,97
2024-01-20 22:30:00,44,1,98
2024-01-20 22:35:00,22,1,102
2024-01-20 22:40:00,35,1,102
2024-01-20 22:45:00,40,1,104
2024-01-20 22:50:00,24,1,96
2024-01-20 22:55:00,29,1,101
2024-01-20 23:00:00,23,1,96
2024-01-20 23:05:00,41,2,100
2024-01-20 23:10:00,21,1,99
2024-01-20 23:15:00,23,1,108
2024-01-20 23:20:00,22,1,105
2024-01-20 23:25:00,15,1,99
2024-01-20 23:30:00,19,1,99
2024-01-20 23:35:00,23,1,100
2024-01-20 23:40:00,26,1,101
2024-01-20 23:45:00,25,1,106
2024-01-20 23:50:00,19,1,100
2024-01-20 23:55:00,16,1,100
2024-01-21 00:00:00,26,1,99
2024-01-21 00:05:00,14,0,101
2024-01-21 00:10:00,25,1,101
2024-01-21 00:15:00,16,1,102
2024-01-21 00:20:00,16,1,99
2024-01-21 00:25:00,27,1,94
2024-01-21 00:30:00,18,1,104
2024-01-21 00:35:00,16,1,95
2024-01-21 00:40:00,10,0,99
2024-01-21 00:45:00,16,1,94
2024-01-21 00:50:00,11,1,99
2024-01-21 00:55:00,10,0,104
2024-01-21 01:00:00,9,1,97
2024-01-21 01:05:00,12,1,92
2024-01-21 01:10:00,5,0,114
2024-01-21 01:15:00,12,1,97
2024-01-21 01:20:00,15,1,99
2024-01-21 01:25:00,8,1,93
2024-01-21 01:30:00,8,1,105
2024-01-21 01:35:00,5,2,86
2024-01-21 01:40:00,11,1,93
2024-01-21 01:45:00,9,1,104
2024-01-21 01:50:00,5,0,107
2024-01-21 01:55:00,2,0,104
2024-01-21 02:00:00,5,1,100
2024-01-21 02:05:00,8,1,92
2024-01-21 02:10:00,4,1,95
2024-01-21 02:15:00,9,1,98
2024-01-21 02:20:00,13,1,112
2024-01-21 02:25:00,12,2,89
2024-01-21 02:30:00,16,1,100
2024-01-21 02:35:00,9,0,100
2024-01-21 02:40:00,6,1,94
2024-01-21 02:45:00,11,1,97
2024-01-21 02:50:00,5,1,84
2024-01-21 02:55:00,8,1,92
2024-01-21 03:00:00,6,1,93
2024-01-21 03:05:00,5,2,84
2024-01-21 03:10:00,8,0,95
2024-01-21 03:15:00,14,1,94
2024-01-21 03:20:00,3,1,97
2024-01-21 03:25:00,11,1,91
2024-01-21 03:30:00,4,1,86
2024-01-21 03:35:00,4,1,89
2024-01-21 03:40:00,6,1,86
2024-01-21 03:45:00,7,0,100
2024-01-21 03:50:00,5,1,88
2024-01-21 03:55:00,3,0,93
2024-01-21 04:00:00,7,1,105
2024-01-21 04:05:00,8,1,89
2024-01-21 04:10:00,3,1,104
2024-01-21 04:15:00,4,1,86
2024-01-21 04:20:00,6,1,111
2024-01-21 04:25:00,5,1,97
2024-01-21 04:30:00,7,0,99
2024-01-21 04:35:00,9,1,98
2024-01-21 04:40:00,7,1,89
2024-01-21 04:45:00,6,0,116
2024-01-21 04:50:00,5,1,83
2024-01-21 04:55:00,9,2,90
2024-01-21 05:00:00,7,1,95
2024-01-21 05:05:00,9,1,85
2024-01-21 05:10:00,2,1,101
2024-01-21 05:15:00,4,1,97
2024-01-21 05:20:00,14,1,92
2024-01-21 05:25:00,12,1,100
2024-01-21 05:30:00,7,1,95
2024-01-21 05:35:00,11,1,95
2024-01-21 05:40:00,9,1,103
2024-01-21 05:45:00,9,1,107
2024-01-21 05:50:00,16,1,96
2024-01-21 05:55:00,5,0,106
2024-01-21 06:00:00,16,1,99
2024-01-21 06:05:00,17,1,95
2024-01-21 06:10:00,14,1,100
2024-01-21 06:15:00,8,1,105
2024-01-21 06:20:00,23,1,95
2024-01-21 06:25:00,14,1,96
2024-01-21 06:30:00,16,1,98
2024-01-21 06:35:00,17,1,102
2024-01-21 06:40:00,12,1,102
2024-01-21 06:45:00,12,1,105
2024-01-21 06:50:00,16,1,98
2024-01-21 06:55:00,9,1,95
2024-01-21 07:00:00,17,1,93
2024-01-21 07:05:00,19,1,99
2024-01-21 07:10:00,21,1,99
2024-01-21 07:15:00,27,1,94
2024-01-21 07:20:00,19,1,94
2024-01-21 07:25:00,19,1,96
2024-01-21 07:30:00,17,1,105
2024-01-21 07:35:00,22,1,101
2024-01-21 07:40:00,25,1,98
2024-01-21 07:45:00,29,1,102
2024-01-21 07:50:00,18,1,104
2024-01-21 07:55:00,27,1,105
2024-01-21 08:00:00,24,1,103
2024-01-21 08:05:00,25,1,101
2024-01-21 08:10:00,26,1,105
2024-01-21 08:15:00,17,1,106
2024-01-21 08:20:00,32,1,106
2024-01-21 08:25:00,33,1,107
2024-01-21 08:30:00,42,1,108
2024-01-21 08:35:00,31,1,101
2024-01-21 08:40:00,31,1,106
2024-01-21 08:45:00,38,1,100
2024-01-21 08:50:00,31,1,99
2024-01-21 08:55:00,39,1,104
2024-01-21 09:00:00,54,1,105
2024-01-21 09:05:00,49,1,103
2024-01-21 09:10:00,55,2,105
2024-01-21 09:15:00,47,2,102
2024-01-21 09:20:00,60,2,102
2024-01-21 09:25:00,54,1,106
2024-01-21 09:30:00,57,2,104
2024-01-21 09:35:00,75,2,107
2024-01-21 09:40:00,80,2,108
2024-01-21 09:45:00,84,2,105
2024-01-21 09:50:00,83,2,108
2024-01-21 09:55:00,77,2,107
2024-01-21 10:00:00,77,2,106
2024-01-21 10:05:00,85,2,105
2024-01-21 10:10:00,100,3,104
2024-01-21 10:15:00,92,2,106
2024-01-21 10:20:00,101,2,103
2024-01-21 10:25:00,96,2,108
2024-01-21 10:30:00,96,2,108
2024-01-21 10:35:00,121,3,108
2024-01-21 10:40:00,93,2,108
2024-01-21 10:45:00,106,3,105
2024-01-21 10:50:00,132,3,105
2024-01-21 10:55:00,126,3,104
2024-01-21 11:00:00,125,3,108
2024-01-21 11:05:00,122,3,106
2024-01-21 11:10:00,128,3,106
2024-01-21 11:15:00,124,3,106
2024-01-21 11:20:00,115,3,107
2024-01-21 11:25:00,150,4,103
2024-01-21 11:30:00,151,4,105
2024-01-21 11:35:00,157,4,108
2024-01-21 11:40:00,140,4,105
2024-01-21 11:45:00,136,4,106
2024-01-21 11:50:00,139,3,104
2024-01-21 11:55:00,147,4,107
2024-01-21 12:00:00,132,3,105
2024-01-21 12:05:00,148,4,104
2024-01-21 12:10:00,158,4,104
2024-01-21 12:15:00,135,3,104
2024-01-21 12:20:00,138,3,106
2024-01-21 12:25:00,124,3,106
2024-01-21 12:30:00,140,4,108
2024-01-21 12:35:00,145,4,104
2024-01-21 12:40:00,150,4,110
2024-01-21 12:45:00,119,3,108
2024-01-21 12:50:00,151,4,102
2024-01-21 12:55:00,146,3,108
2024-01-21 13:00:00,154,4,106
2024-01-21 13:05:00,139,4,105
2024-01-21 13:10:00,154,4,106
2024-01-21 13:15:00,133,3,105
2024-01-21 13:20:00,121,3,105
2024-01-21 13:25:00,145,4,106
2024-01-21 13:30:00,142,4,108
2024-01-21 13:35:00,144,3,107
2024-01-21 13:40:00,157,4,105
2024-01-21 13:45:00,143,4,104
2024-01-21 13:50:00,153,4,108
2024-01-21 13:55:00,163,4,108
2024-01-21 14:00:00,161,4,109
2024-01-21 14:05:00,153,4,106
2024-01-21 14:10:00,162,4,109
2024-01-21 14:15:00,162,4,106
2024-01-21 14:20:00,168,4,107
2024-01-21 14:25:00,169,4,104
2024-01-21 14:30:00,185,5,107
2024-01-21 14:35:00,158,4,108
2024-01-21 14:40:00,158,4,107
2024-01-21 14:45:00,191,5,108
2024-01-21 14:50:00,184,4,107
2024-01-21 14:55:00,164,4,107
2024-01-21 15:00:00,178,4,107
2024-01-21 15:05:00,175,4,105
2024-01-21 15:10:00,168,4,105
2024-01-21 15:15:00,189,4,108
2024-01-21 15:20:00,180,4,106
2024-01-21 15:25:00,174,4,108
2024-01-21 15:30:00,200,5,105
2024-01-21 15:35:00,202,5,106
2024-01-21 15:40:00,194,5,105
2024-01-21 15:45:00,169,4,108
2024-01-21 15:50:00,200,5,108
2024-01-21 15:55:00,181,4,105
2024-01-21 16:00:00,198,5,107
2024-01-21 16:05:00,172,4,107
2024-01-21 16:10:00,193,5,108
2024-01-21 16:15:00,211,5,104
2024-01-21 16:20:00,165,4,106
2024-01-21 16:25:00,181,4,107
2024-01-21 16:30:00,165,4,105
2024-01-21 16:35:00,189,5,102
2024-01-21 16:40:00,166,4,103
2024-01-21 16:45:00,181,4,106
2024-01-21 16:50:00,157,4,107
2024-01-21 16:55:00,197,5,102
2024-01-21 17:00:00,164,4,106
2024-01-21 17:05:00,185,5,105
2024-01-21 17:10:00,157,4,109
2024-01-21 17:15:00,161,4,109
2024-01-21 17:20:00,182,5,105
2024-01-21 17:25:00,158,4,105
2024-01-21 17:30:00,165,4,106
2024-01-21 17:35:00,144,3,105
2024-01-21 17:40:00,145,4,103
2024-01-21 17:45:00,172,4,107
2024-01-21 17:50:00,155,4,105
2024-01-21 17:55:00,149,4,106
2024-01-21 18:00:00,141,3,108
2024-01-21 18:05:00,126,3,105
2024-01-21 18:10:00,155,4,107
2024-01-21 18:15:00,126,3,105
2024-01-21 18:20:00,128,3,106
2024-01-21 18:25:00,153,4,105
2024-01-21 18:30:00,119,3,106
2024-01-21 18:35:00,115,3,104
2024-01-21 18:40:00,99,2,104
2024-01-21 18:45:00,123,3,106
2024-01-21 18:50:00,112,3,102
2024-01-21 18:55:00,105,3,106
2024-01-21 19:00:00,121,3,104
2024-01-21 19:05:00,113,3,105
2024-01-21 19:10:00,105,3,108
2024-01-21 19:15:00,119,3,104
2024-01-21 19:20:00,105,3,106
2024-01-21 19:25:00,97,3,104
2024-01-21 19:30:00,84,2,106
2024-01-21 19:35:00,127,3,107
2024-01-21 19:40:00,102,2,104
2024-01-21 19:45:00,95,2,107
2024-01-21 19:50:00,99,3,107
2024-01-21 19:55:00,80,2,106
2024-01-21 20:00:00,109,3,104
2024-01-21 20:05:00,119,3,106
2024-01-21 20:10:00,84,2,105
2024-01-21 20:15:00,99,2,110
2024-01-21 20:20:00,95,2,102
2024-01-21 20:25:00,104,2,106
2024-01-21 20:30:00,99,2,111
2024-01-21 20:35:00,90,3,108
2024-01-21 20:40:00,94,2,104
2024-01-21 20:45:00,83,2,105
2024-01-21 20:50:00,80,2,106
2024-01-21 20:55:00,88,2,109
2024-01-21 21:00:00,94,2,107
2024-01-21 21:05:00,95,2,109
2024-01-21 21:10:00,85,3,104
2024-01-21 21:15:00,77,2,108
2024-01-21 21:20:00,68,2,105
2024-01-21 21:25:00,61,2,108
2024-01-21 21:30:00,58,2,103
2024-01-21 21:35:00,63,2,104
2024-01-21 21:40:00,76,2,104
2024-01-21 21:45:00,51,1,108
2024-01-21 21:50:00,67,2,104
2024-01-21 21:55:00,64,2,109
2024-01-21 22:00:00,75,2,107
2024-01-21 22:05:00,59,2,99
2024-01-21 22:10:00,52,1,109
2024-01-21 22:15:00,60,2,107
2024-01-21 22:20:00,43,1,99
2024-01-21 22:25:00,57,1,104
2024-01-21 22:30:00,53,2,101
2024-01-21 22:35:00,42,2,102
2024-01-21 22:40:00,39,1,111
2024-01-21 22:45:00,46,1,104
2024-01-21 22:50:00,37,1,102
2024-01-21 22:55:00,49,1,99
2024-01-21 23:00:00,30,1,98
2024-01-21 23:05:00,44,1,99
2024-01-21 23:10:00,31,1,97
2024-01-21 23:15:00,37,1,101
2024-01-21 23:20:00,35,1,102
2024-01-21 23:25:00,40,1,104
2024-01-21 23:30:00,26,1,107
2024-01-21 23:35:00,28,1,101
2024-01-21 23:40:00,34,2,93
2024-01-21 23:45:00,35,2,98
2024-01-21 23:50:00,27,1,97
2024-01-21 23:55:00,32,2,106
2024-01-22 00:00:00,19,1,100
2024-01-22 00:05:00,14,1,100
2024-01-22 00:10:00,24,1,113
2024-01-22 00:15:00,25,1,97
2024-01-22 00:20:00,18,1,94
2024-01-22 00:25:00,18,1,108
2024-01-22 00:30:00,31,1,106
2024-01-22 00:35:00,23,1,97
2024-01-22 00:40:00,20,1,100
2024-01-22 00:45:00,12,2,94
2024-01-22 00:50:00,21,1,99
2024-01-22 00:55:00,24,1,107
2024-01-22 01:00:00,12,1,102
2024-01-22 01:05:00,20,1,100
2024-01-22 01:10:00,17,1,97
2024-01-22 01:15:00,20,2,103
2024-01-22 01:20:00,19,1,97
2024-01-22 01:25:00,6,1,101
2024-01-22 01:30:00,10,1,94
2024-01-22 01:35:00,16,1,93
2024-01-22 01:40:00,11,1,86
2024-01-22 01:45:00,13,1,94
2024-01-22 01:50:00,10,1,105
2024-01-22 01:55:00,12,2,89
2024-01-22 02:00:00,14,2,86
2024-01-22 02:05:00,21,2,91
2024-01-22 02:10:00,16,1,90
2024-01-22 02:15:00,10,2,90
2024-01-22 02:20:00,14,1,108
2024-01-22 02:25:00,6,1,84
2024-01-22 02:30:00,9,1,110
2024-01-22 02:35:00,13,1,94
2024-01-22 02:40:00,15,1,103
2024-01-22 02:45:00,13,2,86
2024-01-22 02:50:00,16,2,84
2024-01-22 02:55:00,9,1,86
2024-01-22 03:00:00,8,1,98
2024-01-22 03:05:00,11,1,91
2024-01-22 03:10:00,14,1,92
2024-01-22 03:15:00,9,2,84
2024-01-22 03:20:00,8,1,95
2024-01-22 03:25:00,12,1,86
2024-01-22 03:30:00,13,2,85
2024-01-22 03:35:00,8,2,84
2024-01-22 03:40:00,4,1,87
2024-01-22 03:45:00,10,1,93
2024-01-22 03:50:00,12,1,88
2024-01-22 03:55:00,19,1,87
2024-01-22 04:00:00,20,2,84
2024-01-22 04:05:00,14,1,87
2024-01-22 04:10:00,24,2,86
2024-01-22 04:15:00,23,1,95
2024-01-22 04:20:00,23,2,85
2024-01-22 04:25:00,19,2,88
2024-01-22 04:30:00,15,2,91
2024-01-22 04:35:00,22,1,90
2024-01-22 04:40:00,20,2,85
2024-01-22 04:45:00,23,2,84
2024-01-22 04:50:00,27,2,85
2024-01-22 04:55:00,29,2,93
2024-01-22 05:00:00,33,2,90
2024-01-22 05:05:00,28,2,90
2024-01-22 05:10:00,20,1,91
2024-01-22 05:15:00,37,2,102
2024-01-22 05:20:00,29,1,94
2024-01-22 05:25:00,43,3,97
2024-01-22 05:30:00,30,2,94
2024-01-22 05:35:00,43,2,98
2024-01-22 05:40:00,54,4,89
2024-01-22 05:45:00,44,2,98
2024-01-22 05:50:00,69,3,95
2024-01-22 05:55:00,55,2,97
2024-01-22 06:00:00,48,3,92
2024-01-22 06:05:00,60,2,101
2024-01-22 06:10:00,38,1,101
2024-01-22 06:15:00,44,2,101
2024-01-22 06:20:00,55,2,103
2024-01-22 06:25:00,59,2,100
2024-01-22 06:30:00,70,3,98
2024-01-22 06:35:00,75,2,100
2024-01-22 06:40:00,88,3,98
2024-01-22 06:45:00,69,2,95
2024-01-22 06:50:00,95,3,98
2024-01-22 06:55:00,91,3,99
2024-01-22 07:00:00,86,3,100
2024-01-22 07:05:00,69,2,96
2024-01-22 07:10:00,80,3,99
2024-01-22 07:15:00,72,2,102
2024-01-22 07:20:00,70,3,95
2024-01-22 07:25:00,92,3,102
2024-01-22 07:30:00,90,3,102
2024-01-22 07:35:00,94,3,106
2024-01-22 07:40:00,79,2,101
2024-01-22 07:45:00,84,3,101
2024-01-22 07:50:00,82,3,104
2024-01-22 07:55:00,81,2,103
2024-01-22 08:00:00,95,3,104
2024-01-22 08:05:00,70,2,104
2024-01-22 08:10:00,69,2,100
2024-01-22 08:15:00,76,2,101
2024-01-22 08:20:00,97,3,100
2024-01-22 08:25:00,86,3,102
2024-01-22 08:30:00,76,2,103
2024-01-22 08:35:00,74,3,104
2024-01-22 08:40:00,82,3,99
2024-01-22 08:45:00,74,3,101
2024-01-22 08:50:00,82,3,98
2024-01-22 08:55:00,79,3,101
2024-01-22 09:00:00,75,2,102
2024-01-22 09:05:00,80,2,103
2024-01-22 09:10:00,92,3,102
2024-01-22 09:15:00,88,3,101
2024-01-22 09:20:00,104,3,100
2024-01-22 09:25:00,95,3,105
2024-01-22 09:30:00,109,3,108
2024-01-22 09:35:00,97,3,106
2024-01-22 09:40:00,84,3,102
2024-01-22 09:45:00,91,3,100
2024-01-22 09:50:00,92,3,99
2024-01-22 09:55:00,91,3,105
2024-01-22 10:00:00,108,4,102
2024-01-22 10:05:00,82,3,99
2024-01-22 10:10:00,87,3,99
2024-01-22 10:15:00,122,4,100
2024-01-22 10:20:00,97,3,101
2024-01-22 10:25:00,119,4,103
2024-01-22 10:30:00,109,3,104
2024-01-22 10:35:00,113,4,102
2024-01-22 10:40:00,93,3,105
2024-01-22 10:45:00,141,5,102
2024-01-22 10:50:00,108,3,105
2024-01-22 10:55:00,105,3,104
2024-01-22 11:00:00,118,3,109
2024-01-22 11:05:00,135,4,103
2024-01-22 11:10:00,100,3,102
2024-01-22 11:15:00,110,4,101
2024-01-22 11:20:00,121,4,104
2024-01-22 11:25:00,137,4,106
2024-01-22 11:30:00,138,4,104
2024-01-22 11:35:00,139,5,100
2024-01-22 11:40:00,111,4,100
2024-01-22 11:45:00,146,5,104
2024-01-22 11:50:00,121,4,102
2024-01-22 11:55:00,129,4,99
2024-01-22 12:00:00,131,4,100
2024-01-22 12:05:00,122,4,104
2024-01-22 12:10:00,143,4,104
2024-01-22 12:15:00,135,4,107
2024-01-22 12:20:00,133,5,98
2024-01-22 12:25:00,114,4,103
2024-01-22 12:30:00,138,5,99
2024-01-22 12:35:00,117,4,101
2024-01-22 12:40:00,123,4,100
2024-01-22 12:45:00,126,4,103
2024-01-22 12:50:00,130,5,103
2024-01-22 12:55:00,118,4,102
2024-01-22 13:00:00,123,4,104
2024-01-22 13:05:00,120,4,98
2024-01-22 13:10:00,109,4,100
2024-01-22 13:15:00,131,4,104
2024-01-22 13:20:00,114,4,103
2024-01-22 13:25:00,128,4,106
2024-01-22 13:30:00,130,4,106
2024-01-22 13:35:00,123,4,99
2024-01-22 13:40:00,146,5,99
2024-01-22 13:45:00,142,5,102
2024-01-22 13:50:00,120,4,103
2024-01-22 13:55:00,144,5,101
2024-01-22 14:00:00,137,5,102
2024-01-22 14:05:00,132,5,100
2024-01-22 14:10:00,133,4,103
2024-01-22 14:15:00,139,5,99
2024-01-22 14:20:00,158,5,100
2024-01-22 14:25:00,135,4,107
2024-01-22 14:30:00,104,3,99
2024-01-22 14:35:00,137,4,101
2024-01-22 14:40:00,148,5,103
2024-01-22 14:45:00,136,4,101
2024-01-22 14:50:00,149,5,101
2024-01-22 14:55:00,123,4,106
2024-01-22 15:00:00,126,4,103
2024-01-22 15:05:00,117,4,101
2024-01-22 15:10:00,133,4,102
2024-01-22 15:15:00,136,5,102
2024-01-22 15:20:00,120,4,105
2024-01-22 15:25:00,125,4,106
2024-01-22 15:30:00,131,4,102
2024-01-22 15:35:00,126,4,105
2024-01-22 15:40:00,117,4,103
2024-01-22 15:45:00,132,4,102
2024-01-22 15:50:00,115,3,104
2024-01-22 15:55:00,124,4,102
2024-01-22 16:00:00,140,5,102
2024-01-22 16:05:00,118,3,102
2024-01-22 16:10:00,112,3,105
2024-01-22 16:15:00,119,3,102
2024-01-22 16:20:00,125,3,102
2024-01-22 16:25:00,133,4,105
2024-01-22 16:30:00,119,3,104
2024-01-22 16:35:00,132,4,106
2024-01-22 16:40:00,117,3,106
2024-01-22 16:45:00,115,3,102
2024-01-22 16:50:00,116,3,106
2024-01-22 16:55:00,120,3,105
2024-01-22 17:00:00,105,3,105
2024-01-22 17:05:00,81,2,105
2024-01-22 17:10:00,105,3,106
2024-01-22 17:15:00,110,3,105
2024-01-22 17:20:00,92,3,102
2024-01-22 17:25:00,110,4,103
2024-01-22 17:30:00,115,3,103
2024-01-22 17:35:00,131,4,99
2024-01-22 17:40:00,103,3,101
2024-01-22 17:45:00,91,3,98
2024-01-22 17:50:00,92,3,102
2024-01-22 17:55:00,94,3,100
2024-01-22 18:00:00,94,3,98
2024-01-22 18:05:00,97,3,103
2024-01-22 18:10:00,99,3,99
2024-01-22 18:15:00,96,3,98
2024-01-22 18:20:00,85,3,103
2024-01-22 18:25:00,80,3,103
2024-01-22 18:30:00,89,3,103
2024-01-22 18:35:00,66,2,102
2024-01-22 18:40:00,82,3,98
2024-01-22 18:45:00,71,2,104
2024-01-22 18:50:00,64,2,101
2024-01-22 18:55:00,71,2,102
2024-01-22 19:00:00,62,2,99
2024-01-22 19:05:00,70,3,99
2024-01-22 19:10:00,69,2,102
2024-01-22 19:15:00,87,3,103
2024-01-22 19:20:00,69,3,96
2024-01-22 19:25:00,53,2,99
2024-01-22 19:30:00,73,2,99
2024-01-22 19:35:00,58,2,99
2024-01-22 19:40:00,77,2,99
2024-01-22 19:45:00,57,2,101
2024-01-22 19:50:00,63,2,100
2024-01-22 19:55:00,66,2,100
2024-01-22 20:00:00,54,2,95
2024-01-22 20:05:00,52,2,101
2024-01-22 20:10:00,49,2,97
2024-01-22 20:15:00,55,2,98
2024-01-22 20:20:00,55,2,98
2024-01-22 20:25:00,47,2,92
2024-01-22 20:30:00,51,2,97
2024-01-22 20:35:00,54,2,101
2024-01-22 20:40:00,58,2,99
2024-01-22 20:45:00,49,2,96
2024-01-22 20:50:00,54,2,100
2024-01-22 20:55:00,45,2,95
2024-01-22 21:00:00,48,2,95
2024-01-22 21:05:00,48,2,99
2024-01-22 21:10:00,42,2,95
2024-01-22 21:15:00,50,2,93
2024-01-22 21:20:00,53,2,93
2024-01-22 21:25:00,44,2,94
2024-01-22 21:30:00,45,2,97
2024-01-22 21:35:00,40,2,92
2024-01-22 21:40:00,44,3,94
2024-01-22 21:45:00,51,2,97
2024-01-22 21:50:00,44,2,99
2024-01-22 21:55:00,50,2,99
2024-01-22 22:00:00,54,2,98
2024-01-22 22:05:00,44,2,97
2024-01-22 22:10:00,48,2,102
2024-01-22 22:15:00,33,2,97
2024-01-22 22:20:00,48,2,95
2024-01-22 22:25:00,34,3,93
2024-01-22 22:30:00,47,2,94
2024-01-22 22:35:00,37,2,97
2024-01-22 22:40:00,36,2,98
2024-01-22 22:45:00,48,3,96
2024-01-22 22:50:00,32,2,96
2024-01-22 22:55:00,28,2,94
2024-01-22 23:00:00,32,2,97
2024-01-22 23:05:00,25,2,93
2024-01-22 23:10:00,44,2,93
2024-01-22 23:15:00,24,2,94
2024-01-22 23:20:00,29,2,88
2024-01-22 23:25:00,31,2,91
2024-01-22 23:30:00,31,2,89
2024-01-22 23:35:00,15,2,82
2024-01-22 23:40:00,40,2,95
2024-01-22 23:45:00,27,2,80
2024-01-22 23:50:00,32,3,93
2024-01-22 23:55:00,16,3,84
2024-01-23 00:00:00,22,2,91
2024-01-23 00:05:00,20,2,96
2024-01-23 00:10:00,14,1,105
2024-01-23 00:15:00,20,2,87
2024-01-23 00:20:00,18,1,90
2024-01-23 00:25:00,16,2,86
2024-01-23 00:30:00,29,2,89
2024-01-23 00:35:00,9,2,85
2024-01-23 00:40:00,22,2,94
2024-01-23 00:45:00,19,1,89
2024-01-23 00:50:00,12,1,89
2024-01-23 00:55:00,29,2,90
2024-01-23 01:00:00,22,2,97
2024-01-23 01:05:00,18,2,91
2024-01-23 01:10:00,21,2,88
2024-01-23 01:15:00,15,1,92
2024-01-23 01:20:00,24,2,86
2024-01-23 01:25:00,15,3,88
2024-01-23 01:30:00,26,2,84
2024-01-23 01:35:00,23,2,83
2024-01-23 01:40:00,9,1,89
2024-01-23 01:45:00,18,1,89
2024-01-23 01:50:00,13,3,87
2024-01-23 01:55:00,22,2,90
2024-01-23 02:00:00,11,2,84
2024-01-23 02:05:00,20,2,83
2024-01-23 02:10:00,15,2,87
2024-01-23 02:15:00,16,2,85
2024-01-23 02:20:00,16,2,90
2024-01-23 02:25:00,16,2,84
2024-01-23 02:30:00,17,2,87
2024-01-23 02:35:00,14,2,79
2024-01-23 02:40:00,11,3,86
2024-01-23 02:45:00,17,2,84
2024-01-23 02:50:00,17,2,84
2024-01-23 02:55:00,11,2,85
2024-01-23 03:00:00,21,3,82
2024-01-23 03:05:00,16,2,90
2024-01-23 03:10:00,19,1,90
2024-01-23 03:15:00,30,2,88
2024-01-23 03:20:00,12,2,78
2024-01-23 03:25:00,20,3,88
2024-01-23 03:30:00,25,2,81
2024-01-23 03:35:00,22,2,87
2024-01-23 03:40:00,21,2,87
2024-01-23 03:45:00,26,2,91
2024-01-23 03:50:00,25,2,87
2024-01-23 03:55:00,16,2,84
2024-01-23 04:00:00,14,3,87
2024-01-23 04:05:00,21,2,91
2024-01-23 04:10:00,20,2,86
2024-01-23 04:15:00,15,2,85
2024-01-23 04:20:00,18,2,81
2024-01-23 04:25:00,25,3,82
2024-01-23 04:30:00,22,4,85
2024-01-23 04:35:00,19,3,79
2024-01-23 04:40:00,26,3,84
2024-01-23 04:45:00,24,3,85
2024-01-23 04:50:00,30,3,83
2024-01-23 04:55:00,38,3,89
2024-01-23 05:00:00,37,2,89
2024-01-23 05:05:00,21,2,83
2024-01-23 05:10:00,32,3,87
2024-01-23 05:15:00,24,3,80
2024-01-23 05:20:00,40,3,84
2024-01-23 05:25:00,35,3,85
2024-01-23 05:30:00,35,4,87
2024-01-23 05:35:00,55,4,85
2024-01-23 05:40:00,40,3,89
2024-01-23 05:45:00,51,4,83
2024-01-23 05:50:00,44,3,86
2024-01-23 05:55:00,59,4,87
2024-01-23 06:00:00,59,4,89
2024-01-23 06:05:00,51,3,90
2024-01-23 06:10:00,46,3,87
2024-01-23 06:15:00,50,3,89
2024-01-23 06:20:00,48,2,93
2024-01-23 06:25:00,55,3,86
2024-01-23 06:30:00,72,4,91
2024-01-23 06:35:00,52,3,89
2024-01-23 06:40:00,69,4,89
2024-01-23 06:45:00,49,2,92
2024-01-23 06:50:00,67,3,91
2024-01-23 06:55:00,62,3,95
2024-01-23 07:00:00,63,3,93
2024-01-23 07:05:00,59,3,91
2024-01-23 07:10:00,76,4,92
2024-01-23 07:15:00,49,3,90
2024-01-23 07:20:00,73,3,91
2024-01-23 07:25:00,54,3,92
2024-01-23 07:30:00,54,2,93
2024-01-23 07:35:00,77,4,93
2024-01-23 07:40:00,74,3,100
2024-01-23 07:45:00,66,3,93
2024-01-23 07:50:00,55,2,97
2024-01-23 07:55:00,63,2,99
2024-01-23 08:00:00,68,3,98
2024-01-23 08:05:00,67,3,97
2024-01-23 08:10:00,85,3,99
2024-01-23 08:15:00,63,2,99
2024-01-23 08:20:00,63,2,97
2024-01-23 08:25:00,78,3,97
2024-01-23 08:30:00,71,2,100
2024-01-23 08:35:00,73,2,101
2024-01-23 08:40:00,81,2,103
2024-01-23 08:45:00,96,4,97
2024-01-23 08:50:00,78,3,100
2024-01-23 08:55:00,84,3,97
2024-01-23 09:00:00,92,4,98
2024-01-23 09:05:00,82,3,101
2024-01-23 09:10:00,87,3,101
2024-01-23 09:15:00,71,3,98
2024-01-23 09:20:00,75,3,99
2024-01-23 09:25:00,90,3,100
2024-01-23 09:30:00,109,4,103
2024-01-23 09:35:00,102,3,101
2024-01-23 09:40:00,100,4,102
2024-01-23 09:45:00,118,4,101
2024-01-23 09:50:00,98,4,99
2024-01-23 09:55:00,108,4,102
2024-01-23 10:00:00,116,3,100
2024-01-23 10:05:00,116,4,101
2024-01-23 10:10:00,111,4,102
2024-01-23 10:15:00,113,4,98
2024-01-23 10:20:00,132,5,101
2024-01-23 10:25:00,101,3,101
2024-01-23 10:30:00,124,4,101
2024-01-23 10:35:00,100,3,102
2024-01-23 10:40:00,108,4,97
2024-01-23 10:45:00,102,3,102
2024-01-23 10:50:00,126,4,103
2024-01-23 10:55:00,124,4,101
2024-01-23 11:00:00,139,4,103
2024-01-23 11:05:00,110,3,104
2024-01-23 11:10:00,110,4,100
2024-01-23 11:15:00,130,4,103
2024-01-23 11:20:00,128,4,101
2024-01-23 11:25:00,115,4,102
2024-01-23 11:30:00,114,4,102
2024-01-23 11:35:00,119,4,101
2024-01-23 11:40:00,137,5,101
2024-01-23 11:45:00,127,4,101
2024-01-23 11:50:00,137,5,102
2024-01-23 11:55:00,111,4,101
2024-01-23 12:00:00,137,5,99
2024-01-23 12:05:00,133,5,101
2024-01-23 12:10:00,118,4,100
2024-01-23 12:15:00,128,5,99
2024-01-23 12:20:00,128,5,99
2024-01-23 12:25:00,150,6,98
2024-01-23 12:30:00,100,3,103
2024-01-23 12:35:00,124,4,99
2024-01-23 12:40:00,120,4,101
2024-01-23 12:45:00,139,5,99
2024-01-23 12:50:00,119,4,99
2024-01-23 12:55:00,119,5,98
2024-01-23 13:00:00,126,4,104
2024-01-23 13:05:00,144,5,101
2024-01-23 13:10:00,116,4,106
2024-01-23 13:15:00,120,4,101
2024-01-23 13:20:00,125,4,100
2024-01-23 13:25:00,135,4,101
2024-01-23 13:30:00,132,5,98
2024-01-23 13:35:00,132,5,94
2024-01-23 13:40:00,164,6,99
2024-01-23 13:45:00,139,5,100
2024-01-23 13:50:00,120,4,104
2024-01-23 13:55:00,155,6,100
2024-01-23 14:00:00,106,4,100
2024-01-23 14:05:00,108,4,102
2024-01-23 14:10:00,90,3,103
2024-01-23 14:15:00,135,5,102
2024-01-23 14:20:00,131,5,99
2024-01-23 14:25:00,156,5,99
2024-01-23 14:30:00,145,5,100
2024-01-23 14:35:00,111,4,101
2024-01-23 14:40:00,146,5,101
2024-01-23 14:45:00,112,4,104
2024-01-23 14:50:00,143,5,96
2024-01-23 14:55:00,103,3,107
2024-01-23 15:00:00,148,4,104
2024-01-23 15:05:00,93,3,105
2024-01-23 15:10:00,130,4,100
2024-01-23 15:15:00,120,4,105
2024-01-23 15:20:00,111,3,105
2024-01-23 15:25:00,121,4,101
2024-01-23 15:30:00,104,4,99
2024-01-23 15:35:00,123,4,104
2024-01-23 15:40:00,101,3,106
2024-01-23 15:45:00,129,4,103
2024-01-23 15:50:00,105,3,103
2024-01-23 15:55:00,104,3,103
2024-01-23 16:00:00,110,3,102
2024-01-23 16:05:00,108,4,102
2024-01-23 16:10:00,106,3,103
2024-01-23 16:15:00,114,3,102
2024-01-23 16:20:00,121,3,106
2024-01-23 16:25:00,122,4,104
2024-01-23 16:30:00,122,3,105
2024-01-23 16:35:00,124,4,103
2024-01-23 16:40:00,157,5,106
2024-01-23 16:45:00,130,4,101
2024-01-23 16:50:00,100,3,101
2024-01-23 16:55:00,111,4,102
2024-01-23 17:00:00,109,3,106
2024-01-23 17:05:00,99,3,104
2024-01-23 17:10:00,111,4,104
2024-01-23 17:15:00,125,4,105
2024-01-23 17:20:00,107,3,100
2024-01-23 17:25:00,105,3,105
2024-01-23 17:30:00,105,3,106
2024-01-23 17:35:00,103,3,105
2024-01-23 17:40:00,109,4,103
2024-01-23 17:45:00,85,3,103
2024-01-23 17:50:00,85,2,104
2024-01-23 17:55:00,85,3,100
2024-01-23 18:00:00,69,2,102
2024-01-23 18:05:00,75,2,97
2024-01-23 18:10:00,99,3,101
2024-01-23 18:15:00,77,3,98
2024-01-23 18:20:00,72,3,97
2024-01-23 18:25:00,78,3,99
2024-01-23 18:30:00,87,3,100
2024-01-23 18:35:00,70,2,101
2024-01-23 18:40:00,79,2,102
2024-01-23 18:45:00,74,2,103
2024-01-23 18:50:00,71,2,103
2024-01-23 18:55:00,56,2,94
2024-01-23 19:00:00,65,2,101
2024-01-23 19:05:00,70,3,97
2024-01-23 19:10:00,60,2,103
2024-01-23 19:15:00,67,2,105
2024-01-23 19:20:00,64,2,101
2024-01-23 19:25:00,57,2,97
2024-01-23 19:30:00,66,3,101
2024-01-23 19:35:00,70,3,99
2024-01-23 19:40:00,79,3,100
2024-01-23 19:45:00,79,2,102
2024-01-23 19:50:00,68,3,98
2024-01-23 19:55:00,67,2,99
2024-01-23 20:00:00,66,3,99
2024-01-23 20:05:00,58,3,101
2024-01-23 20:10:00,52,2,96
2024-01-23 20:15:00,59,2,96
2024-01-23 20:20:00,54,2,100
2024-01-23 20:25:00,51,2,98
2024-01-23 20:30:00,60,2,101
2024-01-23 20:35:00,53,2,100
2024-01-23 20:40:00,44,2,98
2024-01-23 20:45:00,51,2,99
2024-01-23 20:50:00,39,2,91
2024-01-23 20:55:00,45,2,100
2024-01-23 21:00:00,42,2,98
2024-01-23 21:05:00,39,2,97
2024-01-23 21:10:00,34,1,96
2024-01-23 21:15:00,31,1,97
2024-01-23 21:20:00,51,2,94
2024-01-23 21:25:00,32,2,91
2024-01-23 21:30:00,51,2,93
2024-01-23 21:35:00,44,2,96
2024-01-23 21:40:00,52,2,101
2024-01-23 21:45:00,53,2,98
2024-01-23 21:50:00,40,2,92
2024-01-23 21:55:00,45,2,95
2024-01-23 22:00:00,44,2,98
2024-01-23 22:05:00,36,2,95
2024-01-23 22:10:00,49,2,101
2024-01-23 22:15:00,33,2,93
2024-01-23 22:20:00,46,2,92
2024-01-23 22:25:00,33,1,99
2024-01-23 22:30:00,24,2,92
2024-01-23 22:35:00,39,2,98
2024-01-23 22:40:00,42,2,91
2024-01-23 22:45:00,33,2,89
2024-01-23 22:50:00,32,1,101
2024-01-23 22:55:00,28,2,98
2024-01-23 23:00:00,23,1,95
2024-01-23 23:05:00,35,2,92
2024-01-23 23:10:00,37,3,92
2024-01-23 23:15:00,33,2,93
2024-01-23 23:20:00,39,2,92
2024-01-23 23:25:00,20,1,99
2024-01-23 23:30:00,30,2,93
2024-01-23 23:35:00,30,2,97
2024-01-23 23:40:00,28,1,94
2024-01-23 23:45:00,34,2,95
2024-01-23 23:50:00,37,3,90
2024-01-23 23:55:00,28,2,100
2024-01-24 00:00:00,24,2,88
2024-01-24 00:05:00,34,2,93
2024-01-24 00:10:00,18,2,88
2024-01-24 00:15:00,30,2,92
2024-01-24 00:20:00,19,1,102
2024-01-24 00:25:00,20,2,85
2024-01-24 00:30:00,21,2,85
2024-01-24 00:35:00,32,2,88
2024-01-24 00:40:00,16,2,89
2024-01-24 00:45:00,17,2,87
2024-01-24 00:50:00,13,1,98
2024-01-24 00:55:00,22,3,85
2024-01-24 01:00:00,21,2,89
2024-01-24 01:05:00,19,2,88
2024-01-24 01:10:00,17,1,100
2024-01-24 01:15:00,22,1,94
2024-01-24 01:20:00,22,2,87
2024-01-24 01:25:00,21,2,88
2024-01-24 01:30:00,13,1,88
2024-01-24 01:35:00,13,2,88
2024-01-24 01:40:00,13,2,85
2024-01-24 01:45:00,9,1,91
2024-01-24 01:50:00,12,2,85
2024-01-24 01:55:00,18,1,88
2024-01-24 02:00:00,12,2,90
2024-01-24 02:05:00,18,2,90
2024-01-24 02:10:00,14,2,89
2024-01-24 02:15:00,21,3,82
2024-01-24 02:20:00,17,2,81
2024-01-24 02:25:00,22,2,90
2024-01-24 02:30:00,12,2,86
2024-01-24 02:35:00,9,1,88
2024-01-24 02:40:00,14,2,89
2024-01-24 02:45:00,10,1,83
2024-01-24 02:50:00,21,1,89
2024-01-24 02:55:00,14,2,92
2024-01-24 03:00:00,20,2,94
2024-01-24 03:05:00,20,2,88
2024-01-24 03:10:00,20,2,88
2024-01-24 03:15:00,19,3,89
2024-01-24 03:20:00,13,2,84
2024-01-24 03:25:00,12,2,90
2024-01-24 03:30:00,15,2,84
2024-01-24 03:35:00,17,1,85
2024-01-24 03:40:00,21,3,88
2024-01-24 03:45:00,13,2,88
2024-01-24 03:50:00,19,2,84
2024-01-24 03:55:00,27,2,84
2024-01-24 04:00:00,21,2,87
2024-01-24 04:05:00,12,2,91
2024-01-24 04:10:00,24,2,88
2024-01-24 04:15:00,21,2,88
2024-01-24 04:20:00,22,2,84
2024-01-24 04:25:00,17,2,85
2024-01-24 04:30:00,29,2,86
2024-01-24 04:35:00,28,3,86
2024-01-24 04:40:00,30,3,86
2024-01-24 04:45:00,23,3,82
2024-01-24 04:50:00,34,3,86
2024-01-24 04:55:00,20,2,88
2024-01-24 05:00:00,31,3,86
2024-01-24 05:05:00,26,3,84
2024-01-24 05:10:00,32,3,86
2024-01-24 05:15:00,41,3,83
2024-01-24 05:20:00,18,2,83
2024-01-24 05:25:00,40,3,87
2024-01-24 05:30:00,37,4,83
2024-01-24 05:35:00,47,3,85
2024-01-24 05:40:00,40,3,90
2024-01-24 05:45:00,35,3,87
2024-01-24 05:50:00,41,3,84
2024-01-24 05:55:00,48,3,89
2024-01-24 06:00:00,50,3,90
2024-01-24 06:05:00,31,3,89
2024-01-24 06:10:00,53,3,88
2024-01-24 06:15:00,59,3,88
2024-01-24 06:20:00,51,3,90
2024-01-24 06:25:00,43,2,89
2024-01-24 06:30:00,49,4,88
2024-01-24 06:35:00,67,4,89
2024-01-24 06:40:00,51,2,88
2024-01-24 06:45:00,45,2,89
2024-01-24 06:50:00,53,2,89
2024-01-24 06:55:00,78,3,89
2024-01-24 07:00:00,65,4,93
2024-01-24 07:05:00,54,2,95
2024-01-24 07:10:00,66,3,93
2024-01-24 07:15:00,55,3,92
2024-01-24 07:20:00,61,3,93
2024-01-24 07:25:00,59,3,97
2024-01-24 07:30:00,64,3,92
2024-01-24 07:35:00,62,3,94
2024-01-24 07:40:00,62,2,96
2024-01-24 07:45:00,63,3,96
2024-01-24 07:50:00,84,4,96
2024-01-24 07:55:00,71,3,98
2024-01-24 08:00:00,79,3,99
2024-01-24 08:05:00,69,2,99
2024-01-24 08:10:00,61,3,91
2024-01-24 08:15:00,63,2,98
2024-01-24 08:20:00,84,3,97
2024-01-24 08:25:00,75,3,96
2024-01-24 08:30:00,78,3,99
2024-01-24 08:35:00,69,3,98
2024-01-24 08:40:00,70,3,97
2024-01-24 08:45:00,77,3,102
2024-01-24 08:50:00,78,3,98
2024-01-24 08:55:00,78,3,97
2024-01-24 09:00:00,100,3,100
2024-01-24 09:05:00,73,3,100
2024-01-24 09:10:00,106,3,104
2024-01-24 09:15:00,81,3,99
2024-01-24 09:20:00,89,3,102
2024-01-24 09:25:00,97,3,102
2024-01-24 09:30:00,99,3,102
2024-01-24 09:35:00,110,4,103
2024-01-24 09:40:00,94,3,102
2024-01-24 09:45:00,101,3,101
2024-01-24 09:50:00,101,4,99
2024-01-24 09:55:00,97,4,101
2024-01-24 10:00:00,101,4,100
2024-01-24 10:05:00,110,3,103
2024-01-24 10:10:00,105,4,101
2024-01-24 10:15:00,114,4,101
2024-01-24 10:20:00,110,4,102
2024-01-24 10:25:00,107,3,100
2024-01-24 10:30:00,124,4,99
2024-01-24 10:35:00,110,3,101
2024-01-24 10:40:00,88,3,103
2024-01-24 10:45:00,120,4,102
2024-01-24 10:50:00,114,4,102
2024-01-24 10:55:00,99,3,104
2024-01-24 11:00:00,106,3,106
2024-01-24 11:05:00,111,3,106
2024-01-24 11:10:00,124,4,99
2024-01-24 11:15:00,125,4,104
2024-01-24 11:20:00,137,5,100
2024-01-24 11:25:00,130,4,107
2024-01-24 11:30:00,127,4,104
2024-01-24 11:35:00,142,5,99
2024-01-24 11:40:00,117,3,103
2024-01-24 11:45:00,124,4,103
2024-01-24 11:50:00,122,4,98
2024-01-24 11:55:00,143,5,104
2024-01-24 12:00:00,139,5,102
2024-01-24 12:05:00,133,5,102
2024-01-24 12:10:00,137,5,102
2024-01-24 12:15:00,138,5,100
2024-01-24 12:20:00,134,5,100
2024-01-24 12:25:00,141,5,100
2024-01-24 12:30:00,133,5,103
2024-01-24 12:35:00,163,6,99
2024-01-24 12:40:00,122,4,100
2024-01-24 12:45:00,118,4,100
2024-01-24 12:50:00,133,5,99
2024-01-24 12:55:00,130,5,102
2024-01-24 13:00:00,118,4,99
2024-01-24 13:05:00,147,5,99
2024-01-24 13:10:00,139,5,104
2024-01-24 13:15:00,112,4,99
2024-01-24 13:20:00,159,6,101
2024-01-24 13:25:00,130,5,97
2024-01-24 13:30:00,146,5,100
2024-01-24 13:35:00,104,4,102
2024-01-24 13:40:00,102,4,100
2024-01-24 13:45:00,123,4,104
2024-01-24 13:50:00,146,5,100
2024-01-24 13:55:00,130,4,107
2024-01-24 14:00:00,156,6,103
2024-01-24 14:05:00,141,5,102
2024-01-24 14:10:00,141,5,97
2024-01-24 14:15:00,159,6,99
2024-01-24 14:20:00,154,5,97
2024-01-24 14:25:00,134,4,103
2024-01-24 14:30:00,125,4,100
2024-01-24 14:35:00,140,4,107
2024-01-24 14:40:00,127,4,103
2024-01-24 14:45:00,138,5,102
2024-01-24 14:50:00,141,5,99
2024-01-24 14:55:00,146,5,101
2024-01-24 15:00:00,121,4,99
2024-01-24 15:05:00,126,4,104
2024-01-24 15:10:00,135,4,105
2024-01-24 15:15:00,127,4,102
2024-01-24 15:20:00,140,5,101
2024-01-24 15:25:00,125,4,104
2024-01-24 15:30:00,123,4,107
2024-01-24 15:35:00,126,4,104
2024-01-24 15:40:00,96,3,103
2024-01-24 15:45:00,105,3,107
2024-01-24 15:50:00,112,3,107
2024-01-24 15:55:00,114,3,104
2024-01-24 16:00:00,148,5,102
2024-01-24 16:05:00,123,4,104
2024-01-24 16:10:00,103,3,103
2024-01-24 16:15:00,133,4,101
2024-01-24 16:20:00,112,3,105
2024-01-24 16:25:00,132,4,101
2024-01-24 16:30:00,117,4,107
2024-01-24 16:35:00,105,3,107
2024-01-24 16:40:00,115,4,103
2024-01-24 16:45:00,109,3,103
2024-01-24 16:50:00,101,3,102
2024-01-24 16:55:00,101,3,100
2024-01-24 17:00:00,116,3,105
2024-01-24 17:05:00,90,3,102
2024-01-24 17:10:00,110,3,105
2024-01-24 17:15:00,109,3,108
2024-01-24 17:20:00,98,3,104
2024-01-24 17:25:00,99,3,105
2024-01-24 17:30:00,103,3,103
2024-01-24 17:35:00,105,3,105
2024-01-24 17:40:00,105,3,105
2024-01-24 17:45:00,96,4,98
2024-01-24 17:50:00,99,3,102
2024-01-24 17:55:00,110,4,101
2024-01-24 18:00:00,82,2,105
2024-01-24 18:05:00,88,3,96
2024-01-24 18:10:00,93,3,102
2024-01-24 18:15:00,86,3,99
2024-01-24 18:20:00,86,3,99
2024-01-24 18:25:00,80,2,101
2024-01-24 18:30:00,78,2,104
2024-01-24 18:35:00,81,2,100
2024-01-24 18:40:00,78,3,104
2024-01-24 18:45:00,74,2,104
2024-01-24 18:50:00,79,3,104
2024-01-24 18:55:00,68,2,98
2024-01-24 19:00:00,60,2,102
2024-01-24 19:05:00,63,2,104
2024-01-24 19:10:00,73,3,102
2024-01-24 19:15:00,68,3,98
2024-01-24 19:20:00,56,2,97
2024-01-24 19:25:00,72,2,100
2024-01-24 19:30:00,67,2,98
2024-01-24 19:35:00,52,2,96
2024-01-24 19:40:00,64,2,97
2024-01-24 19:45:00,56,2,98
2024-01-24 19:50:00,58,2,102
2024-01-24 19:55:00,55,2,99
2024-01-24 20:00:00,42,2,98
2024-01-24 20:05:00,43,2,95
2024-01-24 20:10:00,56,2,94
2024-01-24 20:15:00,57,2,102
2024-01-24 20:20:00,55,2,102
2024-01-24 20:25:00,44,2,98
2024-01-24 20:30:00,56,2,102
2024-01-24 20:35:00,46,1,100
2024-01-24 20:40:00,41,2,91
2024-01-24 20:45:00,35,2,99
2024-01-24 20:50:00,41,2,99
2024-01-24 20:55:00,48,2,98
2024-01-24 21:00:00,49,2,101
2024-01-24 21:05:00,34,2,97
2024-01-24 21:10:00,42,2,97
2024-01-24 21:15:00,37,2,98
2024-01-24 21:20:00,46,2,96
2024-01-24 21:25:00,39,2,91
2024-01-24 21:30:00,35,2,92
2024-01-24 21:35:00,48,2,98
2024-01-24 21:40:00,36,2,93
2024-01-24 21:45:00,55,2,97
2024-01-24 21:50:00,47,2,93
2024-01-24 21:55:00,44,2,96
2024-01-24 22:00:00,35,1,99
2024-01-24 22:05:00,33,2,93
2024-01-24 22:10:00,42,2,96
2024-01-24 22:15:00,43,3,89
2024-01-24 22:20:00,35,1,97
2024-01-24 22:25:00,41,2,92
2024-01-24 22:30:00,34,2,89
2024-01-24 22:35:00,36,2,99
2024-01-24 22:40:00,38,2,97
2024-01-24 22:45:00,25,2,101
2024-01-24 22:50:00,27,1,96
2024-01-24 22:55:00,29,2,94
2024-01-24 23:00:00,32,2,100
2024-01-24 23:05:00,32,2,99
2024-01-24 23:10:00,21,2,86
2024-01-24 23:15:00,32,2,93
2024-01-24 23:20:00,39,2,95
2024-01-24 23:25:00,30,1,96
2024-01-24 23:30:00,25,2,90
2024-01-24 23:35:00,29,2,100
2024-01-24 23:40:00,28,1,94
2024-01-24 23:45:00,16,1,94
2024-01-24 23:50:00,20,2,91
2024-01-24 23:55:00,30,2,93
2024-01-25 00:00:00,24,1,94
2024-01-25 00:05:00,17,1,95
2024-01-25 00:10:00,14,1,87
2024-01-25 00:15:00,19,1,89
2024-01-25 00:20:00,19,2,93
2024-01-25 00:25:00,17,2,85
2024-01-25 00:30:00,15,1,87
2024-01-25 00:35:00,24,2,93
2024-01-25 00:40:00,20,2,97
2024-01-25 00:45:00,22,2,90
2024-01-25 00:50:00,28,3,88
2024-01-25 00:55:00,26,2,92
2024-01-25 01:00:00,20,2,98
2024-01-25 01:05:00,15,1,91
2024-01-25 01:10:00,11,1,86
2024-01-25 01:15:00,15,2,92
2024-01-25 01:20:00,18,2,90
2024-01-25 01:25:00,20,2,87
2024-01-25 01:30:00,15,1,90
2024-01-25 01:35:00,15,2,87
2024-01-25 01:40:00,9,2,82
2024-01-25 01:45:00,13,1,86
2024-01-25 01:50:00,15,1,99
2024-01-25 01:55:00,19,3,87
2024-01-25 02:00:00,19,2,84
2024-01-25 02:05:00,14,2,83
2024-01-25 02:10:00,12,1,86
2024-01-25 02:15:00,15,2,90
2024-01-25 02:20:00,18,2,85
2024-01-25 02:25:00,12,1,88
2024-01-25 02:30:00,11,2,80
2024-01-25 02:35:00,15,2,85
2024-01-25 02:40:00,16,2,84
2024-01-25 02:45:00,16,2,88
2024-01-25 02:50:00,13,2,86
2024-01-25 02:55:00,20,2,88
2024-01-25 03:00:00,17,3,83
2024-01-25 03:05:00,12,2,88
2024-01-25 03:10:00,16,2,87
2024-01-25 03:15:00,17,2,92
2024-01-25 03:20:00,11,1,86
2024-01-25 03:25:00,21,2,83
2024-01-25 03:30:00,14,2,86
2024-01-25 03:35:00,15,2,90
2024-01-25 03:40:00,22,2,85
2024-01-25 03:45:00,22,3,83
2024-01-25 03:50:00,21,2,88
2024-01-25 03:55:00,18,2,88
2024-01-25 04:00:00,22,2,84
2024-01-25 04:05:00,19,2,87
2024-01-25 04:10:00,22,2,83
2024-01-25 04:15:00,19,3,84
2024-01-25 04:20:00,30,3,88
2024-01-25 04:25:00,27,2,87
2024-01-25 04:30:00,30,3,84
2024-01-25 04:35:00,27,3,86
2024-01-25 04:40:00,37,3,83
2024-01-25 04:45:00,27,2,83
2024-01-25 04:50:00,23,2,87
2024-01-25 04:55:00,24,2,87
2024-01-25 05:00:00,30,3,85
2024-01-25 05:05:00,27,4,83
2024-01-25 05:10:00,34,3,85
2024-01-25 05:15:00,36,3,84
2024-01-25 05:20:00,31,3,82
2024-01-25 05:25:00,37,3,85
2024-01-25 05:30:00,32,2,89
2024-01-25 05:35:00,53,4,85
2024-01-25 05:40:00,47,4,87
2024-01-25 05:45:00,46,2,87
2024-01-25 05:50:00,47,2,90
2024-01-25 05:55:00,41,2,90
2024-01-25 06:00:00,36,2,87
2024-01-25 06:05:00,57,3,86
2024-01-25 06:10:00,50,3,94
2024-01-25 06:15:00,43,2,93
2024-01-25 06:20:00,48,3,91
2024-01-25 06:25:00,57,4,88
2024-01-25 06:30:00,69,4,90
2024-01-25 06:35:00,53,3,95
2024-01-25 06:40:00,59,3,93
2024-01-25 06:45:00,64,3,96
2024-01-25 06:50:00,53,2,99
2024-01-25 06:55:00,66,3,95
2024-01-25 07:00:00,67,3,94
2024-01-25 07:05:00,84,4,92
2024-01-25 07:10:00,83,4,92
2024-01-25 07:15:00,57,3,95
2024-01-25 07:20:00,77,3,96
2024-01-25 07:25:00,75,3,95
2024-01-25 07:30:00,70,3,98
2024-01-25 07:35:00,77,3,98
2024-01-25 07:40:00,68,3,99
2024-01-25 07:45:00,62,3,94
2024-01-25 07:50:00,73,3,99
2024-01-25 07:55:00,79,3,98
2024-01-25 08:00:00,58,2,102
2024-01-25 08:05:00,73,3,98
2024-01-25 08:10:00,74,3,104
2024-01-25 08:15:00,77,2,102
2024-01-25 08:20:00,90,4,101
2024-01-25 08:25:00,97,3,104
2024-01-25 08:30:00,81,3,101
2024-01-25 08:35:00,88,3,105
2024-01-25 08:40:00,78,3,100
2024-01-25 08:45:00,82,3,102
2024-01-25 08:50:00,82,3,99
2024-01-25 08:55:00,90,3,100
2024-01-25 09:00:00,108,4,102
2024-01-25 09:05:00,101,3,101
2024-01-25 09:10:00,101,3,104
2024-01-25 09:15:00,103,3,101
2024-01-25 09:20:00,99,3,101
2024-01-25 09:25:00,106,4,101
2024-01-25 09:30:00,91,3,102
2024-01-25 09:35:00,115,4,101
2024-01-25 09:40:00,98,3,101
2024-01-25 09:45:00,105,4,98
2024-01-25 09:50:00,103,4,100
2024-01-25 09:55:00,106,4,104
2024-01-25 10:00:00,101,4,100
2024-01-25 10:05:00,105,3,105
2024-01-25 10:10:00,113,4,101
2024-01-25 10:15:00,107,3,106
2024-01-25 10:20:00,124,4,101
2024-01-25 10:25:00,133,4,101
2024-01-25 10:30:00,122,4,103
2024-01-25 10:35:00,128,5,99
2024-01-25 10:40:00,111,3,101
2024-01-25 10:45:00,137,5,99
2024-01-25 10:50:00,133,4,103
2024-01-25 10:55:00,129,4,103
2024-01-25 11:00:00,115,4,102
2024-01-25 11:05:00,127,4,108
2024-01-25 11:10:00,148,5,100
2024-01-25 11:15:00,123,4,105
2024-01-25 11:20:00,127,4,102
2024-01-25 11:25:00,143,4,105
2024-01-25 11:30:00,127,4,103
2024-01-25 11:35:00,118,4,106
2024-01-25 11:40:00,126,4,102
2024-01-25 11:45:00,139,5,101
2024-01-25 11:50:00,145,5,102
2024-01-25 11:55:00,129,4,103
2024-01-25 12:00:00,144,5,103
2024-01-25 12:05:00,146,5,103
2024-01-25 12:10:00,139,5,102
2024-01-25 12:15:00,132,5,98
2024-01-25 12:20:00,121,5,100
2024-01-25 12:25:00,134,5,103
2024-01-25 12:30:00,117,4,98
2024-01-25 12:35:00,131,4,105
2024-01-25 12:40:00,107,4,100
2024-01-25 12:45:00,121,4,105
2024-01-25 12:50:00,142,5,103
2024-01-25 12:55:00,117,4,100
2024-01-25 13:00:00,109,4,104
2024-01-25 13:05:00,119,4,101
2024-01-25 13:10:00,133,4,105
2024-01-25 13:15:00,116,4,104
2024-01-25 13:20:00,145,5,101
2024-01-25 13:25:00,123,4,103
2024-01-25 13:30:00,123,4,104
2024-01-25 13:35:00,126,4,103
2024-01-25 13:40:00,120,4,101
2024-01-25 13:45:00,125,4,104
2024-01-25 13:50:00,135,4,105
2024-01-25 13:55:00,128,4,105
2024-01-25 14:00:00,135,5,100
2024-01-25 14:05:00,112,4,107
2024-01-25 14:10:00,119,4,104
2024-01-25 14:15:00,134,5,102
2024-01-25 14:20:00,137,4,102
2024-01-25 14:25:00,129,4,104
2024-01-25 14:30:00,98,3,101
2024-01-25 14:35:00,135,4,107
2024-01-25 14:40:00,110,4,98
2024-01-25 14:45:00,167,5,103
2024-01-25 14:50:00,125,4,100
2024-01-25 14:55:00,119,4,104
2024-01-25 15:00:00,126,4,105
2024-01-25 15:05:00,129,4,102
2024-01-25 15:10:00,123,4,100
2024-01-25 15:15:00,150,4,105
2024-01-25 15:20:00,148,4,109
2024-01-25 15:25:00,128,5,98
2024-01-25 15:30:00,126,4,106
2024-01-25 15:35:00,115,4,104
2024-01-25 15:40:00,119,4,103
2024-01-25 15:45:00,129,4,109
2024-01-25 15:50:00,124,3,105
2024-01-25 15:55:00,119,3,105
2024-01-25 16:00:00,127,4,103
2024-01-25 16:05:00,103,3,104
2024-01-25 16:10:00,135,5,101
2024-01-25 16:15:00,130,4,105
2024-01-25 16:20:00,97,3,105
2024-01-25 16:25:00,121,4,103
2024-01-25 16:30:00,142,4,103
2024-01-25 16:35:00,121,4,104
2024-01-25 16:40:00,128,4,105
2024-01-25 16:45:00,132,4,105
2024-01-25 16:50:00,127,4,104
2024-01-25 16:55:00,136,4,106
2024-01-25 17:00:00,122,4,105
2024-01-25 17:05:00,150,5,106
2024-01-25 17:10:00,128,4,105
2024-01-25 17:15:00,119,4,101
2024-01-25 17:20:00,105,3,105
2024-01-25 17:25:00,110,3,106
2024-01-25 17:30:00,128,4,105
2024-01-25 17:35:00,122,4,104
2024-01-25 17:40:00,112,4,104
2024-01-25 17:45:00,114,4,103
2024-01-25 17:50:00,104,3,101
2024-01-25 17:55:00,99,3,106
2024-01-25 18:00:00,105,3,103
2024-01-25 18:05:00,101,3,101
2024-01-25 18:10:00,81,2,101
2024-01-25 18:15:00,88,3,104
2024-01-25 18:20:00,93,3,102
2024-01-25 18:25:00,98,3,97
2024-01-25 18:30:00,91,3,101
2024-01-25 18:35:00,85,3,97
2024-01-25 18:40:00,88,3,100
2024-01-25 18:45:00,69,2,100
2024-01-25 18:50:00,65,2,102
2024-01-25 18:55:00,64,2,103
2024-01-25 19:00:00,77,3,98
2024-01-25 19:05:00,72,2,101
2024-01-25 19:10:00,69,3,99
2024-01-25 19:15:00,68,2,100
2024-01-25 19:20:00,86,3,100
2024-01-25 19:25:00,76,3,101
2024-01-25 19:30:00,63,2,102
2024-01-25 19:35:00,76,2,104
2024-01-25 19:40:00,65,2,100
2024-01-25 19:45:00,81,3,99
2024-01-25 19:50:00,64,2,99
2024-01-25 19:55:00,65,2,103
2024-01-25 20:00:00,54,2,100
2024-01-25 20:05:00,69,3,98
2024-01-25 20:10:00,66,2,100
2024-01-25 20:15:00,54,2,96
2024-01-25 20:20:00,68,3,97
2024-01-25 20:25:00,59,2,104
2024-01-25 20:30:00,48,2,97
2024-01-25 20:35:00,67,3,97
2024-01-25 20:40:00,62,2,100
2024-01-25 20:45:00,65,2,104
2024-01-25 20:50:00,49,2,93
2024-01-25 20:55:00,40,2,96
2024-01-25 21:00:00,45,2,100
2024-01-25 21:05:00,42,2,102
2024-01-25 21:10:00,54,2,98
2024-01-25 21:15:00,39,1,100
2024-01-25 21:20:00,40,2,99
2024-01-25 21:25:00,45,2,93
2024-01-25 21:30:00,46,2,95
2024-01-25 21:35:00,50,2,95
2024-01-25 21:40:00,50,2,96
2024-01-25 21:45:00,47,2,96
2024-01-25 21:50:00,54,2,100
2024-01-25 21:55:00,38,2,98
2024-01-25 22:00:00,36,1,99
2024-01-25 22:05:00,45,3,95
2024-01-25 22:10:00,43,2,96
2024-01-25 22:15:00,34,1,97
2024-01-25 22:20:00,42,2,96
2024-01-25 22:25:00,44,2,96
2024-01-25 22:30:00,46,2,102
2024-01-25 22:35:00,29,1,106
2024-01-25 22:40:00,34,2,95
2024-01-25 22:45:00,36,2,96
2024-01-25 22:50:00,37,2,98
2024-01-25 22:55:00,28,2,103
2024-01-25 23:00:00,41,2,96
2024-01-25 23:05:00,41,2,97
2024-01-25 23:10:00,43,2,101
2024-01-25 23:15:00,31,1,98
2024-01-25 23:20:00,33,2,98
2024-01-25 23:25:00,31,2,90
2024-01-25 23:30:00,32,2,97
2024-01-25 23:35:00,39,2,97
2024-01-25 23:40:00,31,2,92
2024-01-25 23:45:00,29,2,93
2024-01-25 23:50:00,27,2,97
2024-01-25 23:55:00,27,2,90
2024-01-26 00:00:00,28,2,97
2024-01-26 00:05:00,28,2,89
2024-01-26 00:10:00,23,2,92
2024-01-26 00:15:00,29,2,89
2024-01-26 00:20:00,18,1,93
2024-01-26 00:25:00,23,1,94
2024-01-26 00:30:00,19,2,89
2024-01-26 00:35:00,18,1,90
2024-01-26 00:40:00,19,2,86
2024-01-26 00:45:00,11,1,99
2024-01-26 00:50:00,14,1,96
2024-01-26 00:55:00,17,2,91
2024-01-26 01:00:00,25,2,93
2024-01-26 01:05:00,8,2,92
2024-01-26 01:10:00,20,3,86
2024-01-26 01:15:00,14,2,93
2024-01-26 01:20:00,14,1,92
2024-01-26 01:25:00,12,2,85
2024-01-26 01:30:00,15,1,90
2024-01-26 01:35:00,20,2,86
2024-01-26 01:40:00,12,1,92
2024-01-26 01:45:00,20,2,89
2024-01-26 01:50:00,14,1,93
2024-01-26 01:55:00,14,2,84
2024-01-26 02:00:00,22,1,93
2024-01-26 02:05:00,13,2,91
2024-01-26 02:10:00,18,2,93
2024-01-26 02:15:00,18,2,81
2024-01-26 02:20:00,22,2,88
2024-01-26 02:25:00,11,2,93
2024-01-26 02:30:00,11,1,94
2024-01-26 02:35:00,11,1,89
2024-01-26 02:40:00,19,2,90
2024-01-26 02:45:00,22,2,84
2024-01-26 02:50:00,14,2,87
2024-01-26 02:55:00,20,2,89
2024-01-26 03:00:00,18,1,89
2024-01-26 03:05:00,19,2,89
2024-01-26 03:10:00,25,3,90
2024-01-26 03:15:00,23,2,83
2024-01-26 03:20:00,24,2,84
2024-01-26 03:25:00,18,2,85
2024-01-26 03:30:00,16,2,87
2024-01-26 03:35:00,18,2,88
2024-01-26 03:40:00,22,2,90
2024-01-26 03:45:00,19,3,84
2024-01-26 03:50:00,14,1,88
2024-01-26 03:55:00,19,2,89
2024-01-26 04:00:00,25,2,89
2024-01-26 04:05:00,22,2,85
2024-01-26 04:10:00,21,2,87
2024-01-26 04:15:00,32,3,83
2024-01-26 04:20:00,26,3,86
2024-01-26 04:25:00,20,3,85
2024-01-26 04:30:00,28,2,86
2024-01-26 04:35:00,23,2,82
2024-01-26 04:40:00,26,3,83
2024-01-26 04:45:00,32,3,88
2024-01-26 04:50:00,24,2,85
2024-01-26 04:55:00,30,2,87
2024-01-26 05:00:00,25,2,84
2024-01-26 05:05:00,39,2,91
2024-01-26 05:10:00,31,2,85
2024-01-26 05:15:00,31,3,88
2024-01-26 05:20:00,38,2,97
2024-01-26 05:25:00,44,4,87
2024-01-26 05:30:00,43,3,85
2024-01-26 05:35:00,38,2,93
2024-01-26 05:40:00,40,4,85
2024-01-26 05:45:00,42,3,88
2024-01-26 05:50:00,42,3,90
2024-01-26 05:55:00,48,3,87
2024-01-26 06:00:00,58,4,89
2024-01-26 06:05:00,48,2,89
2024-01-26 06:10:00,50,2,95
2024-01-26 06:15:00,57,3,93
2024-01-26 06:20:00,53,3,94
2024-01-26 06:25:00,57,3,89
2024-01-26 06:30:00,55,3,88
2024-01-26 06:35:00,53,3,95
2024-01-26 06:40:00,68,3,94
2024-01-26 06:45:00,72,4,89
2024-01-26 06:50:00,57,3,97
2024-01-26 06:55:00,50,2,97
2024-01-26 07:00:00,69,3,93
2024-01-26 07:05:00,66,3,93
2024-01-26 07:10:00,65,3,93
2024-01-26 07:15:00,63,3,91
2024-01-26 07:20:00,99,4,93
2024-01-26 07:25:00,68,3,94
2024-01-26 07:30:00,71,3,95
2024-01-26 07:35:00,87,4,95
2024-01-26 07:40:00,93,4,96
2024-01-26 07:45:00,78,3,100
2024-01-26 07:50:00,92,3,102
2024-01-26 07:55:00,107,4,102
2024-01-26 08:00:00,93,3,100
2024-01-26 08:05:00,85,3,101
2024-01-26 08:10:00,90,3,103
2024-01-26 08:15:00,84,3,102
2024-01-26 08:20:00,74,3,103
2024-01-26 08:25:00,78,3,98
2024-01-26 08:30:00,74,2,103
2024-01-26 08:35:00,78,3,100
2024-01-26 08:40:00,87,2,105
2024-01-26 08:45:00,76,2,106
2024-01-26 08:50:00,86,3,99
2024-01-26 08:55:00,99,3,99
2024-01-26 09:00:00,85,3,101
2024-01-26 09:05:00,73,3,97
2024-01-26 09:10:00,81,3,100
2024-01-26 09:15:00,85,2,105
2024-01-26 09:20:00,94,3,102
2024-01-26 09:25:00,89,3,100
2024-01-26 09:30:00,114,4,105
2024-01-26 09:35:00,101,3,103
2024-01-26 09:40:00,116,4,103
2024-01-26 09:45:00,89,3,101
2024-01-26 09:50:00,110,4,101
2024-01-26 09:55:00,110,4,98
2024-01-26 10:00:00,121,4,103
2024-01-26 10:05:00,116,4,103
2024-01-26 10:10:00,104,4,100
2024-01-26 10:15:00,130,4,106
2024-01-26 10:20:00,123,4,104
2024-01-26 10:25:00,119,4,104
2024-01-26 10:30:00,106,3,104
2024-01-26 10:35:00,102,3,106
2024-01-26 10:40:00,137,4,103
2024-01-26 10:45:00,138,4,105
2024-01-26 10:50:00,107,3,103
2024-01-26 10:55:00,101,3,102
2024-01-26 11:00:00,137,4,105
2024-01-26 11:05:00,112,3,105
2024-01-26 11:10:00,136,4,103
2024-01-26 11:15:00,135,4,102
2024-01-26 11:20:00,138,5,102
2024-01-26 11:25:00,123,3,107
2024-01-26 11:30:00,147,5,103
2024-01-26 11:35:00,141,5,104
2024-01-26 11:40:00,135,4,103
2024-01-26 11:45:00,141,4,101
2024-01-26 11:50:00,149,5,102
2024-01-26 11:55:00,143,5,101
2024-01-26 12:00:00,153,5,99
2024-01-26 12:05:00,126,4,100
2024-01-26 12:10:00,135,5,103
2024-01-26 12:15:00,165,5,101
2024-01-26 12:20:00,135,5,97
2024-01-26 12:25:00,114,4,100
2024-01-26 12:30:00,108,3,104
2024-01-26 12:35:00,157,6,104
2024-01-26 12:40:00,137,5,103
2024-01-26 12:45:00,137,5,100
2024-01-26 12:50:00,135,4,104
2024-01-26 12:55:00,145,5,101
2024-01-26 13:00:00,158,5,101
2024-01-26 13:05:00,142,5,106
2024-01-26 13:10:00,137,5,98
2024-01-26 13:15:00,129,4,106
2024-01-26 13:20:00,140,5,100
2024-01-26 13:25:00,157,5,102
2024-01-26 13:30:00,166,5,103
2024-01-26 13:35:00,149,5,106
2024-01-26 13:40:00,172,6,103
2024-01-26 13:45:00,186,6,103
2024-01-26 13:50:00,147,5,103
2024-01-26 13:55:00,148,5,106
2024-01-26 14:00:00,168,5,106
2024-01-26 14:05:00,154,5,106
2024-01-26 14:10:00,158,5,106
2024-01-26 14:15:00,162,6,102
2024-01-26 14:20:00,155,5,104
2024-01-26 14:25:00,163,5,105
2024-01-26 14:30:00,189,6,105
2024-01-26 14:35:00,158,5,104
2024-01-26 14:40:00,181,5,107
2024-01-26 14:45:00,166,5,101
2024-01-26 14:50:00,159,5,105
2024-01-26 14:55:00,187,6,103
2024-01-26 15:00:00,148,4,106
2024-01-26 15:05:00,178,5,106
2024-01-26 15:10:00,153,5,103
2024-01-26 15:15:00,153,4,106
2024-01-26 15:20:00,132,4,103
2024-01-26 15:25:00,169,5,107
2024-01-26 15:30:00,152,4,109
2024-01-26 15:35:00,175,5,104
2024-01-26 15:40:00,179,5,107
2024-01-26 15:45:00,191,6,105
2024-01-26 15:50:00,175,5,106
2024-01-26 15:55:00,178,5,105
2024-01-26 16:00:00,197,5,106
2024-01-26 16:05:00,197,5,107
2024-01-26 16:10:00,186,5,103
2024-01-26 16:15:00,190,5,103
2024-01-26 16:20:00,167,4,106
2024-01-26 16:25:00,190,5,109
2024-01-26 16:30:00,172,5,105
2024-01-26 16:35:00,182,5,106
2024-01-26 16:40:00,164,4,108
2024-01-26 16:45:00,167,4,108
2024-01-26 16:50:00,199,6,105
2024-01-26 16:55:00,191,5,106
2024-01-26 17:00:00,189,5,105
2024-01-26 17:05:00,161,5,107
2024-01-26 17:10:00,150,4,111
2024-01-26 17:15:00,223,6,107
2024-01-26 17:20:00,154,4,108
2024-01-26 17:25:00,158,4,109
2024-01-26 17:30:00,179,5,106
2024-01-26 17:35:00,189,5,104
2024-01-26 17:40:00,165,4,107
2024-01-26 17:45:00,168,5,106
2024-01-26 17:50:00,180,5,104
2024-01-26 17:55:00,145,4,105
2024-01-26 18:00:00,168,5,102
2024-01-26 18:05:00,152,4,105
2024-01-26 18:10:00,157,5,102
2024-01-26 18:15:00,147,4,104
2024-01-26 18:20:00,123,4,103
2024-01-26 18:25:00,150,4,103
2024-01-26 18:30:00,161,5,104
2024-01-26 18:35:00,144,4,104
2024-01-26 18:40:00,140,4,108
2024-01-26 18:45:00,155,4,106
2024-01-26 18:50:00,128,4,103
2024-01-26 18:55:00,149,4,106
2024-01-26 19:00:00,111,3,108
2024-01-26 19:05:00,120,3,106
2024-01-26 19:10:00,136,4,103
2024-01-26 19:15:00,136,4,107
2024-01-26 19:20:00,139,4,106
2024-01-26 19:25:00,109,3,109
2024-01-26 19:30:00,123,4,101
2024-01-26 19:35:00,135,4,106
2024-01-26 19:40:00,120,4,102
2024-01-26 19:45:00,105,3,103
2024-01-26 19:50:00,136,4,101
2024-01-26 19:55:00,106,3,105
2024-01-26 20:00:00,124,4,103
2024-01-26 20:05:00,107,3,104
2024-01-26 20:10:00,114,3,104
2024-01-26 20:15:00,92,3,105
2024-01-26 20:20:00,97,3,101
2024-01-26 20:25:00,97,3,106
2024-01-26 20:30:00,96,3,103
2024-01-26 20:35:00,100,3,104
2024-01-26 20:40:00,95,2,103
2024-01-26 20:45:00,125,4,103
2024-01-26 20:50:00,106,3,101
2024-01-26 20:55:00,97,3,109
2024-01-26 21:00:00,80,2,106
2024-01-26 21:05:00,80,2,106
2024-01-26 21:10:00,69,2,104
2024-01-26 21:15:00,78,2,103
2024-01-26 21:20:00,100,3,105
2024-01-26 21:25:00,85,3,104
2024-01-26 21:30:00,86,3,109
2024-01-26 21:35:00,84,3,102
2024-01-26 21:40:00,65,2,106
2024-01-26 21:45:00,75,2,106
2024-01-26 21:50:00,60,2,109
2024-01-26 21:55:00,68,3,100
2024-01-26 22:00:00,78,3,100
2024-01-26 22:05:00,64,2,105
2024-01-26 22:10:00,78,2,110
2024-01-26 22:15:00,57,2,108
2024-01-26 22:20:00,70,2,105
2024-01-26 22:25:00,59,2,104
2024-01-26 22:30:00,62,2,104
2024-01-26 22:35:00,49,2,99
2024-01-26 22:40:00,55,2,101
2024-01-26 22:45:00,68,2,106
2024-01-26 22:50:00,42,2,100
2024-01-26 22:55:00,44,1,105
2024-01-26 23:00:00,58,2,99
2024-01-26 23:05:00,50,2,105
2024-01-26 23:10:00,35,1,110
2024-01-26 23:15:00,41,2,105
2024-01-26 23:20:00,41,2,101
2024-01-26 23:25:00,31,1,98
2024-01-26 23:30:00,34,1,100
2024-01-26 23:35:00,38,2,96
2024-01-26 23:40:00,35,2,108
2024-01-26 23:45:00,44,2,102
2024-01-26 23:50:00,49,2,100
2024-01-26 23:55:00,43,1,99
2024-01-27 00:00:00,36,1,104
2024-01-27 00:05:00,36,2,94
2024-01-27 00:10:00,34,1,100
2024-01-27 00:15:00,34,2,101
2024-01-27 00:20:00,28,1,103
2024-01-27 00:25:00,42,2,95
2024-01-27 00:30:00,28,1,94
2024-01-27 00:35:00,26,2,96
2024-01-27 00:40:00,32,2,98
2024-01-27 00:45:00,24,2,95
2024-01-27 00:50:00,26,2,93
2024-01-27 00:55:00,28,2,99
2024-01-27 01:00:00,19,1,99
2024-01-27 01:05:00,23,2,93
2024-01-27 01:10:00,24,1,101
2024-01-27 01:15:00,24,2,96
2024-01-27 01:20:00,22,1,94
2024-01-27 01:25:00,26,2,95
2024-01-27 01:30:00,32,1,97
2024-01-27 01:35:00,23,2,99
2024-01-27 01:40:00,15,1,95
2024-01-27 01:45:00,17,2,87
2024-01-27 01:50:00,29,1,96
2024-01-27 01:55:00,14,2,92
2024-01-27 02:00:00,14,1,93
2024-01-27 02:05:00,13,1,98
2024-01-27 02:10:00,11,2,95
2024-01-27 02:15:00,27,1,93
2024-01-27 02:20:00,21,1,98
2024-01-27 02:25:00,18,1,92
2024-01-27 02:30:00,21,2,90
2024-01-27 02:35:00,18,2,96
2024-01-27 02:40:00,24,2,95
2024-01-27 02:45:00,24,2,91
2024-01-27 02:50:00,22,2,92
2024-01-27 02:55:00,12,1,87
2024-01-27 03:00:00,19,2,86
2024-01-27 03:05:00,12,2,90
2024-01-27 03:10:00,27,1,95
2024-01-27 03:15:00,18,2,85
2024-01-27 03:20:00,23,2,90
2024-01-27 03:25:00,19,2,86
2024-01-27 03:30:00,22,1,98
2024-01-27 03:35:00,18,3,82
2024-01-27 03:40:00,10,1,86
2024-01-27 03:45:00,13,1,95
2024-01-27 03:50:00,13,1,86
2024-01-27 03:55:00,10,2,80
2024-01-27 04:00:00,17,2,87
2024-01-27 04:05:00,27,2,86
2024-01-27 04:10:00,16,2,82
2024-01-27 04:15:00,24,2,91
2024-01-27 04:20:00,14,2,86
2024-01-27 04:25:00,20,2,84
2024-01-27 04:30:00,16,2,86
2024-01-27 04:35:00,19,2,87
2024-01-27 04:40:00,17,3,84
2024-01-27 04:45:00,26,2,93
2024-01-27 04:50:00,22,2,90
2024-01-27 04:55:00,29,2,90
2024-01-27 05:00:00,31,2,93
2024-01-27 05:05:00,27,2,90
2024-01-27 05:10:00,24,3,81
2024-01-27 05:15:00,29,2,92
2024-01-27 05:20:00,33,2,93
2024-01-27 05:25:00,38,3,86
2024-01-27 05:30:00,33,3,88
2024-01-27 05:35:00,41,2,90
2024-01-27 05:40:00,35,2,93
2024-01-27 05:45:00,35,2,96
2024-01-27 05:50:00,40,2,94
2024-01-27 05:55:00,41,2,96
2024-01-27 06:00:00,38,2,93
2024-01-27 06:05:00,38,2,92
2024-01-27 06:10:00,46,2,95
2024-01-27 06:15:00,45,2,96
2024-01-27 06:20:00,49,2,97
2024-01-27 06:25:00,36,2,93
2024-01-27 06:30:00,43,2,91
2024-01-27 06:35:00,50,2,91
2024-01-27 06:40:00,53,3,91
2024-01-27 06:45:00,48,2,95
2024-01-27 06:50:00,56,2,98
2024-01-27 06:55:00,46,2,96
2024-01-27 07:00:00,52,2,97
2024-01-27 07:05:00,48,2,100
2024-01-27 07:10:00,42,2,95
2024-01-27 07:15:00,48,2,100
2024-01-27 07:20:00,51,2,97
2024-01-27 07:25:00,67,3,99
2024-01-27 07:30:00,51,2,101
2024-01-27 07:35:00,40,1,98
2024-01-27 07:40:00,40,2,95
2024-01-27 07:45:00,58,2,102
2024-01-27 07:50:00,46,2,102
2024-01-27 07:55:00,52,2,100
2024-01-27 08:00:00,65,2,101
2024-01-27 08:05:00,62,2,105
2024-01-27 08:10:00,71,2,106
2024-01-27 08:15:00,65,2,104
2024-01-27 08:20:00,74,2,106
2024-01-27 08:25:00,56,2,107
2024-01-27 08:30:00,78,3,100
2024-01-27 08:35:00,72,3,100
2024-01-27 08:40:00,71,2,105
2024-01-27 08:45:00,87,3,104
2024-01-27 08:50:00,71,2,106
2024-01-27 08:55:00,70,2,105
2024-01-27 09:00:00,88,3,103
2024-01-27 09:05:00,74,3,106
2024-01-27 09:10:00,103,3,104
2024-01-27 09:15:00,102,3,105
2024-01-27 09:20:00,104,4,105
2024-01-27 09:25:00,111,3,107
2024-01-27 09:30:00,116,3,100
2024-01-27 09:35:00,110,3,108
2024-01-27 09:40:00,125,4,103
2024-01-27 09:45:00,125,3,108
2024-01-27 09:50:00,120,3,109
2024-01-27 09:55:00,140,4,107
2024-01-27 10:00:00,140,4,109
2024-01-27 10:05:00,154,4,111
2024-01-27 10:10:00,126,3,111
2024-01-27 10:15:00,143,4,111
2024-01-27 10:20:00,156,4,107
2024-01-27 10:25:00,169,5,110
2024-01-27 10:30:00,131,3,110
2024-01-27 10:35:00,154,4,109
2024-01-27 10:40:00,181,5,109
2024-01-27 10:45:00,188,5,109
2024-01-27 10:50:00,176,4,112
2024-01-27 10:55:00,192,5,109
2024-01-27 11:00:00,169,4,110
2024-01-27 11:05:00,187,5,108
2024-01-27 11:10:00,169,4,107
2024-01-27 11:15:00,180,5,110
2024-01-27 11:20:00,196,5,110
2024-01-27 11:25:00,188,5,107
2024-01-27 11:30:00,238,6,109
2024-01-27 11:35:00,182,5,107
2024-01-27 11:40:00,225,6,108
2024-01-27 11:45:00,190,5,107
2024-01-27 11:50:00,180,5,107
2024-01-27 11:55:00,206,6,108
2024-01-27 12:00:00,183,4,113
2024-01-27 12:05:00,189,5,110
2024-01-27 12:10:00,183,5,107
2024-01-27 12:15:00,181,5,110
2024-01-27 12:20:00,185,5,110
2024-01-27 12:25:00,187,5,106
2024-01-27 12:30:00,197,5,106
2024-01-27 12:35:00,202,5,107
2024-01-27 12:40:00,175,5,107
2024-01-27 12:45:00,172,4,110
2024-01-27 12:50:00,147,4,108
2024-01-27 12:55:00,152,4,112
2024-01-27 13:00:00,143,4,109
2024-01-27 13:05:00,194,5,108
2024-01-27 13:10:00,153,4,107
2024-01-27 13:15:00,167,4,109
2024-01-27 13:20:00,167,4,109
2024-01-27 13:25:00,158,4,109
2024-01-27 13:30:00,158,4,105
2024-01-27 13:35:00,150,4,109
2024-01-27 13:40:00,180,5,108
2024-01-27 13:45:00,163,4,110
2024-01-27 13:50:00,188,5,109
2024-01-27 13:55:00,150,3,110
2024-01-27 14:00:00,184,5,109
2024-01-27 14:05:00,170,4,111
2024-01-27 14:10:00,183,5,110
2024-01-27 14:15:00,162,4,107
2024-01-27 14:20:00,178,4,109
2024-01-27 14:25:00,175,4,110
2024-01-27 14:30:00,181,5,107
2024-01-27 14:35:00,175,4,110
2024-01-27 14:40:00,148,4,108
2024-01-27 14:45:00,202,5,108
2024-01-27 14:50:00,160,4,108
2024-01-27 14:55:00,188,5,108
2024-01-27 15:00:00,167,4,107
2024-01-27 15:05:00,199,5,109
2024-01-27 15:10:00,189,5,109
2024-01-27 15:15:00,207,6,106
2024-01-27 15:20:00,180,5,106
2024-01-27 15:25:00,193,5,108
2024-01-27 15:30:00,163,4,106
2024-01-27 15:35:00,197,5,109
2024-01-27 15:40:00,175,4,105
2024-01-27 15:45:00,180,5,109
2024-01-27 15:50:00,184,4,110
2024-01-27 15:55:00,196,5,105
2024-01-27 16:00:00,153,4,107
2024-01-27 16:05:00,185,5,111
2024-01-27 16:10:00,174,4,106
2024-01-27 16:15:00,184,5,109
2024-01-27 16:20:00,165,4,111
2024-01-27 16:25:00,168,4,109
2024-01-27 16:30:00,184,5,108
2024-01-27 16:35:00,182,4,109
2024-01-27 16:40:00,188,5,109
2024-01-27 16:45:00,168,4,110
2024-01-27 16:50:00,182,5,106
2024-01-27 16:55:00,157,4,112
2024-01-27 17:00:00,164,4,108
2024-01-27 17:05:00,154,4,113
2024-01-27 17:10:00,169,4,109
2024-01-27 17:15:00,134,3,112
2024-01-27 17:20:00,134,3,109
2024-01-27 17:25:00,168,4,109
2024-01-27 17:30:00,129,3,106
2024-01-27 17:35:00,145,3,111
2024-01-27 17:40:00,152,4,106
2024-01-27 17:45:00,126,3,109
2024-01-27 17:50:00,127,3,112
2024-01-27 17:55:00,141,3,112
2024-01-27 18:00:00,128,3,105
2024-01-27 18:05:00,131,3,104
2024-01-27 18:10:00,111,3,106
2024-01-27 18:15:00,115,3,107
2024-01-27 18:20:00,109,3,106
2024-01-27 18:25:00,117,3,106
2024-01-27 18:30:00,88,2,106
2024-01-27 18:35:00,107,3,106
2024-01-27 18:40:00,94,2,105
2024-01-27 18:45:00,95,3,107
2024-01-27 18:50:00,87,2,108
2024-01-27 18:55:00,105,2,106
2024-01-27 19:00:00,88,2,110
2024-01-27 19:05:00,91,2,105
2024-01-27 19:10:00,94,2,107
2024-01-27 19:15:00,72,2,101
2024-01-27 19:20:00,94,3,107
2024-01-27 19:25:00,76,2,106
2024-01-27 19:30:00,76,2,103
2024-01-27 19:35:00,72,2,104
2024-01-27 19:40:00,80,2,104
2024-01-27 19:45:00,85,2,108
2024-01-27 19:50:00,83,2,106
2024-01-27 19:55:00,67,2,104
2024-01-27 20:00:00,74,2,107
2024-01-27 20:05:00,79,2,108
2024-01-27 20:10:00,54,1,104
2024-01-27 20:15:00,68,2,101
2024-01-27 20:20:00,70,2,102
2024-01-27 20:25:00,52,2,107
2024-01-27 20:30:00,62,2,106
2024-01-27 20:35:00,67,2,105
2024-01-27 20:40:00,52,2,106
2024-01-27 20:45:00,66,2,103
2024-01-27 20:50:00,61,2,103
2024-01-27 20:55:00,62,2,102
2024-01-27 21:00:00,64,2,109
2024-01-27 21:05:00,53,2,105
2024-01-27 21:10:00,63,1,111
2024-01-27 21:15:00,55,2,106
2024-01-27 21:20:00,51,2,97
2024-01-27 21:25:00,51,2,108
2024-01-27 21:30:00,40,1,101
2024-01-27 21:35:00,49,1,103
2024-01-27 21:40:00,41,1,102
2024-01-27 21:45:00,43,2,103
2024-01-27 21:50:00,46,2,100
2024-01-27 21:55:00,36,1,103
2024-01-27 22:00:00,52,1,109
2024-01-27 22:05:00,52,2,103
2024-01-27 22:10:00,29,1,103
2024-01-27 22:15:00,31,1,105
2024-01-27 22:20:00,29,1,104
2024-01-27 22:25:00,45,1,101
2024-01-27 22:30:00,27,1,103
2024-01-27 22:35:00,41,1,107
2024-01-27 22:40:00,43,2,100
2024-01-27 22:45:00,46,1,107
2024-01-27 22:50:00,29,1,107
2024-01-27 22:55:00,27,1,103
2024-01-27 23:00:00,29,1,101
2024-01-27 23:05:00,34,1,102
2024-01-27 23:10:00,29,1,107
2024-01-27 23:15:00,31,1,105
2024-01-27 23:20:00,26,1,99
2024-01-27 23:25:00,27,1,105
2024-01-27 23:30:00,30,1,104
2024-01-27 23:35:00,26,1,98
2024-01-27 23:40:00,19,1,98
2024-01-27 23:45:00,22,1,99
2024-01-27 23:50:00,15,1,99
2024-01-27 23:55:00,19,0,108
2024-01-28 00:00:00,15,1,102
2024-01-28 00:05:00,23,1,106
2024-01-28 00:10:00,19,1,102
2024-01-28 00:15:00,15,1,114
2024-01-28 00:20:00,16,1,98
2024-01-28 00:25:00,16,1,91
2024-01-28 00:30:00,9,1,104
2024-01-28 00:35:00,16,0,101
2024-01-28 00:40:00,16,1,107
2024-01-28 00:45:00,10,1,102
2024-01-28 00:50:00,19,1,95
2024-01-28 00:55:00,9,1,98
2024-01-28 01:00:00,8,1,94
2024-01-28 01:05:00,12,1,98
2024-01-28 01:10:00,11,1,102
2024-01-28 01:15:00,12,1,97
2024-01-28 01:20:00,21,1,101
2024-01-28 01:25:00,15,1,102
2024-01-28 01:30:00,7,1,104
2024-01-28 01:35:00,10,1,106
2024-01-28 01:40:00,2,1,86
2024-01-28 01:45:00,13,1,101
2024-01-28 01:50:00,10,1,101
2024-01-28 01:55:00,7,1,103
2024-01-28 02:00:00,6,1,105
2024-01-28 02:05:00,5,1,99
2024-01-28 02:10:00,7,1,109
2024-01-28 02:15:00,3,1,95
2024-01-28 02:20:00,7,2,88
2024-01-28 02:25:00,9,1,93
2024-01-28 02:30:00,10,1,89
2024-01-28 02:35:00,6,1,93
2024-01-28 02:40:00,9,0,106
2024-01-28 02:45:00,6,2,83
2024-01-28 02:50:00,11,1,94
2024-01-28 02:55:00,7,1,100
2024-01-28 03:00:00,10,1,99
2024-01-28 03:05:00,7,1,101
2024-01-28 03:10:00,14,1,105
2024-01-28 03:15:00,3,1,91
2024-01-28 03:20:00,6,1,97
2024-01-28 03:25:00,13,1,94
2024-01-28 03:30:00,8,0,106
2024-01-28 03:35:00,4,0,100
2024-01-28 03:40:00,6,0,98
2024-01-28 03:45:00,5,1,103
2024-01-28 03:50:00,8,1,91
2024-01-28 03:55:00,8,1,100
2024-01-28 04:00:00,6,1,92
2024-01-28 04:05:00,4,0,104
2024-01-28 04:10:00,11,1,99
2024-01-28 04:15:00,11,1,90
2024-01-28 04:20:00,12,1,98
2024-01-28 04:25:00,3,1,92
2024-01-28 04:30:00,7,0,109
2024-01-28 04:35:00,5,0,101
2024-01-28 04:40:00,6,1,95
2024-01-28 04:45:00,14,2,87
2024-01-28 04:50:00,7,1,87
2024-01-28 04:55:00,10,1,91
2024-01-28 05:00:00,3,1,83
2024-01-28 05:05:00,7,1,104
2024-01-28 05:10:00,8,1,114
2024-01-28 05:15:00,6,1,96
2024-01-28 05:20:00,6,1,94
2024-01-28 05:25:00,13,1,92
2024-01-28 05:30:00,20,1,94
2024-01-28 05:35:00,9,1,92
2024-01-28 05:40:00,8,1,110
2024-01-28 05:45:00,15,2,86
2024-01-28 05:50:00,11,1,102
2024-01-28 05:55:00,11,1,93
2024-01-28 06:00:00,16,1,102
2024-01-28 06:05:00,9,1,97
2024-01-28 06:10:00,13,1,99
2024-01-28 06:15:00,11,1,98
2024-01-28 06:20:00,20,1,100
2024-01-28 06:25:00,13,1,95
2024-01-28 06:30:00,27,1,106
2024-01-28 06:35:00,27,1,106
2024-01-28 06:40:00,22,1,102
2024-01-28 06:45:00,23,1,100
2024-01-28 06:50:00,18,1,100
2024-01-28 06:55:00,24,1,101
2024-01-28 07:00:00,18,1,113
2024-01-28 07:05:00,34,2,101
2024-01-28 07:10:00,38,1,102
2024-01-28 07:15:00,32,1,104
2024-01-28 07:20:00,28,1,100
2024-01-28 07:25:00,30,1,99
2024-01-28 07:30:00,28,1,105
2024-01-28 07:35:00,36,1,106
2024-01-28 07:40:00,29,1,98
2024-01-28 07:45:00,37,1,106
2024-01-28 07:50:00,35,1,104
2024-01-28 07:55:00,38,1,103
2024-01-28 08:00:00,52,1,101
2024-01-28 08:05:00,30,1,97
2024-01-28 08:10:00,39,1,98
2024-01-28 08:15:00,25,1,103
2024-01-28 08:20:00,37,1,104
2024-01-28 08:25:00,32,1,113
2024-01-28 08:30:00,39,1,105
2024-01-28 08:35:00,51,2,101
2024-01-28 08:40:00,41,2,100
2024-01-28 08:45:00,55,2,108
2024-01-28 08:50:00,58,2,111
2024-01-28 08:55:00,41,1,109
2024-01-28 09:00:00,53,1,110
2024-01-28 09:05:00,51,2,107
2024-01-28 09:10:00,61,2,104
2024-01-28 09:15:00,64,1,109
2024-01-28 09:20:00,53,2,106
2024-01-28 09:25:00,59,2,112
2024-01-28 09:30:00,57,1,105
2024-01-28 09:35:00,60,2,111
2024-01-28 09:40:00,60,2,106
2024-01-28 09:45:00,74,2,110
2024-01-28 09:50:00,64,2,106
2024-01-28 09:55:00,92,2,110
2024-01-28 10:00:00,80,2,108
2024-01-28 10:05:00,88,2,110
2024-01-28 10:10:00,101,2,108
2024-01-28 10:15:00,100,3,110
2024-01-28 10:20:00,117,3,106
2024-01-28 10:25:00,127,3,111
2024-01-28 10:30:00,87,2,109
2024-01-28 10:35:00,137,3,109
2024-01-28 10:40:00,150,3,115
2024-01-28 10:45:00,141,3,111
2024-01-28 10:50:00,129,3,109
2024-01-28 10:55:00,156,4,109
2024-01-28 11:00:00,154,4,106
2024-01-28 11:05:00,133,3,113
2024-01-28 11:10:00,147,4,105
2024-01-28 11:15:00,152,4,108
2024-01-28 11:20:00,131,3,108
2024-01-28 11:25:00,141,3,110
2024-01-28 11:30:00,130,3,109
2024-01-28 11:35:00,129,3,110
2024-01-28 11:40:00,130,3,111
2024-01-28 11:45:00,149,4,110
2024-01-28 11:50:00,127,3,108
2024-01-28 11:55:00,126,3,111
2024-01-28 12:00:00,168,4,109
2024-01-28 12:05:00,153,4,111
2024-01-28 12:10:00,129,3,111
2024-01-28 12:15:00,145,3,111
2024-01-28 12:20:00,144,3,112
2024-01-28 12:25:00,146,3,113
2024-01-28 12:30:00,141,4,109
2024-01-28 12:35:00,157,4,110
2024-01-28 12:40:00,159,4,111
2024-01-28 12:45:00,134,3,112
2024-01-28 12:50:00,141,3,110
2024-01-28 12:55:00,145,3,109
2024-01-28 13:00:00,158,4,111
2024-01-28 13:05:00,123,3,110
2024-01-28 13:10:00,152,4,112
2024-01-28 13:15:00,151,4,110
2024-01-28 13:20:00,165,4,112
2024-01-28 13:25:00,156,3,111
2024-01-28 13:30:00,168,4,108
2024-01-28 13:35:00,159,4,110
2024-01-28 13:40:00,138,3,111
2024-01-28 13:45:00,146,4,111
2024-01-28 13:50:00,139,3,112
2024-01-28 13:55:00,185,4,108
2024-01-28 14:00:00,156,4,111
2024-01-28 14:05:00,173,4,109
2024-01-28 14:10:00,164,4,112
2024-01-28 14:15:00,168,4,107
2024-01-28 14:20:00,170,4,113
2024-01-28 14:25:00,168,4,111
2024-01-28 14:30:00,156,3,109
2024-01-28 14:35:00,197,5,112
2024-01-28 14:40:00,190,5,109
2024-01-28 14:45:00,173,4,108
2024-01-28 14:50:00,208,5,109
2024-01-28 14:55:00,162,4,109
2024-01-28 15:00:00,174,4,109
2024-01-28 15:05:00,171,4,106
2024-01-28 15:10:00,158,4,109
2024-01-28 15:15:00,191,4,109
2024-01-28 15:20:00,165,4,110
2024-01-28 15:25:00,165,4,110
2024-01-28 15:30:00,173,4,109
2024-01-28 15:35:00,172,4,105
2024-01-28 15:40:00,166,4,109
2024-01-28 15:45:00,203,5,107
2024-01-28 15:50:00,196,5,107
2024-01-28 15:55:00,179,4,107
2024-01-28 16:00:00,178,4,111
2024-01-28 16:05:00,194,5,107
2024-01-28 16:10:00,164,4,109
2024-01-28 16:15:00,171,4,110
2024-01-28 16:20:00,206,5,107
2024-01-28 16:25:00,182,4,110
2024-01-28 16:30:00,201,5,108
2024-01-28 16:35:00,209,5,111
2024-01-28 16:40:00,188,4,109
2024-01-28 16:45:00,181,4,110
2024-01-28 16:50:00,175,4,114
2024-01-28 16:55:00,189,5,109
2024-01-28 17:00:00,167,4,110
2024-01-28 17:05:00,135,3,110
2024-01-28 17:10:00,173,4,109
2024-01-28 17:15:00,166,4,108
2024-01-28 17:20:00,171,4,111
2024-01-28 17:25:00,155,3,108
2024-01-28 17:30:00,166,4,110
2024-01-28 17:35:00,145,3,108
2024-01-28 17:40:00,140,3,108
2024-01-28 17:45:00,142,3,107
2024-01-28 17:50:00,152,4,108
2024-01-28 17:55:00,144,4,110
2024-01-28 18:00:00,134,3,108
2024-01-28 18:05:00,147,4,108
2024-01-28 18:10:00,137,4,105
2024-01-28 18:15:00,146,4,108
2024-01-28 18:20:00,125,3,106
2024-01-28 18:25:00,148,4,108
2024-01-28 18:30:00,129,3,105
2024-01-28 18:35:00,128,3,108
2024-01-28 18:40:00,123,3,110
2024-01-28 18:45:00,102,2,106
2024-01-28 18:50:00,117,3,106
2024-01-28 18:55:00,109,3,106
2024-01-28 19:00:00,125,3,106
2024-01-28 19:05:00,131,3,107
2024-01-28 19:10:00,126,3,108
2024-01-28 19:15:00,119,3,106
2024-01-28 19:20:00,116,3,107
2024-01-28 19:25:00,117,3,105
2024-01-28 19:30:00,110,3,108
2024-01-28 19:35:00,117,3,106
2024-01-28 19:40:00,104,3,107
2024-01-28 19:45:00,88,2,107
2024-01-28 19:50:00,84,2,104
2024-01-28 19:55:00,103,3,105
2024-01-28 20:00:00,114,3,105
2024-01-28 20:05:00,90,2,103
2024-01-28 20:10:00,96,3,106
2024-01-28 20:15:00,84,2,108
2024-01-28 20:20:00,76,2,103
2024-01-28 20:25:00,85,2,102
2024-01-28 20:30:00,87,2,106
2024-01-28 20:35:00,73,2,101
2024-01-28 20:40:00,62,2,106
2024-01-28 20:45:00,59,2,102
2024-01-28 20:50:00,73,2,104
2024-01-28 20:55:00,65,2,107
2024-01-28 21:00:00,48,1,107
2024-01-28 21:05:00,72,2,109
2024-01-28 21:10:00,90,2,107
2024-01-28 21:15:00,101,2,107
2024-01-28 21:20:00,90,2,109
2024-01-28 21:25:00,112,3,107
2024-01-28 21:30:00,118,3,104
2024-01-28 21:35:00,83,2,107
2024-01-28 21:40:00,63,2,99
2024-01-28 21:45:00,67,2,104
2024-01-28 21:50:00,52,1,105
2024-01-28 21:55:00,50,1,107
2024-01-28 22:00:00,56,2,102
2024-01-28 22:05:00,71,2,106
2024-01-28 22:10:00,51,1,111
2024-01-28 22:15:00,45,2,101
2024-01-28 22:20:00,54,2,100
2024-01-28 22:25:00,41,1,104
2024-01-28 22:30:00,58,2,106
2024-01-28 22:35:00,41,1,107
2024-01-28 22:40:00,45,1,104
2024-01-28 22:45:00,33,1,102
2024-01-28 22:50:00,50,2,100
2024-01-28 22:55:00,45,2,97
2024-01-28 23:00:00,41,2,101
2024-01-28 23:05:00,38,1,102
2024-01-28 23:10:00,39,1,107
2024-01-28 23:15:00,33,1,103
2024-01-28 23:20:00,36,1,102
2024-01-28 23:25:00,30,1,99
2024-01-28 23:30:00,43,2,97
2024-01-28 23:35:00,26,1,95
2024-01-28 23:40:00,30,1,100
2024-01-28 23:45:00,28,1,104
2024-01-28 23:50:00,25,2,89
2024-01-28 23:55:00,30,2,96
2024-01-29 00:00:00,26,1,99
2024-01-29 00:05:00,29,2,99
2024-01-29 00:10:00,17,1,96
2024-01-29 00:15:00,16,1,95
2024-01-29 00:20:00,26,2,91
2024-01-29 00:25:00,24,1,100
2024-01-29 00:30:00,15,1,94
2024-01-29 00:35:00,28,1,100
2024-01-29 00:40:00,24,1,96
2024-01-29 00:45:00,18,1,102
2024-01-29 00:50:00,28,2,91
2024-01-29 00:55:00,9,1,98
2024-01-29 01:00:00,21,1,105
2024-01-29 01:05:00,19,1,96
2024-01-29 01:10:00,17,1,95
2024-01-29 01:15:00,19,2,93
2024-01-29 01:20:00,13,1,97
2024-01-29 01:25:00,17,1,96
2024-01-29 01:30:00,11,1,91
2024-01-29 01:35:00,13,1,88
2024-01-29 01:40:00,11,1,92
2024-01-29 01:45:00,16,2,89
2024-01-29 01:50:00,16,2,94
2024-01-29 01:55:00,10,1,91
2024-01-29 02:00:00,11,2,88
2024-01-29 02:05:00,16,1,88
2024-01-29 02:10:00,10,1,93
2024-01-29 02:15:00,11,1,97
2024-01-29 02:20:00,11,1,87
2024-01-29 02:25:00,14,1,96
2024-01-29 02:30:00,14,2,86
2024-01-29 02:35:00,15,1,92
2024-01-29 02:40:00,9,2,89
2024-01-29 02:45:00,10,1,88
2024-01-29 02:50:00,12,1,91
2024-01-29 02:55:00,14,2,89
2024-01-29 03:00:00,10,2,84
2024-01-29 03:05:00,14,2,90
2024-01-29 03:10:00,13,1,100
2024-01-29 03:15:00,14,2,91
2024-01-29 03:20:00,25,2,91
2024-01-29 03:25:00,12,1,96
2024-01-29 03:30:00,14,3,87
2024-01-29 03:35:00,16,1,87
2024-01-29 03:40:00,7,1,93
2024-01-29 03:45:00,22,2,86
2024-01-29 03:50:00,11,1,90
2024-01-29 03:55:00,15,2,99
2024-01-29 04:00:00,18,1,94
2024-01-29 04:05:00,21,3,80
2024-01-29 04:10:00,17,2,90
2024-01-29 04:15:00,20,1,100
2024-01-29 04:20:00,11,1,86
2024-01-29 04:25:00,17,2,85
2024-01-29 04:30:00,16,2,83
2024-01-29 04:35:00,25,2,93
2024-01-29 04:40:00,23,1,95
2024-01-29 04:45:00,25,2,92
2024-01-29 04:50:00,24,2,89
2024-01-29 04:55:00,25,1,94
2024-01-29 05:00:00,34,2,102
2024-01-29 05:05:00,29,2,87
2024-01-29 05:10:00,27,2,93
2024-01-29 05:15:00,33,2,93
2024-01-29 05:20:00,51,2,101
2024-01-29 05:25:00,27,1,92
2024-01-29 05:30:00,39,2,99
2024-01-29 05:35:00,42,2,93
2024-01-29 05:40:00,55,2,93
2024-01-29 05:45:00,41,2,94
2024-01-29 05:50:00,48,2,98
2024-01-29 05:55:00,64,3,94
2024-01-29 06:00:00,61,2,102
2024-01-29 06:05:00,57,2,102
2024-01-29 06:10:00,66,2,102
2024-01-29 06:15:00,50,2,98
2024-01-29 06:20:00,67,2,94
2024-01-29 06:25:00,72,3,96
2024-01-29 06:30:00,73,3,98
2024-01-29 06:35:00,73,3,93
2024-01-29 06:40:00,70,2,100
2024-01-29 06:45:00,70,3,97
2024-01-29 06:50:00,96,3,101
2024-01-29 06:55:00,78,3,96
2024-01-29 07:00:00,73,2,102
2024-01-29 07:05:00,91,3,99
2024-01-29 07:10:00,88,3,99
2024-01-29 07:15:00,73,2,101
2024-01-29 07:20:00,90,3,102
2024-01-29 07:25:00,76,3,97
2024-01-29 07:30:00,80,3,101
2024-01-29 07:35:00,90,3,98
2024-01-29 07:40:00,93,3,100
2024-01-29 07:45:00,95,3,102
2024-01-29 07:50:00,90,3,101
2024-01-29 07:55:00,80,3,102
2024-01-29 08:00:00,103,3,102
2024-01-29 08:05:00,104,4,101
2024-01-29 08:10:00,106,3,105
2024-01-29 08:15:00,89,3,103
2024-01-29 08:20:00,102,3,101
2024-01-29 08:25:00,86,3,101
2024-01-29 08:30:00,94,2,108
2024-01-29 08:35:00,89,2,108
2024-01-29 08:40:00,74,3,102
2024-01-29 08:45:00,92,3,100
2024-01-29 08:50:00,93,3,101
2024-01-29 08:55:00,72,2,104
2024-01-29 09:00:00,81,3,100
2024-01-29 09:05:00,73,2,104
2024-01-29 09:10:00,81,3,103
2024-01-29 09:15:00,94,3,102
2024-01-29 09:20:00,77,3,102
2024-01-29 09:25:00,107,3,100
2024-01-29 09:30:00,108,3,103
2024-01-29 09:35:00,115,4,102
2024-01-29 09:40:00,98,4,96
2024-01-29 09:45:00,98,3,101
2024-01-29 09:50:00,103,3,104
2024-01-29 09:55:00,98,3,106
2024-01-29 10:00:00,130,4,100
2024-01-29 10:05:00,109,3,105
2024-01-29 10:10:00,120,4,102
2024-01-29 10:15:00,117,3,109
2024-01-29 10:20:00,134,4,101
2024-01-29 10:25:00,135,4,104
2024-01-29 10:30:00,96,3,100
2024-01-29 10:35:00,136,4,102
2024-01-29 10:40:00,127,4,103
2024-01-29 10:45:00,129,4,103
2024-01-29 10:50:00,127,4,103
2024-01-29 10:55:00,105,3,103
2024-01-29 11:00:00,123,4,103
2024-01-29 11:05:00,102,3,105
2024-01-29 11:10:00,124,4,101
2024-01-29 11:15:00,137,4,103
2024-01-29 11:20:00,114,4,99
2024-01-29 11:25:00,136,4,105
2024-01-29 11:30:00,119,4,105
2024-01-29 11:35:00,147,5,104
2024-01-29 11:40:00,139,4,102
2024-01-29 11:45:00,138,4,105
2024-01-29 11:50:00,145,5,102
2024-01-29 11:55:00,117,4,103
2024-01-29 12:00:00,135,4,107
2024-01-29 12:05:00,126,4,101
2024-01-29 12:10:00,122,4,100
2024-01-29 12:15:00,110,4,99
2024-01-29 12:20:00,158,6,101
2024-01-29 12:25:00,135,5,103
2024-01-29 12:30:00,150,5,103
2024-01-29 12:35:00,157,5,100
2024-01-29 12:40:00,132,4,103
2024-01-29 12:45:00,139,5,101
2024-01-29 12:50:00,134,4,102
2024-01-29 12:55:00,140,5,100
2024-01-29 13:00:00,135,4,102
2024-01-29 13:05:00,122,5,99
2024-01-29 13:10:00,131,4,99
2024-01-29 13:15:00,140,5,99
2024-01-29 13:20:00,159,6,99
2024-01-29 13:25:00,130,4,104
2024-01-29 13:30:00,152,5,105
2024-01-29 13:35:00,155,5,104
2024-01-29 13:40:00,152,5,100
2024-01-29 13:45:00,129,5,98
2024-01-29 13:50:00,118,4,104
2024-01-29 13:55:00,128,5,96
2024-01-29 14:00:00,140,4,104
2024-01-29 14:05:00,160,6,102
2024-01-29 14:10:00,137,4,103
2024-01-29 14:15:00,124,4,100
2024-01-29 14:20:00,121,4,102
2024-01-29 14:25:00,143,5,104
2024-01-29 14:30:00,137,5,103
2024-01-29 14:35:00,125,4,105
2024-01-29 14:40:00,120,4,104
2024-01-29 14:45:00,142,4,104
2024-01-29 14:50:00,135,4,104
2024-01-29 14:55:00,167,6,101
2024-01-29 15:00:00,134,4,105
2024-01-29 15:05:00,110,3,103
2024-01-29 15:10:00,154,5,103
2024-01-29 15:15:00,158,5,103
2024-01-29 15:20:00,102,3,101
2024-01-29 15:25:00,142,4,104
2024-01-29 15:30:00,129,4,107
2024-01-29 15:35:00,123,3,109
2024-01-29 15:40:00,123,4,104
2024-01-29 15:45:00,104,3,103
2024-01-29 15:50:00,132,4,105
2024-01-29 15:55:00,116,3,106
2024-01-29 16:00:00,143,4,105
2024-01-29 16:05:00,115,3,107
2024-01-29 16:10:00,136,5,102
2024-01-29 16:15:00,119,3,107
2024-01-29 16:20:00,131,4,105
2024-01-29 16:25:00,106,3,104
2024-01-29 16:30:00,106,3,103
2024-01-29 16:35:00,119,4,102
2024-01-29 16:40:00,126,4,106
2024-01-29 16:45:00,116,3,103
2024-01-29 16:50:00,134,4,106
2024-01-29 16:55:00,105,3,108
2024-01-29 17:00:00,121,4,103
2024-01-29 17:05:00,108,3,105
2024-01-29 17:10:00,110,3,109
2024-01-29 17:15:00,107,3,107
2024-01-29 17:20:00,113,4,101
2024-01-29 17:25:00,108,4,104
2024-01-29 17:30:00,120,3,106
2024-01-29 17:35:00,108,3,102
2024-01-29 17:40:00,91,3,99
2024-01-29 17:45:00,114,4,102
2024-01-29 17:50:00,107,3,100
2024-01-29 17:55:00,108,4,101
2024-01-29 18:00:00,100,3,101
2024-01-29 18:05:00,124,4,100
2024-01-29 18:10:00,92,3,102
2024-01-29 18:15:00,93,3,97
2024-01-29 18:20:00,98,3,100
2024-01-29 18:25:00,96,3,98
2024-01-29 18:30:00,101,3,103
2024-01-29 18:35:00,67,2,101
2024-01-29 18:40:00,78,3,102
2024-01-29 18:45:00,82,2,102
2024-01-29 18:50:00,76,3,102
2024-01-29 18:55:00,76,3,101
2024-01-29 19:00:00,92,3,100
2024-01-29 19:05:00,80,3,98
2024-01-29 19:10:00,63,2,105
2024-01-29 19:15:00,77,3,100
2024-01-29 19:20:00,99,3,100
2024-01-29 19:25:00,71,2,100
2024-01-29 19:30:00,86,3,98
2024-01-29 19:35:00,70,3,96
2024-01-29 19:40:00,70,2,106
2024-01-29 19:45:00,69,2,103
2024-01-29 19:50:00,64,2,103
2024-01-29 19:55:00,50,2,104
2024-01-29 20:00:00,51,2,96
2024-01-29 20:05:00,77,3,92
2024-01-29 20:10:00,65,3,98
2024-01-29 20:15:00,45,2,100
2024-01-29 20:20:00,60,2,96
2024-01-29 20:25:00,55,2,100
2024-01-29 20:30:00,65,2,104
2024-01-29 20:35:00,63,2,96
2024-01-29 20:40:00,58,2,97
2024-01-29 20:45:00,48,2,101
2024-01-29 20:50:00,46,2,97
2024-01-29 20:55:00,37,2,102
2024-01-29 21:00:00,60,2,97
2024-01-29 21:05:00,57,2,97
2024-01-29 21:10:00,43,2,96
2024-01-29 21:15:00,54,2,93
2024-01-29 21:20:00,52,3,94
2024-01-29 21:25:00,43,2,102
2024-01-29 21:30:00,35,2,89
2024-01-29 21:35:00,51,3,94
2024-01-29 21:40:00,43,2,95
2024-01-29 21:45:00,43,2,93
2024-01-29 21:50:00,40,2,96
2024-01-29 21:55:00,62,3,97
2024-01-29 22:00:00,48,2,95
2024-01-29 22:05:00,49,2,99
2024-01-29 22:10:00,34,1,97
2024-01-29 22:15:00,53,2,100
2024-01-29 22:20:00,44,2,97
2024-01-29 22:25:00,36,2,93
2024-01-29 22:30:00,53,2,97
2024-01-29 22:35:00,32,2,95
2024-01-29 22:40:00,36,2,91
2024-01-29 22:45:00,28,1,96
2024-01-29 22:50:00,35,2,103
2024-01-29 22:55:00,34,2,92
2024-01-29 23:00:00,41,1,100
2024-01-29 23:05:00,36,2,96
2024-01-29 23:10:00,25,1,95
2024-01-29 23:15:00,26,2,95
2024-01-29 23:20:00,29,2,93
2024-01-29 23:25:00,42,2,99
2024-01-29 23:30:00,32,2,89
2024-01-29 23:35:00,17,1,96
2024-01-29 23:40:00,22,2,90
2024-01-29 23:45:00,28,2,90
2024-01-29 23:50:00,18,2,90
2024-01-29 23:55:00,33,3,93
2024-01-30 00:00:00,36,2,93
2024-01-30 00:05:00,23,2,92
2024-01-30 00:10:00,33,2,101
2024-01-30 00:15:00,26,2,90
2024-01-30 00:20:00,26,2,91
2024-01-30 00:25:00,14,2,87
2024-01-30 00:30:00,28,1,97
2024-01-30 00:35:00,27,3,90
2024-01-30 00:40:00,28,2,93
2024-01-30 00:45:00,20,2,89
2024-01-30 00:50:00,19,2,82
2024-01-30 00:55:00,20,2,90
2024-01-30 01:00:00,12,2,87
2024-01-30 01:05:00,21,2,91
2024-01-30 01:10:00,26,2,93
2024-01-30 01:15:00,16,2,88
2024-01-30 01:20:00,17,2,96
2024-01-30 01:25:00,10,2,85
2024-01-30 01:30:00,16,1,89
2024-01-30 01:35:00,23,3,88
2024-01-30 01:40:00,17,2,81
2024-01-30 01:45:00,13,2,85
2024-01-30 01:50:00,18,2,83
2024-01-30 01:55:00,22,2,88
2024-01-30 02:00:00,23,1,94
2024-01-30 02:05:00,12,1,87
2024-01-30 02:10:00,21,2,86
2024-01-30 02:15:00,14,1,92
2024-01-30 02:20:00,19,2,88
2024-01-30 02:25:00,17,2,91
2024-01-30 02:30:00,25,2,86
2024-01-30 02:35:00,18,2,86
2024-01-30 02:40:00,22,2,95
2024-01-30 02:45:00,19,2,80
2024-01-30 02:50:00,16,2,83
2024-01-30 02:55:00,16,2,89
2024-01-30 03:00:00,18,3,86
2024-01-30 03:05:00,18,2,91
2024-01-30 03:10:00,15,2,87
2024-01-30 03:15:00,13,2,85
2024-01-30 03:20:00,21,2,96
2024-01-30 03:25:00,21,2,85
2024-01-30 03:30:00,24,2,88
2024-01-30 03:35:00,16,2,88
2024-01-30 03:40:00,17,2,89
2024-01-30 03:45:00,20,3,86
2024-01-30 03:50:00,14,1,84
2024-01-30 03:55:00,29,2,87
2024-01-30 04:00:00,18,1,89
2024-01-30 04:05:00,19,3,86
2024-01-30 04:10:00,25,3,79
2024-01-30 04:15:00,32,3,85
2024-01-30 04:20:00,20,2,89
2024-01-30 04:25:00,22,2,84
2024-01-30 04:30:00,33,3,88
2024-01-30 04:35:00,42,3,85
2024-01-30 04:40:00,20,2,87
2024-01-30 04:45:00,36,3,88
2024-01-30 04:50:00,38,3,89
2024-01-30 04:55:00,33,3,85
2024-01-30 05:00:00,27,2,88
2024-01-30 05:05:00,26,2,87
2024-01-30 05:10:00,25,3,83
2024-01-30 05:15:00,39,2,88
2024-01-30 05:20:00,51,3,91
2024-01-30 05:25:00,53,3,90
2024-01-30 05:30:00,49,4,87
2024-01-30 05:35:00,50,4,84
2024-01-30 05:40:00,35,3,85
2024-01-30 05:45:00,50,3,89
2024-01-30 05:50:00,59,3,89
2024-01-30 05:55:00,56,5,89
2024-01-30 06:00:00,55,3,93
2024-01-30 06:05:00,47,3,88
2024-01-30 06:10:00,62,4,90
2024-01-30 06:15:00,59,3,93
2024-01-30 06:20:00,66,4,91
2024-01-30 06:25:00,60,3,89
2024-01-30 06:30:00,58,3,93
2024-01-30 06:35:00,73,3,91
2024-01-30 06:40:00,76,4,93
2024-01-30 06:45:00,76,3,94
2024-01-30 06:50:00,83,3,93
2024-01-30 06:55:00,75,3,92
2024-01-30 07:00:00,79,3,96
2024-01-30 07:05:00,79,3,97
2024-01-30 07:10:00,66,3,94
2024-01-30 07:15:00,63,3,94
2024-01-30 07:20:00,87,4,95
2024-01-30 07:25:00,81,4,94
2024-01-30 07:30:00,67,3,96
2024-01-30 07:35:00,93,4,98
2024-01-30 07:40:00,91,4,96
2024-01-30 07:45:00,77,3,99
2024-01-30 07:50:00,65,2,102
2024-01-30 07:55:00,71,3,98
2024-01-30 08:00:00,91,3,96
2024-01-30 08:05:00,82,3,101
2024-01-30 08:10:00,66,2,104
2024-01-30 08:15:00,63,2,102
2024-01-30 08:20:00,74,2,100
2024-01-30 08:25:00,86,3,101
2024-01-30 08:30:00,74,3,102
2024-01-30 08:35:00,87,3,99
2024-01-30 08:40:00,88,3,101
2024-01-30 08:45:00,99,3,99
2024-01-30 08:50:00,89,3,101
2024-01-30 08:55:00,84,3,102
2024-01-30 09:00:00,77,3,102
2024-01-30 09:05:00,92,4,97
2024-01-30 09:10:00,99,3,103
2024-01-30 09:15:00,100,3,103
2024-01-30 09:20:00,117,4,100
2024-01-30 09:25:00,95,4,98
2024-01-30 09:30:00,88,3,102
2024-01-30 09:35:00,110,3,98
2024-01-30 09:40:00,114,4,104
2024-01-30 09:45:00,113,4,100
2024-01-30 09:50:00,99,3,103
2024-01-30 09:55:00,107,4,101
2024-01-30 10:00:00,106,4,98
2024-01-30 10:05:00,133,5,100
2024-01-30 10:10:00,134,5,99
2024-01-30 10:15:00,129,4,100
2024-01-30 10:20:00,147,5,103
2024-01-30 10:25:00,137,5,102
2024-01-30 10:30:00,134,4,102
2024-01-30 10:35:00,128,4,101
2024-01-30 10:40:00,135,4,101
2024-01-30 10:45:00,130,4,101
2024-01-30 10:50:00,129,4,103
2024-01-30 10:55:00,125,4,100
2024-01-30 11:00:00,140,5,100
2024-01-30 11:05:00,146,5,100
2024-01-30 11:10:00,126,4,101
2024-01-30 11:15:00,136,4,99
2024-01-30 11:20:00,132,4,103
2024-01-30 11:25:00,147,4,106
2024-01-30 11:30:00,130,4,103
2024-01-30 11:35:00,129,4,103
2024-01-30 11:40:00,142,5,99
2024-01-30 11:45:00,136,5,100
2024-01-30 11:50:00,134,5,102
2024-01-30 11:55:00,110,4,105
2024-01-30 12:00:00,131,5,100
2024-01-30 12:05:00,140,5,100
2024-01-30 12:10:00,126,4,100
2024-01-30 12:15:00,125,5,101
2024-01-30 12:20:00,135,5,100
2024-01-30 12:25:00,128,5,100
2024-01-30 12:30:00,125,5,99
2024-01-30 12:35:00,133,5,101
2024-01-30 12:40:00,129,5,100
2024-01-30 12:45:00,128,5,98
2024-01-30 12:50:00,128,4,100
2024-01-30 12:55:00,126,5,98
2024-01-30 13:00:00,142,5,100
2024-01-30 13:05:00,133,5,100
2024-01-30 13:10:00,125,4,100
2024-01-30 13:15:00,129,5,99
2024-01-30 13:20:00,127,4,101
2024-01-30 13:25:00,132,5,101
2024-01-30 13:30:00,116,4,98
2024-01-30 13:35:00,180,7,97
2024-01-30 13:40:00,114,4,99
2024-01-30 13:45:00,110,4,101
2024-01-30 13:50:00,123,4,101
2024-01-30 13:55:00,153,6,98
2024-01-30 14:00:00,151,5,98
2024-01-30 14:05:00,113,4,102
2024-01-30 14:10:00,148,4,102
2024-01-30 14:15:00,127,5,102
2024-01-30 14:20:00,163,6,99
2024-01-30 14:25:00,135,5,102
2024-01-30 14:30:00,144,5,101
2024-01-30 14:35:00,139,5,100
2024-01-30 14:40:00,136,5,101
2024-01-30 14:45:00,145,5,104
2024-01-30 14:50:00,129,4,101
2024-01-30 14:55:00,162,6,102
2024-01-30 15:00:00,147,4,106
2024-01-30 15:05:00,149,5,103
2024-01-30 15:10:00,101,3,104
2024-01-30 15:15:00,131,4,105
2024-01-30 15:20:00,150,5,101
2024-01-30 15:25:00,132,4,102
2024-01-30 15:30:00,127,4,103
2024-01-30 15:35:00,123,4,102
2024-01-30 15:40:00,132,4,103
2024-01-30 15:45:00,118,4,100
2024-01-30 15:50:00,123,4,101
2024-01-30 15:55:00,106,3,104
2024-01-30 16:00:00,138,4,105
2024-01-30 16:05:00,104,3,106
2024-01-30 16:10:00,137,4,104
2024-01-30 16:15:00,122,4,104
2024-01-30 16:20:00,102,3,105
2024-01-30 16:25:00,107,3,104
2024-01-30 16:30:00,101,3,106
2024-01-30 16:35:00,139,4,104
2024-01-30 16:40:00,101,3,107
2024-01-30 16:45:00,112,3,104
2024-01-30 16:50:00,130,4,102
2024-01-30 16:55:00,119,3,102
2024-01-30 17:00:00,110,4,101
2024-01-30 17:05:00,132,4,109
2024-01-30 17:10:00,93,3,106
2024-01-30 17:15:00,119,3,103
2024-01-30 17:20:00,115,3,105
2024-01-30 17:25:00,101,3,105
2024-01-30 17:30:00,119,4,102
2024-01-30 17:35:00,98,3,105
2024-01-30 17:40:00,99,3,104
2024-01-30 17:45:00,100,4,98
2024-01-30 17:50:00,86,2,104
2024-01-30 17:55:00,109,4,103
2024-01-30 18:00:00,92,3,99
2024-01-30 18:05:00,114,4,101
2024-01-30 18:10:00,105,3,98
2024-01-30 18:15:00,94,4,97
2024-01-30 18:20:00,80,2,100
2024-01-30 18:25:00,78,3,99
2024-01-30 18:30:00,73,2,102
2024-01-30 18:35:00,97,3,99
2024-01-30 18:40:00,87,2,104
2024-01-30 18:45:00,87,3,102
2024-01-30 18:50:00,92,3,100
2024-01-30 18:55:00,82,3,102
2024-01-30 19:00:00,89,3,100
2024-01-30 19:05:00,84,3,95
2024-01-30 19:10:00,77,3,96
2024-01-30 19:15:00,78,3,97
2024-01-30 19:20:00,81,2,102
2024-01-30 19:25:00,79,3,97
2024-01-30 19:30:00,72,2,99
2024-01-30 19:35:00,72,3,99
2024-01-30 19:40:00,74,2,97
2024-01-30 19:45:00,68,2,101
2024-01-30 19:50:00,60,3,96
2024-01-30 19:55:00,68,3,101
2024-01-30 20:00:00,55,2,98
2024-01-30 20:05:00,64,2,96
2024-01-30 20:10:00,59,2,98
2024-01-30 20:15:00,59,3,93
2024-01-30 20:20:00,60,2,100
2024-01-30 20:25:00,52,2,100
2024-01-30 20:30:00,47,2,103
2024-01-30 20:35:00,55,2,98
2024-01-30 20:40:00,61,2,100
2024-01-30 20:45:00,56,2,94
2024-01-30 20:50:00,52,2,98
2024-01-30 20:55:00,71,3,99
2024-01-30 21:00:00,65,2,99
2024-01-30 21:05:00,48,2,102
2024-01-30 21:10:00,49,2,92
2024-01-30 21:15:00,56,2,96
2024-01-30 21:20:00,53,2,98
2024-01-30 21:25:00,56,2,100
2024-01-30 21:30:00,48,2,95
2024-01-30 21:35:00,34,2,105
2024-01-30 21:40:00,37,2,93
2024-01-30 21:45:00,45,2,95
2024-01-30 21:50:00,38,2,97
2024-01-30 21:55:00,40,2,93
2024-01-30 22:00:00,53,2,96
2024-01-30 22:05:00,39,2,96
2024-01-30 22:10:00,45,2,93
2024-01-30 22:15:00,52,2,98
2024-01-30 22:20:00,40,2,90
2024-01-30 22:25:00,51,2,98
2024-01-30 22:30:00,42,2,103
2024-01-30 22:35:00,28,1,99
2024-01-30 22:40:00,34,1,95
2024-01-30 22:45:00,41,2,95
2024-01-30 22:50:00,33,2,92
2024-01-30 22:55:00,38,1,98
2024-01-30 23:00:00,40,2,93
2024-01-30 23:05:00,23,2,93
2024-01-30 23:10:00,45,2,94
2024-01-30 23:15:00,27,1,99
2024-01-30 23:20:00,31,1,99
2024-01-30 23:25:00,40,2,104
2024-01-30 23:30:00,36,2,96
2024-01-30 23:35:00,36,2,98
2024-01-30 23:40:00,16,1,93
2024-01-30 23:45:00,24,2,98
2024-01-30 23:50:00,18,2,93
2024-01-30 23:55:00,37,3,95
2024-01-31 00:00:00,24,2,89
2024-01-31 00:05:00,22,2,88
2024-01-31 00:10:00,30,2,95
2024-01-31 00:15:00,29,2,93
2024-01-31 00:20:00,15,2,90
2024-01-31 00:25:00,25,2,94
2024-01-31 00:30:00,15,3,87
2024-01-31 00:35:00,19,2,88
2024-01-31 00:40:00,23,2,87
2024-01-31 00:45:00,19,2,87
2024-01-31 00:50:00,23,2,90
2024-01-31 00:55:00,13,2,85
2024-01-31 01:00:00,16,1,96
2024-01-31 01:05:00,26,2,94
2024-01-31 01:10:00,21,1,94
2024-01-31 01:15:00,33,2,88
2024-01-31 01:20:00,13,1,92
2024-01-31 01:25:00,26,2,94
2024-01-31 01:30:00,13,2,87
2024-01-31 01:35:00,20,2,84
2024-01-31 01:40:00,16,1,87
2024-01-31 01:45:00,20,2,86
2024-01-31 01:50:00,22,2,88
2024-01-31 01:55:00,16,2,89
2024-01-31 02:00:00,23,2,85
2024-01-31 02:05:00,12,1,97
2024-01-31 02:10:00,13,2,84
2024-01-31 02:15:00,17,1,87
2024-01-31 02:20:00,14,2,88
2024-01-31 02:25:00,18,2,91
2024-01-31 02:30:00,16,3,81
2024-01-31 02:35:00,17,2,82
2024-01-31 02:40:00,13,1,87
2024-01-31 02:45:00,17,3,84
2024-01-31 02:50:00,11,2,85
2024-01-31 02:55:00,18,1,89
2024-01-31 03:00:00,17,1,88
2024-01-31 03:05:00,21,2,87
2024-01-31 03:10:00,19,2,86
2024-01-31 03:15:00,16,2,84
2024-01-31 03:20:00,12,2,87
2024-01-31 03:25:00,17,2,86
2024-01-31 03:30:00,11,1,83
2024-01-31 03:35:00,12,3,84
2024-01-31 03:40:00,14,2,85
2024-01-31 03:45:00,27,4,83
2024-01-31 03:50:00,29,3,86
2024-01-31 03:55:00,15,2,88
2024-01-31 04:00:00,19,2,89
2024-01-31 04:05:00,16,3,81
2024-01-31 04:10:00,25,2,85
2024-01-31 04:15:00,29,4,87
2024-01-31 04:20:00,30,3,85
2024-01-31 04:25:00,19,2,90
2024-01-31 04:30:00,24,2,85
2024-01-31 04:35:00,26,3,81
2024-01-31 04:40:00,28,2,85
2024-01-31 04:45:00,29,3,85
2024-01-31 04:50:00,22,2,84
2024-01-31 04:55:00,27,3,83
2024-01-31 05:00:00,31,2,89
2024-01-31 05:05:00,20,3,83
2024-01-31 05:10:00,31,3,83
2024-01-31 05:15:00,34,3,86
2024-01-31 05:20:00,40,3,88
2024-01-31 05:25:00,36,4,84
2024-01-31 05:30:00,37,3,85
2024-01-31 05:35:00,45,3,87
2024-01-31 05:40:00,37,3,84
2024-01-31 05:45:00,50,3,88
2024-01-31 05:50:00,37,3,84
2024-01-31 05:55:00,37,2,90
2024-01-31 06:00:00,41,3,84
2024-01-31 06:05:00,48,3,89
2024-01-31 06:10:00,47,3,91
2024-01-31 06:15:00,51,3,90
2024-01-31 06:20:00,49,2,90
2024-01-31 06:25:00,49,3,90
2024-01-31 06:30:00,53,4,89
2024-01-31 06:35:00,63,3,91
2024-01-31 06:40:00,64,3,93
2024-01-31 06:45:00,57,3,89
2024-01-31 06:50:00,55,3,94
2024-01-31 06:55:00,67,3,91
2024-01-31 07:00:00,70,3,90
2024-01-31 07:05:00,47,2,94
2024-01-31 07:10:00,55,2,94
2024-01-31 07:15:00,51,3,93
2024-01-31 07:20:00,53,3,98
2024-01-31 07:25:00,52,2,95
2024-01-31 07:30:00,53,3,95
2024-01-31 07:35:00,53,2,98
2024-01-31 07:40:00,63,3,99
2024-01-31 07:45:00,81,4,95
2024-01-31 07:50:00,74,3,102
2024-01-31 07:55:00,79,3,98
2024-01-31 08:00:00,61,3,98
2024-01-31 08:05:00,79,3,99
2024-01-31 08:10:00,60,3,99
2024-01-31 08:15:00,79,2,101
2024-01-31 08:20:00,94,4,100
2024-01-31 08:25:00,68,2,100
2024-01-31 08:30:00,72,3,100
2024-01-31 08:35:00,68,2,100
2024-01-31 08:40:00,83,3,97
2024-01-31 08:45:00,83,3,99
2024-01-31 08:50:00,95,3,100
2024-01-31 08:55:00,77,3,101
2024-01-31 09:00:00,83,3,102
2024-01-31 09:05:00,88,3,103
2024-01-31 09:10:00,85,3,101
2024-01-31 09:15:00,91,3,96
2024-01-31 09:20:00,111,4,100
2024-01-31 09:25:00,82,3,100
2024-01-31 09:30:00,97,3,102
2024-01-31 09:35:00,72,3,101
2024-01-31 09:40:00,107,4,102
2024-01-31 09:45:00,88,3,99
2024-01-31 09:50:00,91,3,98
2024-01-31 09:55:00,101,4,97
2024-01-31 10:00:00,88,2,107
2024-01-31 10:05:00,105,5,99
2024-01-31 10:10:00,120,4,103
2024-01-31 10:15:00,105,4,101
2024-01-31 10:20:00,104,3,103
2024-01-31 10:25:00,107,3,100
2024-01-31 10:30:00,121,4,101
2024-01-31 10:35:00,94,3,101
2024-01-31 10:40:00,127,4,101
2024-01-31 10:45:00,117,4,102
2024-01-31 10:50:00,101,3,105
2024-01-31 10:55:00,110,3,106
2024-01-31 11:00:00,87,3,105
2024-01-31 11:05:00,118,4,102
2024-01-31 11:10:00,104,4,103
2024-01-31 11:15:00,119,4,101
2024-01-31 11:20:00,116,4,107
2024-01-31 11:25:00,100,3,104
2024-01-31 11:30:00,117,4,100
2024-01-31 11:35:00,106,3,103
2024-01-31 11:40:00,125,4,101
2024-01-31 11:45:00,114,3,107
2024-01-31 11:50:00,137,4,106
2024-01-31 11:55:00,116,5,98
2024-01-31 12:00:00,125,5,99
2024-01-31 12:05:00,123,4,100
2024-01-31 12:10:00,143,5,106
2024-01-31 12:15:00,93,4,97
2024-01-31 12:20:00,137,5,101
2024-01-31 12:25:00,122,5,99
2024-01-31 12:30:00,119,4,100
2024-01-31 12:35:00,135,4,102
2024-01-31 12:40:00,124,5,95
2024-01-31 12:45:00,105,3,104
2024-01-31 12:50:00,122,4,99
2024-01-31 12:55:00,118,4,99
2024-01-31 13:00:00,125,4,97
2024-01-31 13:05:00,119,4,102
2024-01-31 13:10:00,107,4,97
2024-01-31 13:15:00,135,5,98
2024-01-31 13:20:00,116,4,102
2024-01-31 13:25:00,109,4,99
2024-01-31 13:30:00,113,4,103
2024-01-31 13:35:00,134,5,96
2024-01-31 13:40:00,132,5,100
2024-01-31 13:45:00,131,4,105
2024-01-31 13:50:00,142,5,102
2024-01-31 13:55:00,121,4,104
2024-01-31 14:00:00,144,5,101
2024-01-31 14:05:00,131,4,101
2024-01-31 14:10:00,122,4,102
2024-01-31 14:15:00,132,4,101
2024-01-31 14:20:00,121,4,102
2024-01-31 14:25:00,133,5,101
2024-01-31 14:30:00,126,4,105
2024-01-31 14:35:00,112,3,105
2024-01-31 14:40:00,115,4,98
2024-01-31 14:45:00,126,4,102
2024-01-31 14:50:00,123,4,102
2024-01-31 14:55:00,105,3,104
2024-01-31 15:00:00,127,4,99
2024-01-31 15:05:00,111,4,103
2024-01-31 15:10:00,114,4,100
2024-01-31 15:15:00,102,3,105
2024-01-31 15:20:00,120,4,103
2024-01-31 15:25:00,114,4,104
2024-01-31 15:30:00,112,3,107
2024-01-31 15:35:00,148,4,108
2024-01-31 15:40:00,111,4,102
2024-01-31 15:45:00,127,4,103
2024-01-31 15:50:00,131,4,107
2024-01-31 15:55:00,116,3,108
2024-01-31 16:00:00,131,4,103
2024-01-31 16:05:00,85,3,103
2024-01-31 16:10:00,117,3,102
2024-01-31 16:15:00,95,3,104
2024-01-31 16:20:00,97,3,103
2024-01-31 16:25:00,110,3,104
2024-01-31 16:30:00,131,4,102
2024-01-31 16:35:00,125,4,101
2024-01-31 16:40:00,115,3,102
2024-01-31 16:45:00,117,4,104
2024-01-31 16:50:00,115,3,104
2024-01-31 16:55:00,108,3,107
2024-01-31 17:00:00,103,3,103
2024-01-31 17:05:00,113,3,104
2024-01-31 17:10:00,107,3,107
2024-01-31 17:15:00,115,4,98
2024-01-31 17:20:00,99,3,101
2024-01-31 17:25:00,106,3,104
2024-01-31 17:30:00,107,4,103
2024-01-31 17:35:00,93,3,106
2024-01-31 17:40:00,99,3,105
2024-01-31 17:45:00,93,3,101
2024-01-31 17:50:00,111,3,103
2024-01-31 17:55:00,109,3,104
2024-01-31 18:00:00,93,3,103
2024-01-31 18:05:00,87,3,102
2024-01-31 18:10:00,92,3,97
2024-01-31 18:15:00,81,2,101
2024-01-31 18:20:00,89,3,99
2024-01-31 18:25:00,89,3,104
2024-01-31 18:30:00,78,2,100
2024-01-31 18:35:00,85,3,98
2024-01-31 18:40:00,71,2,102
2024-01-31 18:45:00,81,3,102
2024-01-31 18:50:00,72,2,96
2024-01-31 18:55:00,80,2,106
2024-01-31 19:00:00,79,3,101
2024-01-31 19:05:00,71,2,103
2024-01-31 19:10:00,71,3,101
2024-01-31 19:15:00,80,3,97
2024-01-31 19:20:00,61,2,100
2024-01-31 19:25:00,49,2,97
2024-01-31 19:30:00,48,1,97
2024-01-31 19:35:00,65,2,98
2024-01-31 19:40:00,50,2,96
2024-01-31 19:45:00,81,2,103
2024-01-31 19:50:00,36,1,100
2024-01-31 19:55:00,60,3,93
2024-01-31 20:00:00,58,2,101
2024-01-31 20:05:00,54,2,99
2024-01-31 20:10:00,59,2,97
2024-01-31 20:15:00,73,3,97
2024-01-31 20:20:00,52,2,99
2024-01-31 20:25:00,62,2,97
2024-01-31 20:30:00,44,2,94
2024-01-31 20:35:00,49,2,95
2024-01-31 20:40:00,53,2,96
2024-01-31 20:45:00,55,3,96
2024-01-31 20:50:00,52,2,100
2024-01-31 20:55:00,44,2,93
2024-01-31 21:00:00,40,2,101
2024-01-31 21:05:00,54,2,105
2024-01-31 21:10:00,43,2,92
2024-01-31 21:15:00,33,2,97
2024-01-31 21:20:00,37,2,101
2024-01-31 21:25:00,53,2,97
2024-01-31 21:30:00,46,2,90
2024-01-31 21:35:00,53,3,98
2024-01-31 21:40:00,46,2,98
2024-01-31 21:45:00,25,1,99
2024-01-31 21:50:00,54,2,97
2024-01-31 21:55:00,42,2,99
2024-01-31 22:00:00,60,2,99
2024-01-31 22:05:00,54,2,99
2024-01-31 22:10:00,44,2,99
2024-01-31 22:15:00,44,2,95
2024-01-31 22:20:00,33,2,92
2024-01-31 22:25:00,28,1,96
2024-01-31 22:30:00,29,2,90
2024-01-31 22:35:00,36,2,92
2024-01-31 22:40:00,27,2,91
2024-01-31 22:45:00,37,2,92
2024-01-31 22:50:00,39,2,93
2024-01-31 22:55:00,29,1,97
2024-01-31 23:00:00,32,2,89
2024-01-31 23:05:00,34,2,92
2024-01-31 23:10:00,34,2,96
2024-01-31 23:15:00,39,2,93
2024-01-31 23:20:00,35,1,95
2024-01-31 23:25:00,35,3,88
2024-01-31 23:30:00,14,1,98
2024-01-31 23:35:00,27,2,94
2024-01-31 23:40:00,21,2,89
2024-01-31 23:45:00,27,2,94
2024-01-31 23:50:00,33,2,93
2024-01-31 23:55:00,23,2,102
2024-02-01 00:00:00,18,1,102
2024-02-01 00:05:00,19,2,96
2024-02-01 00:10:00,24,1,91
2024-02-01 00:15:00,25,1,96
2024-02-01 00:20:00,20,1,99
2024-02-01 00:25:00,21,2,93
2024-02-01 00:30:00,15,2,90
2024-02-01 00:35:00,14,1,92
2024-02-01 00:40:00,14,1,88
2024-02-01 00:45:00,16,2,86
2024-02-01 00:50:00,16,2,88
2024-02-01 00:55:00,28,2,93
2024-02-01 01:00:00,15,1,90
2024-02-01 01:05:00,15,2,93
2024-02-01 01:10:00,16,2,94
2024-02-01 01:15:00,15,1,94
2024-02-01 01:20:00,24,2,87
2024-02-01 01:25:00,14,1,86
2024-02-01 01:30:00,14,2,92
2024-02-01 01:35:00,15,2,89
2024-02-01 01:40:00,19,3,88
2024-02-01 01:45:00,13,2,89
2024-02-01 01:50:00,14,2,98
2024-02-01 01:55:00,23,2,83
2024-02-01 02:00:00,14,2,89
2024-02-01 02:05:00,15,1,102
2024-02-01 02:10:00,10,2,81
2024-02-01 02:15:00,20,2,88
2024-02-01 02:20:00,5,2,88
2024-02-01 02:25:00,15,2,87
2024-02-01 02:30:00,18,2,89
2024-02-01 02:35:00,8,1,87
2024-02-01 02:40:00,11,1,93
2024-02-01 02:45:00,12,2,87
2024-02-01 02:50:00,15,3,83
2024-02-01 02:55:00,14,2,84
2024-02-01 03:00:00,11,2,81
2024-02-01 03:05:00,10,1,89
2024-02-01 03:10:00,22,2,95
2024-02-01 03:15:00,12,2,86
2024-02-01 03:20:00,14,2,88
2024-02-01 03:25:00,14,2,87
2024-02-01 03:30:00,22,3,80
2024-02-01 03:35:00,23,3,88
2024-02-01 03:40:00,16,2,87
2024-02-01 03:45:00,17,2,84
2024-02-01 03:50:00,21,2,88
2024-02-01 03:55:00,30,2,88
2024-02-01 04:00:00,34,3,85
2024-02-01 04:05:00,20,3,84
2024-02-01 04:10:00,28,2,85
2024-02-01 04:15:00,25,2,86
2024-02-01 04:20:00,35,3,88
2024-02-01 04:25:00,24,2,84
2024-02-01 04:30:00,21,2,89
2024-02-01 04:35:00,26,3,85
2024-02-01 04:40:00,36,2,91
2024-02-01 04:45:00,35,3,88
2024-02-01 04:50:00,29,3,87
2024-02-01 04:55:00,32,3,87
2024-02-01 05:00:00,28,2,84
2024-02-01 05:05:00,29,2,83
2024-02-01 05:10:00,31,3,86
2024-02-01 05:15:00,31,2,88
2024-02-01 05:20:00,33,3,86
2024-02-01 05:25:00,43,4,86
2024-02-01 05:30:00,42,3,92
2024-02-01 05:35:00,44,3,86
2024-02-01 05:40:00,38,3,89
2024-02-01 05:45:00,49,3,90
2024-02-01 05:50:00,34,2,91
2024-02-01 05:55:00,52,3,91
2024-02-01 06:00:00,62,3,96
2024-02-01 06:05:00,39,2,92
2024-02-01 06:10:00,63,3,92
2024-02-01 06:15:00,56,3,88
2024-02-01 06:20:00,63,3,93
2024-02-01 06:25:00,59,3,90
2024-02-01 06:30:00,62,3,90
2024-02-01 06:35:00,63,3,95
2024-02-01 06:40:00,61,3,93
2024-02-01 06:45:00,66,4,94
2024-02-01 06:50:00,71,3,91
2024-02-01 06:55:00,78,3,90
2024-02-01 07:00:00,66,4,91
2024-02-01 07:05:00,68,3,92
2024-02-01 07:10:00,77,3,93
2024-02-01 07:15:00,82,4,99
2024-02-01 07:20:00,51,3,91
2024-02-01 07:25:00,54,2,95
2024-02-01 07:30:00,62,2,94
2024-02-01 07:35:00,60,3,91
2024-02-01 07:40:00,61,3,94
2024-02-01 07:45:00,59,3,92
2024-02-01 07:50:00,62,2,98
2024-02-01 07:55:00,103,4,98
2024-02-01 08:00:00,80,3,101
2024-02-01 08:05:00,59,2,100
2024-02-01 08:10:00,78,3,99
2024-02-01 08:15:00,65,2,101
2024-02-01 08:20:00,73,3,97
2024-02-01 08:25:00,66,3,98
2024-02-01 08:30:00,76,2,104
2024-02-01 08:35:00,64,2,101
2024-02-01 08:40:00,82,3,99
2024-02-01 08:45:00,89,3,98
2024-02-01 08:50:00,67,3,99
2024-02-01 08:55:00,70,2,101
2024-02-01 09:00:00,86,3,102
2024-02-01 09:05:00,80,3,95
2024-02-01 09:10:00,98,3,99
2024-02-01 09:15:00,79,3,99
2024-02-01 09:20:00,96,3,103
2024-02-01 09:25:00,113,4,102
2024-02-01 09:30:00,103,4,95
2024-02-01 09:35:00,103,3,101
2024-02-01 09:40:00,87,3,100
2024-02-01 09:45:00,109,4,97
2024-02-01 09:50:00,106,4,99
2024-02-01 09:55:00,115,4,98
2024-02-01 10:00:00,118,4,100
2024-02-01 10:05:00,93,3,98
2024-02-01 10:10:00,101,3,101
2024-02-01 10:15:00,102,3,99
2024-02-01 10:20:00,113,4,99
2024-02-01 10:25:00,111,4,100
2024-02-01 10:30:00,116,4,99
2024-02-01 10:35:00,114,3,103
2024-02-01 10:40:00,114,4,101
2024-02-01 10:45:00,126,4,98
2024-02-01 10:50:00,118,4,102
2024-02-01 10:55:00,127,4,100
2024-02-01 11:00:00,115,4,104
2024-02-01 11:05:00,117,4,100
2024-02-01 11:10:00,120,4,100
2024-02-01 11:15:00,135,5,101
2024-02-01 11:20:00,150,5,103
2024-02-01 11:25:00,113,4,100
2024-02-01 11:30:00,152,5,99
2024-02-01 11:35:00,137,4,102
2024-02-01 11:40:00,133,4,99
2024-02-01 11:45:00,138,5,102
2024-02-01 11:50:00,133,4,98
2024-02-01 11:55:00,137,4,101
2024-02-01 12:00:00,134,5,98
2024-02-01 12:05:00,126,4,100
2024-02-01 12:10:00,159,6,98
2024-02-01 12:15:00,130,4,100
2024-02-01 12:20:00,143,5,102
2024-02-01 12:25:00,119,4,99
2024-02-01 12:30:00,118,4,101
2024-02-01 12:35:00,141,5,98
2024-02-01 12:40:00,117,4,99
2024-02-01 12:45:00,130,5,100
2024-02-01 12:50:00,110,4,97
2024-02-01 12:55:00,124,4,97
2024-02-01 13:00:00,118,4,99
2024-02-01 13:05:00,122,4,100
2024-02-01 13:10:00,130,5,99
2024-02-01 13:15:00,126,4,99
2024-02-01 13:20:00,137,5,97
2024-02-01 13:25:00,124,4,101
2024-02-01 13:30:00,122,4,101
2024-02-01 13:35:00,131,4,99
2024-02-01 13:40:00,142,5,98
2024-02-01 13:45:00,129,5,98
2024-02-01 13:50:00,117,4,100
2024-02-01 13:55:00,159,5,101
2024-02-01 14:00:00,120,4,102
2024-02-01 14:05:00,141,5,100
2024-02-01 14:10:00,162,6,99
2024-02-01 14:15:00,128,5,99
2024-02-01 14:20:00,123,4,102
2024-02-01 14:25:00,134,5,103
2024-02-01 14:30:00,127,4,100
2024-02-01 14:35:00,118,4,101
2024-02-01 14:40:00,125,4,102
2024-02-01 14:45:00,122,4,99
2024-02-01 14:50:00,113,4,101
2024-02-01 14:55:00,124,4,102
2024-02-01 15:00:00,123,4,103
2024-02-01 15:05:00,141,4,99
2024-02-01 15:10:00,157,5,101
2024-02-01 15:15:00,124,4,100
2024-02-01 15:20:00,126,4,102
2024-02-01 15:25:00,121,4,98
2024-02-01 15:30:00,129,4,100
2024-02-01 15:35:00,120,4,102
2024-02-01 15:40:00,128,4,100
2024-02-01 15:45:00,97,3,104
2024-02-01 15:50:00,101,3,102
2024-02-01 15:55:00,127,4,102
2024-02-01 16:00:00,113,4,100
2024-02-01 16:05:00,114,3,103
2024-02-01 16:10:00,148,5,100
2024-02-01 16:15:00,129,4,102
2024-02-01 16:20:00,110,3,100
2024-02-01 16:25:00,109,3,100
2024-02-01 16:30:00,131,4,99
2024-02-01 16:35:00,112,3,98
2024-02-01 16:40:00,117,3,102
2024-02-01 16:45:00,111,4,94
2024-02-01 16:50:00,158,5,98
2024-02-01 16:55:00,106,3,100
2024-02-01 17:00:00,121,4,100
2024-02-01 17:05:00,117,4,98
2024-02-01 17:10:00,140,4,99
2024-02-01 17:15:00,125,5,98
2024-02-01 17:20:00,90,3,96
2024-02-01 17:25:00,119,4,102
2024-02-01 17:30:00,86,3,94
2024-02-01 17:35:00,96,3,99
2024-02-01 17:40:00,77,2,100
2024-02-01 17:45:00,94,3,98
2024-02-01 17:50:00,86,3,96
2024-02-01 17:55:00,110,4,93
2024-02-01 18:00:00,90,3,95
2024-02-01 18:05:00,102,4,92
2024-02-01 18:10:00,93,3,95
2024-02-01 18:15:00,113,4,95
2024-02-01 18:20:00,82,3,93
2024-02-01 18:25:00,112,4,97
2024-02-01 18:30:00,97,3,94
2024-02-01 18:35:00,82,3,91
2024-02-01 18:40:00,94,3,100
2024-02-01 18:45:00,75,2,94
2024-02-01 18:50:00,76,3,90
2024-02-01 18:55:00,66,2,94
2024-02-01 19:00:00,59,2,97
2024-02-01 19:05:00,91,3,97
2024-02-01 19:10:00,69,3,92
2024-02-01 19:15:00,56,2,94
2024-02-01 19:20:00,57,2,94
2024-02-01 19:25:00,55,2,92
2024-02-01 19:30:00,61,2,90
2024-02-01 19:35:00,90,3,91
2024-02-01 19:40:00,52,2,97
2024-02-01 19:45:00,73,3,94
2024-02-01 19:50:00,54,2,95
2024-02-01 19:55:00,60,2,95
2024-02-01 20:00:00,50,2,92
2024-02-01 20:05:00,53,2,95
2024-02-01 20:10:00,51,2,96
2024-02-01 20:15:00,61,2,94
2024-02-01 20:20:00,62,3,90
2024-02-01 20:25:00,43,1,98
2024-02-01 20:30:00,50,3,88
2024-02-01 20:35:00,51,2,96
2024-02-01 20:40:00,44,2,95
2024-02-01 20:45:00,44,2,92
2024-02-01 20:50:00,58,2,93
2024-02-01 20:55:00,47,2,93
2024-02-01 21:00:00,50,2,98
2024-02-01 21:05:00,52,2,91
2024-02-01 21:10:00,48,2,97
2024-02-01 21:15:00,39,1,99
2024-02-01 21:20:00,50,2,94
2024-02-01 21:25:00,49,2,91
2024-02-01 21:30:00,59,2,95
2024-02-01 21:35:00,37,2,94
2024-02-01 21:40:00,51,2,94
2024-02-01 21:45:00,43,2,90
2024-02-01 21:50:00,44,2,95
2024-02-01 21:55:00,47,2,94
2024-02-01 22:00:00,49,3,91
2024-02-01 22:05:00,56,3,85
2024-02-01 22:10:00,47,2,90
2024-02-01 22:15:00,59,2,92
2024-02-01 22:20:00,40,2,90
2024-02-01 22:25:00,34,4,87
2024-02-01 22:30:00,38,2,92
2024-02-01 22:35:00,39,2,88
2024-02-01 22:40:00,42,2,92
2024-02-01 22:45:00,43,2,96
2024-02-01 22:50:00,47,2,95
2024-02-01 22:55:00,31,2,93
2024-02-01 23:00:00,35,2,95
2024-02-01 23:05:00,28,2,91
2024-02-01 23:10:00,39,2,91
2024-02-01 23:15:00,36,2,88
2024-02-01 23:20:00,34,1,93
2024-02-01 23:25:00,36,2,87
2024-02-01 23:30:00,36,2,94
2024-02-01 23:35:00,28,2,87
2024-02-01 23:40:00,27,2,91
2024-02-01 23:45:00,23,2,93
2024-02-01 23:50:00,31,3,83
2024-02-01 23:55:00,22,2,86
2024-02-02 00:00:00,26,2,84
2024-02-02 00:05:00,16,2,85
2024-02-02 00:10:00,30,2,88
2024-02-02 00:15:00,23,2,89
2024-02-02 00:20:00,21,1,93
2024-02-02 00:25:00,23,2,85
2024-02-02 00:30:00,25,2,100
2024-02-02 00:35:00,21,2,87
2024-02-02 00:40:00,32,2,91
2024-02-02 00:45:00,23,2,86
2024-02-02 00:50:00,21,1,95
2024-02-02 00:55:00,17,2,87
2024-02-02 01:00:00,20,2,88
2024-02-02 01:05:00,17,2,90
2024-02-02 01:10:00,18,2,87
2024-02-02 01:15:00,22,2,84
2024-02-02 01:20:00,14,1,86
2024-02-02 01:25:00,25,1,96
2024-02-02 01:30:00,19,2,89
2024-02-02 01:35:00,13,1,90
2024-02-02 01:40:00,12,2,83
2024-02-02 01:45:00,16,1,92
2024-02-02 01:50:00,15,1,93
2024-02-02 01:55:00,12,1,100
2024-02-02 02:00:00,25,2,89
2024-02-02 02:05:00,12,2,76
2024-02-02 02:10:00,20,2,87
2024-02-02 02:15:00,19,2,83
2024-02-02 02:20:00,19,2,87
2024-02-02 02:25:00,13,1,87
2024-02-02 02:30:00,15,2,88
2024-02-02 02:35:00,17,2,88
2024-02-02 02:40:00,13,2,81
2024-02-02 02:45:00,13,2,84
2024-02-02 02:50:00,18,2,88
2024-02-02 02:55:00,14,1,94
2024-02-02 03:00:00,21,2,86
2024-02-02 03:05:00,12,2,78
2024-02-02 03:10:00,26,2,84
2024-02-02 03:15:00,18,2,84
2024-02-02 03:20:00,18,2,82
2024-02-02 03:25:00,20,2,87
2024-02-02 03:30:00,22,2,84
2024-02-02 03:35:00,9,2,86
2024-02-02 03:40:00,19,2,88
2024-02-02 03:45:00,25,3,86
2024-02-02 03:50:00,19,2,84
2024-02-02 03:55:00,18,2,80
2024-02-02 04:00:00,26,2,85
2024-02-02 04:05:00,27,3,85
2024-02-02 04:10:00,21,2,87
2024-02-02 04:15:00,23,2,88
2024-02-02 04:20:00,29,3,85
2024-02-02 04:25:00,16,2,88
2024-02-02 04:30:00,29,3,81
2024-02-02 04:35:00,26,3,84
2024-02-02 04:40:00,27,3,86
2024-02-02 04:45:00,28,3,82
2024-02-02 04:50:00,31,3,82
2024-02-02 04:55:00,32,2,85
2024-02-02 05:00:00,31,3,82
2024-02-02 05:05:00,25,1,92
2024-02-02 05:10:00,38,3,84
2024-02-02 05:15:00,48,4,84
2024-02-02 05:20:00,33,2,85
2024-02-02 05:25:00,32,2,88
2024-02-02 05:30:00,45,3,90
2024-02-02 05:35:00,37,3,88
2024-02-02 05:40:00,43,3,88
2024-02-02 05:45:00,52,3,91
2024-02-02 05:50:00,66,3,92
2024-02-02 05:55:00,60,4,88
2024-02-02 06:00:00,60,4,92
2024-02-02 06:05:00,69,4,87
2024-02-02 06:10:00,52,3,87
2024-02-02 06:15:00,59,4,87
2024-02-02 06:20:00,43,2,92
2024-02-02 06:25:00,83,5,88
2024-02-02 06:30:00,58,3,90
2024-02-02 06:35:00,76,4,90
2024-02-02 06:40:00,83,4,89
2024-02-02 06:45:00,84,4,91
2024-02-02 06:50:00,77,3,92
2024-02-02 06:55:00,71,3,96
2024-02-02 07:00:00,64,4,91
2024-02-02 07:05:00,80,4,92
2024-02-02 07:10:00,67,3,91
2024-02-02 07:15:00,82,4,92
2024-02-02 07:20:00,78,4,93
2024-02-02 07:25:00,63,3,90
2024-02-02 07:30:00,66,3,91
2024-02-02 07:35:00,55,3,95
2024-02-02 07:40:00,75,3,96
2024-02-02 07:45:00,49,2,94
2024-02-02 07:50:00,69,3,96
2024-02-02 07:55:00,76,2,99
2024-02-02 08:00:00,80,3,101
2024-02-02 08:05:00,66,2,99
2024-02-02 08:10:00,58,3,95
2024-02-02 08:15:00,73,3,97
2024-02-02 08:20:00,71,3,99
2024-02-02 08:25:00,100,3,101
2024-02-02 08:30:00,78,3,97
2024-02-02 08:35:00,71,3,104
2024-02-02 08:40:00,77,3,97
2024-02-02 08:45:00,63,3,95
2024-02-02 08:50:00,67,2,102
2024-02-02 08:55:00,96,3,104
2024-02-02 09:00:00,81,3,103
2024-02-02 09:05:00,72,2,100
2024-02-02 09:10:00,84,3,99
2024-02-02 09:15:00,101,3,100
2024-02-02 09:20:00,104,4,100
2024-02-02 09:25:00,93,3,94
2024-02-02 09:30:00,85,3,99
2024-02-02 09:35:00,104,4,97
2024-02-02 09:40:00,99,4,99
2024-02-02 09:45:00,113,4,98
2024-02-02 09:50:00,112,4,102
2024-02-02 09:55:00,98,4,95
2024-02-02 10:00:00,111,4,100
2024-02-02 10:05:00,131,5,97
2024-02-02 10:10:00,109,4,100
2024-02-02 10:15:00,124,4,99
2024-02-02 10:20:00,114,4,100
2024-02-02 10:25:00,111,4,101
2024-02-02 10:30:00,86,3,95
2024-02-02 10:35:00,126,4,100
2024-02-02 10:40:00,117,3,99
2024-02-02 10:45:00,131,4,103
2024-02-02 10:50:00,111,4,103
2024-02-02 10:55:00,111,3,100
2024-02-02 11:00:00,133,4,99
2024-02-02 11:05:00,127,4,99
2024-02-02 11:10:00,115,4,98
2024-02-02 11:15:00,125,4,99
2024-02-02 11:20:00,97,3,97
2024-02-02 11:25:00,143,5,98
2024-02-02 11:30:00,139,5,97
2024-02-02 11:35:00,143,5,100
2024-02-02 11:40:00,143,5,101
2024-02-02 11:45:00,123,4,97
2024-02-02 11:50:00,112,3,101
2024-02-02 11:55:00,133,5,94
2024-02-02 12:00:00,119,4,99
2024-02-02 12:05:00,133,4,97
2024-02-02 12:10:00,103,4,98
2024-02-02 12:15:00,144,5,97
2024-02-02 12:20:00,157,6,97
2024-02-02 12:25:00,131,5,94
2024-02-02 12:30:00,138,5,99
2024-02-02 12:35:00,130,5,99
2024-02-02 12:40:00,140,5,98
2024-02-02 12:45:00,169,6,97
2024-02-02 12:50:00,107,4,99
2024-02-02 12:55:00,128,5,96
2024-02-02 13:00:00,171,6,97
2024-02-02 13:05:00,121,4,100
2024-02-02 13:10:00,147,5,99
2024-02-02 13:15:00,150,5,100
2024-02-02 13:20:00,147,5,99
2024-02-02 13:25:00,108,3,99
2024-02-02 13:30:00,149,5,98
2024-02-02 13:35:00,154,5,99
2024-02-02 13:40:00,152,5,99
2024-02-02 13:45:00,129,5,98
2024-02-02 13:50:00,146,5,99
2024-02-02 13:55:00,130,5,99
2024-02-02 14:00:00,163,5,100
2024-02-02 14:05:00,152,5,98
2024-02-02 14:10:00,146,5,104
2024-02-02 14:15:00,174,6,100
2024-02-02 14:20:00,127,4,102
2024-02-02 14:25:00,163,5,100
2024-02-02 14:30:00,151,5,101
2024-02-02 14:35:00,163,5,101
2024-02-02 14:40:00,164,5,103
2024-02-02 14:45:00,176,5,103
2024-02-02 14:50:00,156,5,103
2024-02-02 14:55:00,157,4,106
2024-02-02 15:00:00,174,5,103
2024-02-02 15:05:00,168,5,102
2024-02-02 15:10:00,173,5,105
2024-02-02 15:15:00,154,5,103
2024-02-02 15:20:00,176,5,107
2024-02-02 15:25:00,166,5,106
2024-02-02 15:30:00,144,4,104
2024-02-02 15:35:00,172,5,104
2024-02-02 15:40:00,142,4,103
2024-02-02 15:45:00,154,4,106
2024-02-02 15:50:00,163,5,102
2024-02-02 15:55:00,149,4,103
2024-02-02 16:00:00,171,5,104
2024-02-02 16:05:00,137,4,107
2024-02-02 16:10:00,179,5,103
2024-02-02 16:15:00,137,4,105
2024-02-02 16:20:00,148,4,106
2024-02-02 16:25:00,165,5,102
2024-02-02 16:30:00,154,5,101
2024-02-02 16:35:00,141,4,105
2024-02-02 16:40:00,181,6,102
2024-02-02 16:45:00,139,4,106
2024-02-02 16:50:00,154,4,107
2024-02-02 16:55:00,147,4,108
2024-02-02 17:00:00,142,4,107
2024-02-02 17:05:00,175,5,105
2024-02-02 17:10:00,159,5,104
2024-02-02 17:15:00,147,4,101
2024-02-02 17:20:00,171,5,105
2024-02-02 17:25:00,171,5,104
2024-02-02 17:30:00,152,4,106
2024-02-02 17:35:00,135,4,106
2024-02-02 17:40:00,144,4,104
2024-02-02 17:45:00,173,5,102
2024-02-02 17:50:00,144,4,102
2024-02-02 17:55:00,138,4,105
2024-02-02 18:00:00,155,5,102
2024-02-02 18:05:00,130,4,102
2024-02-02 18:10:00,181,5,101
2024-02-02 18:15:00,154,5,101
2024-02-02 18:20:00,146,4,103
2024-02-02 18:25:00,128,4,101
2024-02-02 18:30:00,146,4,100
2024-02-02 18:35:00,145,4,101
2024-02-02 18:40:00,138,4,104
2024-02-02 18:45:00,147,4,103
2024-02-02 18:50:00,124,4,100
2024-02-02 18:55:00,114,3,101
2024-02-02 19:00:00,121,3,105
2024-02-02 19:05:00,136,4,104
2024-02-02 19:10:00,137,4,100
2024-02-02 19:15:00,132,4,102
2024-02-02 19:20:00,136,4,103
2024-02-02 19:25:00,126,3,105
2024-02-02 19:30:00,115,3,105
2024-02-02 19:35:00,113,3,104
2024-02-02 19:40:00,106,3,105
2024-02-02 19:45:00,104,3,106
2024-02-02 19:50:00,100,3,102
2024-02-02 19:55:00,120,4,103
2024-02-02 20:00:00,79,2,103
2024-02-02 20:05:00,105,3,105
2024-02-02 20:10:00,107,3,105
2024-02-02 20:15:00,106,3,104
2024-02-02 20:20:00,110,3,101
2024-02-02 20:25:00,99,3,104
2024-02-02 20:30:00,87,2,109
2024-02-02 20:35:00,69,2,101
2024-02-02 20:40:00,91,3,100
2024-02-02 20:45:00,77,2,104
2024-02-02 20:50:00,80,2,101
2024-02-02 20:55:00,76,3,99
2024-02-02 21:00:00,101,3,104
2024-02-02 21:05:00,69,2,101
2024-02-02 21:10:00,59,3,97
2024-02-02 21:15:00,72,2,106
2024-02-02 21:20:00,73,2,99
2024-02-02 21:25:00,63,2,102
2024-02-02 21:30:00,56,2,98
2024-02-02 21:35:00,71,2,103
2024-02-02 21:40:00,80,2,104
2024-02-02 21:45:00,74,2,107
2024-02-02 21:50:00,51,2,101
2024-02-02 21:55:00,69,3,98
2024-02-02 22:00:00,53,2,104
2024-02-02 22:05:00,54,2,102
2024-02-02 22:10:00,62,2,101
2024-02-02 22:15:00,53,1,105
2024-02-02 22:20:00,50,2,98
2024-02-02 22:25:00,45,2,93
2024-02-02 22:30:00,65,2,106
2024-02-02 22:35:00,57,2,109
2024-02-02 22:40:00,46,2,101
2024-02-02 22:45:00,41,1,105
2024-02-02 22:50:00,42,2,96
2024-02-02 22:55:00,29,1,100
2024-02-02 23:00:00,45,2,101
2024-02-02 23:05:00,61,2,101
2024-02-02 23:10:00,41,1,100
2024-02-02 23:15:00,54,2,96
2024-02-02 23:20:00,48,2,96
2024-02-02 23:25:00,42,1,98
2024-02-02 23:30:00,30,1,101
2024-02-02 23:35:00,52,2,99
2024-02-02 23:40:00,44,2,93
2024-02-02 23:45:00,38,2,96
2024-02-02 23:50:00,39,1,101
2024-02-02 23:55:00,42,2,100
2024-02-03 00:00:00,38,2,96
2024-02-03 00:05:00,31,1,99
2024-02-03 00:10:00,21,2,97
2024-02-03 00:15:00,31,1,102
2024-02-03 00:20:00,27,1,102
2024-02-03 00:25:00,33,2,92
2024-02-03 00:30:00,21,1,95
2024-02-03 00:35:00,20,1,89
2024-02-03 00:40:00,20,1,97
2024-02-03 00:45:00,18,1,94
2024-02-03 00:50:00,26,1,97
2024-02-03 00:55:00,19,1,95
2024-02-03 01:00:00,20,1,95
2024-02-03 01:05:00,20,2,89
2024-02-03 01:10:00,17,1,101
2024-02-03 01:15:00,20,1,98
2024-02-03 01:20:00,26,1,99
2024-02-03 01:25:00,22,2,94
2024-02-03 01:30:00,15,1,93
2024-02-03 01:35:00,25,1,90
2024-02-03 01:40:00,16,2,86
2024-02-03 01:45:00,24,2,86
2024-02-03 01:50:00,22,2,87
2024-02-03 01:55:00,15,1,89
2024-02-03 02:00:00,21,1,92
2024-02-03 02:05:00,9,1,85
2024-02-03 02:10:00,12,1,91
2024-02-03 02:15:00,15,2,84
2024-02-03 02:20:00,23,3,83
2024-02-03 02:25:00,18,1,90
2024-02-03 02:30:00,16,1,92
2024-02-03 02:35:00,18,2,86
2024-02-03 02:40:00,18,1,91
2024-02-03 02:45:00,22,2,91
2024-02-03 02:50:00,16,2,87
2024-02-03 02:55:00,11,2,86
2024-02-03 03:00:00,13,2,85
2024-02-03 03:05:00,19,1,91
2024-02-03 03:10:00,31,2,91
2024-02-03 03:15:00,26,2,89
2024-02-03 03:20:00,17,2,87
2024-02-03 03:25:00,18,3,85
2024-02-03 03:30:00,11,1,94
2024-02-03 03:35:00,23,2,86
2024-02-03 03:40:00,16,2,84
2024-02-03 03:45:00,14,2,85
2024-02-03 03:50:00,19,2,87
2024-02-03 03:55:00,15,2,94
2024-02-03 04:00:00,15,1,91
2024-02-03 04:05:00,18,2,94
2024-02-03 04:10:00,25,3,85
2024-02-03 04:15:00,27,2,87
2024-02-03 04:20:00,30,2,83
2024-02-03 04:25:00,22,2,87
2024-02-03 04:30:00,19,2,82
2024-02-03 04:35:00,21,1,90
2024-02-03 04:40:00,21,2,86
2024-02-03 04:45:00,18,1,95
2024-02-03 04:50:00,19,2,90
2024-02-03 04:55:00,19,3,82
2024-02-03 05:00:00,27,2,87
2024-02-03 05:05:00,26,2,84
2024-02-03 05:10:00,31,3,85
2024-02-03 05:15:00,31,3,85
2024-02-03 05:20:00,33,3,86
2024-02-03 05:25:00,39,3,87
2024-02-03 05:30:00,26,1,90
2024-02-03 05:35:00,33,3,84
2024-02-03 05:40:00,34,2,94
2024-02-03 05:45:00,25,1,88
2024-02-03 05:50:00,38,2,85
2024-02-03 05:55:00,38,2,95
2024-02-03 06:00:00,37,2,90
2024-02-03 06:05:00,38,2,92
2024-02-03 06:10:00,37,3,95
2024-02-03 06:15:00,43,2,86
2024-02-03 06:20:00,41,3,89
2024-02-03 06:25:00,49,2,90
2024-02-03 06:30:00,47,2,94
2024-02-03 06:35:00,51,2,95
2024-02-03 06:40:00,48,2,97
2024-02-03 06:45:00,62,2,96
2024-02-03 06:50:00,62,3,90
2024-02-03 06:55:00,39,2,95
2024-02-03 07:00:00,49,2,101
2024-02-03 07:05:00,58,2,97
2024-02-03 07:10:00,45,2,93
2024-02-03 07:15:00,41,2,96
2024-02-03 07:20:00,54,2,102
2024-02-03 07:25:00,57,2,100
2024-02-03 07:30:00,50,2,97
2024-02-03 07:35:00,51,3,93
2024-02-03 07:40:00,52,2,100
2024-02-03 07:45:00,44,1,100
2024-02-03 07:50:00,68,3,96
2024-02-03 07:55:00,49,2,105
2024-02-03 08:00:00,58,2,102
2024-02-03 08:05:00,43,1,100
2024-02-03 08:10:00,71,3,103
2024-02-03 08:15:00,60,2,101
2024-02-03 08:20:00,66,2,99
2024-02-03 08:25:00,54,2,102
2024-02-03 08:30:00,74,3,101
2024-02-03 08:35:00,60,2,102
2024-02-03 08:40:00,62,2,101
2024-02-03 08:45:00,83,3,104
2024-02-03 08:50:00,54,2,102
2024-02-03 08:55:00,69,2,106
2024-02-03 09:00:00,78,2,102
2024-02-03 09:05:00,76,2,107
2024-02-03 09:10:00,88,2,104
2024-02-03 09:15:00,79,2,104
2024-02-03 09:20:00,90,3,104
2024-02-03 09:25:00,100,3,103
2024-02-03 09:30:00,101,3,108
2024-02-03 09:35:00,104,3,101
2024-02-03 09:40:00,100,3,103
2024-02-03 09:45:00,91,3,105
2024-02-03 09:50:00,111,3,106
2024-02-03 09:55:00,116,3,104
2024-02-03 10:00:00,121,3,104
2024-02-03 10:05:00,144,4,103
2024-02-03 10:10:00,120,3,106
2024-02-03 10:15:00,123,3,105
2024-02-03 10:20:00,109,3,106
2024-02-03 10:25:00,119,3,106
2024-02-03 10:30:00,138,4,102
2024-02-03 10:35:00,122,3,102
2024-02-03 10:40:00,148,5,100
2024-02-03 10:45:00,162,4,98
2024-02-03 10:50:00,149,4,103
2024-02-03 10:55:00,139,4,104
2024-02-03 11:00:00,164,5,100
2024-02-03 11:05:00,123,3,106
2024-02-03 11:10:00,168,5,105
2024-02-03 11:15:00,139,4,106
2024-02-03 11:20:00,159,5,101
2024-02-03 11:25:00,176,5,97
2024-02-03 11:30:00,138,4,100
2024-02-03 11:35:00,178,5,103
2024-02-03 11:40:00,186,5,103
2024-02-03 11:45:00,154,4,102
2024-02-03 11:50:00,172,4,105
2024-02-03 11:55:00,168,4,104
2024-02-03 12:00:00,156,4,106
2024-02-03 12:05:00,168,4,103
2024-02-03 12:10:00,157,4,106
2024-02-03 12:15:00,154,4,104
2024-02-03 12:20:00,187,5,105
2024-02-03 12:25:00,164,5,105
2024-02-03 12:30:00,160,4,108
2024-02-03 12:35:00,150,4,104
2024-02-03 12:40:00,136,4,102
2024-02-03 12:45:00,167,5,104
2024-02-03 12:50:00,151,4,108
2024-02-03 12:55:00,130,3,109
2024-02-03 13:00:00,141,4,106
2024-02-03 13:05:00,156,4,107
2024-02-03 13:10:00,148,4,106
2024-02-03 13:15:00,149,4,107
2024-02-03 13:20:00,152,4,107
2024-02-03 13:25:00,167,4,107
2024-02-03 13:30:00,136,4,105
2024-02-03 13:35:00,152,4,108
2024-02-03 13:40:00,172,5,107
2024-02-03 13:45:00,169,5,105
2024-02-03 13:50:00,162,4,104
2024-02-03 13:55:00,175,5,105
2024-02-03 14:00:00,166,4,105
2024-02-03 14:05:00,180,5,106
2024-02-03 14:10:00,163,4,105
2024-02-03 14:15:00,155,4,105
2024-02-03 14:20:00,153,4,105
2024-02-03 14:25:00,158,4,105
2024-02-03 14:30:00,183,5,105
2024-02-03 14:35:00,156,4,106
2024-02-03 14:40:00,149,4,105
2024-02-03 14:45:00,174,5,105
2024-02-03 14:50:00,176,5,105
2024-02-03 14:55:00,154,4,108
2024-02-03 15:00:00,157,4,106
2024-02-03 15:05:00,182,5,105
2024-02-03 15:10:00,163,4,106
2024-02-03 15:15:00,128,3,105
2024-02-03 15:20:00,176,4,107
2024-02-03 15:25:00,152,4,103
2024-02-03 15:30:00,173,4,105
2024-02-03 15:35:00,164,5,103
2024-02-03 15:40:00,142,3,104
2024-02-03 15:45:00,157,4,107
2024-02-03 15:50:00,159,4,106
2024-02-03 15:55:00,158,4,109
2024-02-03 16:00:00,163,4,107
2024-02-03 16:05:00,159,4,106
2024-02-03 16:10:00,189,5,105
2024-02-03 16:15:00,165,4,103
2024-02-03 16:20:00,154,4,106
2024-02-03 16:25:00,157,4,109
2024-02-03 16:30:00,183,5,104
2024-02-03 16:35:00,177,5,105
2024-02-03 16:40:00,138,3,109
2024-02-03 16:45:00,152,4,105
2024-02-03 16:50:00,174,4,104
2024-02-03 16:55:00,158,4,104
2024-02-03 17:00:00,147,4,105
2024-02-03 17:05:00,137,3,106
2024-02-03 17:10:00,137,3,105
2024-02-03 17:15:00,154,4,106
2024-02-03 17:20:00,116,3,105
2024-02-03 17:25:00,146,4,106
2024-02-03 17:30:00,119,3,105
2024-02-03 17:35:00,152,4,106
2024-02-03 17:40:00,113,3,107
2024-02-03 17:45:00,104,3,104
2024-02-03 17:50:00,109,3,101
2024-02-03 17:55:00,130,3,105
2024-02-03 18:00:00,107,3,103
2024-02-03 18:05:00,90,2,102
2024-02-03 18:10:00,100,2,104
2024-02-03 18:15:00,97,3,97
2024-02-03 18:20:00,100,2,104
2024-02-03 18:25:00,103,3,101
2024-02-03 18:30:00,103,3,102
2024-02-03 18:35:00,96,3,101
2024-02-03 18:40:00,90,2,101
2024-02-03 18:45:00,100,3,96
2024-02-03 18:50:00,83,2,100
2024-02-03 18:55:00,101,3,98
2024-02-03 19:00:00,72,2,99
2024-02-03 19:05:00,83,2,103
2024-02-03 19:10:00,84,3,100
2024-02-03 19:15:00,81,2,100
2024-02-03 19:20:00,88,3,100
2024-02-03 19:25:00,73,2,105
2024-02-03 19:30:00,66,2,100
2024-02-03 19:35:00,62,2,104
2024-02-03 19:40:00,68,2,99
2024-02-03 19:45:00,74,2,100
2024-02-03 19:50:00,82,2,102
2024-02-03 19:55:00,62,2,100
2024-02-03 20:00:00,54,1,98
2024-02-03 20:05:00,80,2,92
2024-02-03 20:10:00,57,2,96
2024-02-03 20:15:00,60,2,99
2024-02-03 20:20:00,66,2,101
2024-02-03 20:25:00,56,2,99
2024-02-03 20:30:00,50,2,97
2024-02-03 20:35:00,40,2,94
2024-02-03 20:40:00,58,1,101
2024-02-03 20:45:00,59,2,101
2024-02-03 20:50:00,39,1,104
2024-02-03 20:55:00,44,1,100
2024-02-03 21:00:00,46,1,101
2024-02-03 21:05:00,69,2,100
2024-02-03 21:10:00,47,1,98
2024-02-03 21:15:00,42,1,98
2024-02-03 21:20:00,49,2,99
2024-02-03 21:25:00,46,1,96
2024-02-03 21:30:00,45,1,98
2024-02-03 21:35:00,34,1,99
2024-02-03 21:40:00,42,2,98
2024-02-03 21:45:00,38,1,101
2024-02-03 21:50:00,49,2,99
2024-02-03 21:55:00,38,1,100
2024-02-03 22:00:00,38,1,99
2024-02-03 22:05:00,44,2,96
2024-02-03 22:10:00,38,1,98
2024-02-03 22:15:00,33,1,101
2024-02-03 22:20:00,35,1,93
2024-02-03 22:25:00,36,1,102
2024-02-03 22:30:00,24,1,100
2024-02-03 22:35:00,33,1,99
2024-02-03 22:40:00,35,1,106
2024-02-03 22:45:00,28,1,101
2024-02-03 22:50:00,24,1,106
2024-02-03 22:55:00,40,1,102
2024-02-03 23:00:00,26,1,111
2024-02-03 23:05:00,29,1,101
2024-02-03 23:10:00,35,1,100
2024-02-03 23:15:00,29,1,109
2024-02-03 23:20:00,22,1,101
2024-02-03 23:25:00,27,1,105
2024-02-03 23:30:00,18,1,99
2024-02-03 23:35:00,23,1,104
2024-02-03 23:40:00,21,1,102
2024-02-03 23:45:00,18,1,97
2024-02-03 23:50:00,23,1,104
2024-02-03 23:55:00,16,1,107
2024-02-04 00:00:00,22,1,100
2024-02-04 00:05:00,21,1,97
2024-02-04 00:10:00,5,0,98
2024-02-04 00:15:00,15,1,108
2024-02-04 00:20:00,15,1,102
2024-02-04 00:25:00,11,1,102
2024-02-04 00:30:00,10,1,109
2024-02-04 00:35:00,8,1,103
2024-02-04 00:40:00,11,1,102
2024-02-04 00:45:00,18,1,94
2024-02-04 00:50:00,20,1,99
2024-02-04 00:55:00,12,1,93
2024-02-04 01:00:00,9,1,95
2024-02-04 01:05:00,9,1,96
2024-02-04 01:10:00,9,1,93
2024-02-04 01:15:00,13,1,102
2024-02-04 01:20:00,9,1,91
2024-02-04 01:25:00,16,1,99
2024-02-04 01:30:00,10,1,106
2024-02-04 01:35:00,8,1,95
2024-02-04 01:40:00,7,0,100
2024-02-04 01:45:00,8,1,115
2024-02-04 01:50:00,12,0,99
2024-02-04 01:55:00,5,0,102
2024-02-04 02:00:00,8,2,89
2024-02-04 02:05:00,4,0,99
2024-02-04 02:10:00,10,1,101
2024-02-04 02:15:00,8,1,89
2024-02-04 02:20:00,7,1,89
2024-02-04 02:25:00,9,1,88
2024-02-04 02:30:00,10,1,104
2024-02-04 02:35:00,8,2,87
2024-02-04 02:40:00,11,1,96
2024-02-04 02:45:00,5,0,89
2024-02-04 02:50:00,7,1,101
2024-02-04 02:55:00,7,1,102
2024-02-04 03:00:00,7,1,107
2024-02-04 03:05:00,11,1,102
2024-02-04 03:10:00,6,0,109
2024-02-04 03:15:00,8,2,91
2024-02-04 03:20:00,9,0,95
2024-02-04 03:25:00,3,0,117
2024-02-04 03:30:00,7,1,94
2024-02-04 03:35:00,10,1,91
2024-02-04 03:40:00,7,1,95
2024-02-04 03:45:00,6,0,102
2024-02-04 03:50:00,8,1,91
2024-02-04 03:55:00,5,1,104
2024-02-04 04:00:00,8,1,92
2024-02-04 04:05:00,4,1,81
2024-02-04 04:10:00,7,1,103
2024-02-04 04:15:00,10,1,94
2024-02-04 04:20:00,7,1,89
2024-02-04 04:25:00,10,1,94
2024-02-04 04:30:00,6,1,101
2024-02-04 04:35:00,6,1,100
2024-02-04 04:40:00,8,1,97
2024-02-04 04:45:00,6,1,96
2024-02-04 04:50:00,4,0,108
2024-02-04 04:55:00,10,1,100
2024-02-04 05:00:00,3,1,84
2024-02-04 05:05:00,8,1,108
2024-02-04 05:10:00,11,1,92
2024-02-04 05:15:00,9,1,95
2024-02-04 05:20:00,6,1,96
2024-02-04 05:25:00,7,1,86
2024-02-04 05:30:00,14,1,101
2024-02-04 05:35:00,7,1,105
2024-02-04 05:40:00,11,1,90
2024-02-04 05:45:00,10,1,108
2024-02-04 05:50:00,16,1,95
2024-02-04 05:55:00,14,1,99
2024-02-04 06:00:00,14,1,106
2024-02-04 06:05:00,19,1,101
2024-02-04 06:10:00,19,1,106
2024-02-04 06:15:00,22,1,104
2024-02-04 06:20:00,20,1,96
2024-02-04 06:25:00,22,2,93
2024-02-04 06:30:00,19,1,99
2024-02-04 06:35:00,22,1,97
2024-02-04 06:40:00,28,1,99
2024-02-04 06:45:00,25,1,96
2024-02-04 06:50:00,30,1,95
2024-02-04 06:55:00,35,1,103
2024-02-04 07:00:00,20,1,96
2024-02-04 07:05:00,30,1,104
2024-02-04 07:10:00,21,1,101
2024-02-04 07:15:00,18,1,107
2024-02-04 07:20:00,17,1,93
2024-02-04 07:25:00,19,1,101
2024-02-04 07:30:00,22,1,103
2024-02-04 07:35:00,26,1,108
2024-02-04 07:40:00,25,1,105
2024-02-04 07:45:00,29,1,99
2024-02-04 07:50:00,33,1,104
2024-02-04 07:55:00,25,1,99
2024-02-04 08:00:00,35,1,103
2024-02-04 08:05:00,24,1,104
2024-02-04 08:10:00,33,1,104
2024-02-04 08:15:00,38,1,108
2024-02-04 08:20:00,21,1,95
2024-02-04 08:25:00,32,1,106
2024-02-04 08:30:00,32,1,103
2024-02-04 08:35:00,33,1,102
2024-02-04 08:40:00,32,2,103
2024-02-04 08:45:00,29,1,108
2024-02-04 08:50:00,33,1,105
2024-02-04 08:55:00,29,1,103
2024-02-04 09:00:00,46,2,96
2024-02-04 09:05:00,48,1,107
2024-02-04 09:10:00,39,1,106
2024-02-04 09:15:00,64,1,112
2024-02-04 09:20:00,57,2,105
2024-02-04 09:25:00,46,1,115
2024-02-04 09:30:00,59,2,105
2024-02-04 09:35:00,57,2,103
2024-02-04 09:40:00,43,1,106
2024-02-04 09:45:00,59,1,111
2024-02-04 09:50:00,78,2,105
2024-02-04 09:55:00,59,1,108
2024-02-04 10:00:00,58,2,107
2024-02-04 10:05:00,71,2,106
2024-02-04 10:10:00,72,2,104
2024-02-04 10:15:00,92,2,102
2024-02-04 10:20:00,81,2,105
2024-02-04 10:25:00,97,3,102
2024-02-04 10:30:00,88,2,107
2024-02-04 10:35:00,110,3,106
2024-02-04 10:40:00,87,2,106
2024-02-04 10:45:00,102,2,106
2024-02-04 10:50:00,86,2,105
2024-02-04 10:55:00,108,3,106
2024-02-04 11:00:00,100,3,104
2024-02-04 11:05:00,100,2,108
2024-02-04 11:10:00,111,3,107
2024-02-04 11:15:00,113,3,104
2024-02-04 11:20:00,117,3,104
2024-02-04 11:25:00,112,3,108
2024-02-04 11:30:00,105,3,105
2024-02-04 11:35:00,113,3,108
2024-02-04 11:40:00,108,2,109
2024-02-04 11:45:00,117,3,105
2024-02-04 11:50:00,110,3,106
2024-02-04 11:55:00,135,3,104
2024-02-04 12:00:00,127,3,104
2024-02-04 12:05:00,142,4,105
2024-02-04 12:10:00,137,4,103
2024-02-04 12:15:00,119,3,106
2024-02-04 12:20:00,89,2,111
2024-02-04 12:25:00,120,3,101
2024-02-04 12:30:00,121,3,101
2024-02-04 12:35:00,113,3,107
2024-02-04 12:40:00,125,3,106
2024-02-04 12:45:00,117,3,109
2024-02-04 12:50:00,117,3,106
2024-02-04 12:55:00,124,3,108
2024-02-04 13:00:00,119,3,106
2024-02-04 13:05:00,130,3,107
2024-02-04 13:10:00,127,3,106
2024-02-04 13:15:00,115,3,106
2024-02-04 13:20:00,124,3,106
2024-02-04 13:25:00,103,3,104
2024-02-04 13:30:00,102,2,109
2024-02-04 13:35:00,126,3,109
2024-02-04 13:40:00,138,3,107
2024-02-04 13:45:00,129,3,105
2024-02-04 13:50:00,126,3,107
2024-02-04 13:55:00,115,3,107
2024-02-04 14:00:00,159,4,108
2024-02-04 14:05:00,134,3,104
2024-02-04 14:10:00,143,3,108
2024-02-04 14:15:00,162,4,108
2024-02-04 14:20:00,160,4,104
2024-02-04 14:25:00,146,4,105
2024-02-04 14:30:00,154,4,106
2024-02-04 14:35:00,143,3,107
2024-02-04 14:40:00,148,4,106
2024-02-04 14:45:00,169,4,105
2024-02-04 14:50:00,167,4,107
2024-02-04 14:55:00,151,4,103
2024-02-04 15:00:00,129,3,111
2024-02-04 15:05:00,155,4,109
2024-02-04 15:10:00,147,3,107
2024-02-04 15:15:00,143,4,103
2024-02-04 15:20:00,140,3,106
2024-02-04 15:25:00,159,4,104
2024-02-04 15:30:00,154,4,106
2024-02-04 15:35:00,172,4,104
2024-02-04 15:40:00,160,4,106
2024-02-04 15:45:00,160,4,107
2024-02-04 15:50:00,155,4,106
2024-02-04 15:55:00,161,4,107
2024-02-04 16:00:00,142,3,108
2024-02-04 16:05:00,146,3,108
2024-02-04 16:10:00,150,4,106
2024-02-04 16:15:00,155,4,105
2024-02-04 16:20:00,158,4,107
2024-02-04 16:25:00,147,3,108
2024-02-04 16:30:00,172,4,107
2024-02-04 16:35:00,166,4,107
2024-02-04 16:40:00,140,3,109
2024-02-04 16:45:00,146,4,109
2024-02-04 16:50:00,121,3,109
2024-02-04 16:55:00,160,4,108
2024-02-04 17:00:00,126,3,105
2024-02-04 17:05:00,156,4,110
2024-02-04 17:10:00,125,3,104
2024-02-04 17:15:00,144,3,109
2024-02-04 17:20:00,158,4,107
2024-02-04 17:25:00,113,2,108
2024-02-04 17:30:00,124,3,111
2024-02-04 17:35:00,110,3,110
2024-02-04 17:40:00,143,3,106
2024-02-04 17:45:00,146,4,106
2024-02-04 17:50:00,118,3,101
2024-02-04 17:55:00,130,3,105
2024-02-04 18:00:00,117,3,106
2024-02-04 18:05:00,111,3,104
2024-02-04 18:10:00,94,2,106
2024-02-04 18:15:00,117,3,108
2024-02-04 18:20:00,90,2,108
2024-02-04 18:25:00,122,3,107
2024-02-04 18:30:00,101,2,107
2024-02-04 18:35:00,117,3,108
2024-02-04 18:40:00,92,2,107
2024-02-04 18:45:00,110,3,108
2024-02-04 18:50:00,86,2,109
2024-02-04 18:55:00,94,3,103
2024-02-04 19:00:00,105,3,107
2024-02-04 19:05:00,88,2,106
2024-02-04 19:10:00,93,2,105
2024-02-04 19:15:00,89,2,106
2024-02-04 19:20:00,104,2,112
2024-02-04 19:25:00,97,2,108
2024-02-04 19:30:00,78,2,104
2024-02-04 19:35:00,85,2,114
2024-02-04 19:40:00,76,2,106
2024-02-04 19:45:00,98,3,107
2024-02-04 19:50:00,78,2,109
2024-02-04 19:55:00,73,2,109
2024-02-04 20:00:00,95,3,108
2024-02-04 20:05:00,76,2,108
2024-02-04 20:10:00,96,3,105
2024-02-04 20:15:00,72,2,111
2024-02-04 20:20:00,63,2,102
2024-02-04 20:25:00,74,2,107
2024-02-04 20:30:00,91,2,104
2024-02-04 20:35:00,71,2,107
2024-02-04 20:40:00,72,2,108
2024-02-04 20:45:00,87,2,108
2024-02-04 20:50:00,69,2,108
2024-02-04 20:55:00,71,2,105
2024-02-04 21:00:00,79,2,102
2024-02-04 21:05:00,76,2,104
2024-02-04 21:10:00,52,1,104
2024-02-04 21:15:00,59,1,108
2024-02-04 21:20:00,56,1,106
2024-02-04 21:25:00,68,2,103
2024-02-04 21:30:00,39,2,98
2024-02-04 21:35:00,45,1,98
2024-02-04 21:40:00,64,2,106
2024-02-04 21:45:00,62,2,99
2024-02-04 21:50:00,57,2,103
2024-02-04 21:55:00,50,2,104
2024-02-04 22:00:00,55,2,100
2024-02-04 22:05:00,62,2,100
2024-02-04 22:10:00,47,1,98
2024-02-04 22:15:00,53,2,103
2024-02-04 22:20:00,60,2,103
2024-02-04 22:25:00,56,2,99
2024-02-04 22:30:00,52,1,100
2024-02-04 22:35:00,35,2,99
2024-02-04 22:40:00,41,2,95
2024-02-04 22:45:00,38,1,101
2024-02-04 22:50:00,39,1,99
2024-02-04 22:55:00,38,1,100
2024-02-04 23:00:00,34,1,99
2024-02-04 23:05:00,45,1,105
2024-02-04 23:10:00,27,1,105
2024-02-04 23:15:00,43,2,92
2024-02-04 23:20:00,33,1,92
2024-02-04 23:25:00,41,1,113
2024-02-04 23:30:00,27,1,101
2024-02-04 23:35:00,30,2,92
2024-02-04 23:40:00,31,2,92
2024-02-04 23:45:00,19,1,95
2024-02-04 23:50:00,29,1,94
2024-02-04 23:55:00,33,1,93
2024-02-05 00:00:00,20,1,82
2024-02-05 00:05:00,35,1,97
2024-02-05 00:10:00,25,1,96
2024-02-05 00:15:00,28,1,93
2024-02-05 00:20:00,18,1,99
2024-02-05 00:25:00,16,1,88
2024-02-05 00:30:00,16,1,95
2024-02-05 00:35:00,14,1,95
2024-02-05 00:40:00,17,2,91
2024-02-05 00:45:00,13,1,90
2024-02-05 00:50:00,16,1,88
2024-02-05 00:55:00,16,2,88
2024-02-05 01:00:00,17,1,107
2024-02-05 01:05:00,12,2,92
2024-02-05 01:10:00,11,1,94
2024-02-05 01:15:00,15,1,93
2024-02-05 01:20:00,15,1,89
2024-02-05 01:25:00,14,1,89
2024-02-05 01:30:00,18,1,88
2024-02-05 01:35:00,12,1,88
2024-02-05 01:40:00,19,2,89
2024-02-05 01:45:00,20,2,83
2024-02-05 01:50:00,9,2,83
2024-02-05 01:55:00,8,1,85
2024-02-05 02:00:00,13,1,91
2024-02-05 02:05:00,14,1,98
2024-02-05 02:10:00,11,1,88
2024-02-05 02:15:00,14,1,82
2024-02-05 02:20:00,16,2,90
2024-02-05 02:25:00,15,2,87
2024-02-05 02:30:00,15,1,86
2024-02-05 02:35:00,9,1,93
2024-02-05 02:40:00,15,2,85
2024-02-05 02:45:00,10,2,100
2024-02-05 02:50:00,9,1,89
2024-02-05 02:55:00,11,1,88
2024-02-05 03:00:00,12,1,89
2024-02-05 03:05:00,11,1,92
2024-02-05 03:10:00,12,1,91
2024-02-05 03:15:00,12,2,82
2024-02-05 03:20:00,12,1,89
2024-02-05 03:25:00,14,2,89
2024-02-05 03:30:00,11,2,85
2024-02-05 03:35:00,8,1,83
2024-02-05 03:40:00,15,1,90
2024-02-05 03:45:00,16,2,86
2024-02-05 03:50:00,11,1,78
2024-02-05 03:55:00,14,2,83
2024-02-05 04:00:00,20,2,85
2024-02-05 04:05:00,17,2,90
2024-02-05 04:10:00,17,2,82
2024-02-05 04:15:00,15,2,90
2024-02-05 04:20:00,18,2,83
2024-02-05 04:25:00,21,1,92
2024-02-05 04:30:00,22,1,94
2024-02-05 04:35:00,10,1,88
2024-02-05 04:40:00,22,3,80
2024-02-05 04:45:00,21,1,89
2024-02-05 04:50:00,22,2,84
2024-02-05 04:55:00,39,2,86
2024-02-05 05:00:00,27,2,87
2024-02-05 05:05:00,20,2,88
2024-02-05 05:10:00,22,3,83
2024-02-05 05:15:00,22,1,87
2024-02-05 05:20:00,33,2,87
2024-02-05 05:25:00,34,3,85
2024-02-05 05:30:00,35,2,89
2024-02-05 05:35:00,27,2,103
2024-02-05 05:40:00,36,2,90
2024-02-05 05:45:00,36,2,94
2024-02-05 05:50:00,44,2,91
2024-02-05 05:55:00,56,3,91
2024-02-05 06:00:00,36,2,93
2024-02-05 06:05:00,51,3,90
2024-02-05 06:10:00,49,2,90
2024-02-05 06:15:00,46,2,90
2024-02-05 06:20:00,64,2,98
2024-02-05 06:25:00,44,2,96
2024-02-05 06:30:00,61,3,95
2024-02-05 06:35:00,52,2,88
2024-02-05 06:40:00,58,3,91
2024-02-05 06:45:00,60,3,90
2024-02-05 06:50:00,84,3,92
2024-02-05 06:55:00,74,3,95
2024-02-05 07:00:00,65,2,92
2024-02-05 07:05:00,73,3,97
2024-02-05 07:10:00,74,3,92
2024-02-05 07:15:00,71,3,93
2024-02-05 07:20:00,74,3,99
2024-02-05 07:25:00,73,3,94
2024-02-05 07:30:00,67,2,101
2024-02-05 07:35:00,87,3,95
2024-02-05 07:40:00,77,3,95
2024-02-05 07:45:00,79,3,95
2024-02-05 07:50:00,69,2,98
2024-02-05 07:55:00,81,3,98
2024-02-05 08:00:00,97,3,97
2024-02-05 08:05:00,93,3,99
2024-02-05 08:10:00,98,3,99
2024-02-05 08:15:00,86,2,102
2024-02-05 08:20:00,78,3,98
2024-02-05 08:25:00,100,3,97
2024-02-05 08:30:00,95,3,102
2024-02-05 08:35:00,84,3,102
2024-02-05 08:40:00,66,2,101
2024-02-05 08:45:00,89,3,104
2024-02-05 08:50:00,100,3,102
2024-02-05 08:55:00,78,2,104
2024-02-05 09:00:00,55,2,101
2024-02-05 09:05:00,77,3,99
2024-02-05 09:10:00,89,3,100
2024-02-05 09:15:00,74,2,95
2024-02-05 09:20:00,103,3,102
2024-02-05 09:25:00,87,3,99
2024-02-05 09:30:00,99,4,98
2024-02-05 09:35:00,93,3,97
2024-02-05 09:40:00,102,4,95
2024-02-05 09:45:00,87,3,101
2024-02-05 09:50:00,88,4,93
2024-02-05 09:55:00,99,3,97
2024-02-05 10:00:00,92,3,98
2024-02-05 10:05:00,121,5,96
2024-02-05 10:10:00,95,3,93
2024-02-05 10:15:00,108,4,98
2024-02-05 10:20:00,101,4,98
2024-02-05 10:25:00,116,4,97
2024-02-05 10:30:00,102,4,93
2024-02-05 10:35:00,96,3,98
2024-02-05 10:40:00,105,4,94
2024-02-05 10:45:00,98,3,97
2024-02-05 10:50:00,106,4,97
2024-02-05 10:55:00,115,4,96
2024-02-05 11:00:00,106,3,98
2024-02-05 11:05:00,121,4,99
2024-02-05 11:10:00,103,4,95
2024-02-05 11:15:00,128,4,97
2024-02-05 11:20:00,100,3,94
2024-02-05 11:25:00,121,4,98
2024-02-05 11:30:00,105,4,95
2024-02-05 11:35:00,104,3,96
2024-02-05 11:40:00,126,5,94
2024-02-05 11:45:00,107,4,95
2024-02-05 11:50:00,117,4,94
2024-02-05 11:55:00,113,4,93
2024-02-05 12:00:00,131,5,94
2024-02-05 12:05:00,126,5,95
2024-02-05 12:10:00,119,4,94
2024-02-05 12:15:00,152,5,95
2024-02-05 12:20:00,131,5,95
2024-02-05 12:25:00,128,5,95
2024-02-05 12:30:00,131,5,93
2024-02-05 12:35:00,116,4,96
2024-02-05 12:40:00,111,4,95
2024-02-05 12:45:00,133,5,95
2024-02-05 12:50:00,121,4,95
2024-02-05 12:55:00,102,3,94
2024-02-05 13:00:00,117,4,94
2024-02-05 13:05:00,128,4,93
2024-02-05 13:10:00,138,5,94
2024-02-05 13:15:00,110,4,96
2024-02-05 13:20:00,127,4,97
2024-02-05 13:25:00,123,4,94
2024-02-05 13:30:00,107,5,94
2024-02-05 13:35:00,126,5,91
2024-02-05 13:40:00,139,5,95
2024-02-05 13:45:00,126,5,95
2024-02-05 13:50:00,132,5,96
2024-02-05 13:55:00,131,5,94
2024-02-05 14:00:00,128,4,96
2024-02-05 14:05:00,120,4,95
2024-02-05 14:10:00,141,5,96
2024-02-05 14:15:00,117,5,95
2024-02-05 14:20:00,111,4,95
2024-02-05 14:25:00,123,5,98
2024-02-05 14:30:00,127,5,96
2024-02-05 14:35:00,136,4,99
2024-02-05 14:40:00,130,5,94
2024-02-05 14:45:00,103,4,96
2024-02-05 14:50:00,133,4,95
2024-02-05 14:55:00,145,5,96
2024-02-05 15:00:00,131,4,95
2024-02-05 15:05:00,118,4,95
2024-02-05 15:10:00,113,4,97
2024-02-05 15:15:00,103,4,96
2024-02-05 15:20:00,111,4,100
2024-02-05 15:25:00,99,4,97
2024-02-05 15:30:00,110,3,102
2024-02-05 15:35:00,93,3,101
2024-02-05 15:40:00,107,4,99
2024-02-05 15:45:00,116,3,103
2024-02-05 15:50:00,100,3,102
2024-02-05 15:55:00,112,3,94
2024-02-05 16:00:00,112,3,99
2024-02-05 16:05:00,112,4,100
2024-02-05 16:10:00,100,3,100
2024-02-05 16:15:00,126,4,104
2024-02-05 16:20:00,99,3,103
2024-02-05 16:25:00,116,3,100
2024-02-05 16:30:00,96,3,99
2024-02-05 16:35:00,100,3,100
2024-02-05 16:40:00,118,4,103
2024-02-05 16:45:00,120,4,101
2024-02-05 16:50:00,115,3,100
2024-02-05 16:55:00,88,2,105
2024-02-05 17:00:00,123,3,105
2024-02-05 17:05:00,101,3,101
2024-02-05 17:10:00,99,3,102
2024-02-05 17:15:00,87,3,106
2024-02-05 17:20:00,100,3,104
2024-02-05 17:25:00,86,3,102
2024-02-05 17:30:00,92,3,100
2024-02-05 17:35:00,121,4,97
2024-02-05 17:40:00,95,3,100
2024-02-05 17:45:00,88,3,98
2024-02-05 17:50:00,111,4,101
2024-02-05 17:55:00,94,3,101
2024-02-05 18:00:00,80,3,94
2024-02-05 18:05:00,98,3,98
2024-02-05 18:10:00,87,3,98
2024-02-05 18:15:00,65,3,91
2024-02-05 18:20:00,88,3,98
2024-02-05 18:25:00,95,3,94
2024-02-05 18:30:00,78,3,98
2024-02-05 18:35:00,90,3,97
2024-02-05 18:40:00,67,3,93
2024-02-05 18:45:00,53,2,102
2024-02-05 18:50:00,75,3,99
2024-02-05 18:55:00,87,3,95
2024-02-05 19:00:00,87,3,94
2024-02-05 19:05:00,75,2,101
2024-02-05 19:10:00,74,3,96
2024-02-05 19:15:00,65,3,95
2024-02-05 19:20:00,52,2,96
2024-02-05 19:25:00,63,2,98
2024-02-05 19:30:00,55,2,101
2024-02-05 19:35:00,56,2,93
2024-02-05 19:40:00,57,2,98
2024-02-05 19:45:00,65,3,99
2024-02-05 19:50:00,47,3,96
2024-02-05 19:55:00,55,2,100
2024-02-05 20:00:00,59,2,96
2024-02-05 20:05:00,56,2,96
2024-02-05 20:10:00,55,2,95
2024-02-05 20:15:00,56,2,96
2024-02-05 20:20:00,41,2,98
2024-02-05 20:25:00,50,2,95
2024-02-05 20:30:00,48,2,99
2024-02-05 20:35:00,59,2,100
2024-02-05 20:40:00,45,2,94
2024-02-05 20:45:00,62,3,94
2024-02-05 20:50:00,53,2,97
2024-02-05 20:55:00,56,2,93
2024-02-05 21:00:00,54,2,94
2024-02-05 21:05:00,52,2,95
2024-02-05 21:10:00,36,2,97
2024-02-05 21:15:00,43,2,98
2024-02-05 21:20:00,34,1,98
2024-02-05 21:25:00,42,2,100
2024-02-05 21:30:00,44,2,99
2024-02-05 21:35:00,44,2,95
2024-02-05 21:40:00,57,3,100
2024-02-05 21:45:00,43,2,93
2024-02-05 21:50:00,38,2,93
2024-02-05 21:55:00,33,1,96
2024-02-05 22:00:00,27,2,98
2024-02-05 22:05:00,50,2,96
2024-02-05 22:10:00,41,3,92
2024-02-05 22:15:00,38,2,96
2024-02-05 22:20:00,41,3,92
2024-02-05 22:25:00,39,2,94
2024-02-05 22:30:00,38,2,97
2024-02-05 22:35:00,39,2,101
2024-02-05 22:40:00,42,2,91
2024-02-05 22:45:00,36,2,100
2024-02-05 22:50:00,37,1,96
2024-02-05 22:55:00,20,1,96
2024-02-05 23:00:00,30,2,93
2024-02-05 23:05:00,27,2,91
2024-02-05 23:10:00,36,2,93
2024-02-05 23:15:00,36,2,91
2024-02-05 23:20:00,35,2,94
2024-02-05 23:25:00,31,2,88
2024-02-05 23:30:00,37,3,87
2024-02-05 23:35:00,22,2,88
2024-02-05 23:40:00,31,2,90
2024-02-05 23:45:00,32,3,92
2024-02-05 23:50:00,23,3,85
2024-02-05 23:55:00,17,2,87
2024-02-06 00:00:00,20,2,96
2024-02-06 00:05:00,27,2,93
2024-02-06 00:10:00,28,2,89
2024-02-06 00:15:00,32,2,95
2024-02-06 00:20:00,29,2,89
2024-02-06 00:25:00,22,2,95
2024-02-06 00:30:00,22,3,87
2024-02-06 00:35:00,17,1,95
2024-02-06 00:40:00,24,2,92
2024-02-06 00:45:00,25,2,84
2024-02-06 00:50:00,21,2,90
2024-02-06 00:55:00,26,3,91
2024-02-06 01:00:00,21,2,92
2024-02-06 01:05:00,11,2,91
2024-02-06 01:10:00,20,1,97
2024-02-06 01:15:00,20,3,87
2024-02-06 01:20:00,20,1,104
2024-02-06 01:25:00,13,2,95
2024-02-06 01:30:00,20,2,89
2024-02-06 01:35:00,19,2,85
2024-02-06 01:40:00,18,2,87
2024-02-06 01:45:00,11,1,90
2024-02-06 01:50:00,25,2,91
2024-02-06 01:55:00,13,2,84
2024-02-06 02:00:00,19,1,96
2024-02-06 02:05:00,22,2,85
2024-02-06 02:10:00,11,1,85
2024-02-06 02:15:00,16,2,92
2024-02-06 02:20:00,13,1,90
2024-02-06 02:25:00,19,2,93
2024-02-06 02:30:00,12,1,88
2024-02-06 02:35:00,22,3,85
2024-02-06 02:40:00,21,3,81
2024-02-06 02:45:00,15,2,83
2024-02-06 02:50:00,13,2,85
2024-02-06 02:55:00,15,2,85
2024-02-06 03:00:00,17,2,88
2024-02-06 03:05:00,9,2,86
2024-02-06 03:10:00,13,2,85
2024-02-06 03:15:00,18,1,91
2024-02-06 03:20:00,18,2,82
2024-02-06 03:25:00,18,1,85
2024-02-06 03:30:00,16,2,89
2024-02-06 03:35:00,18,2,87
2024-02-06 03:40:00,20,2,88
2024-02-06 03:45:00,12,2,81
2024-02-06 03:50:00,18,2,84
2024-02-06 03:55:00,20,2,83
2024-02-06 04:00:00,22,2,83
2024-02-06 04:05:00,22,3,80
2024-02-06 04:10:00,21,2,84
2024-02-06 04:15:00,27,2,86
2024-02-06 04:20:00,32,3,86
2024-02-06 04:25:00,26,2,83
2024-02-06 04:30:00,25,3,82
2024-02-06 04:35:00,25,2,83
2024-02-06 04:40:00,25,2,84
2024-02-06 04:45:00,22,2,82
2024-02-06 04:50:00,31,2,81
2024-02-06 04:55:00,21,3,81
2024-02-06 05:00:00,41,3,86
2024-02-06 05:05:00,32,3,86
2024-02-06 05:10:00,26,2,88
2024-02-06 05:15:00,34,3,83
2024-02-06 05:20:00,34,2,87
2024-02-06 05:25:00,37,3,88
2024-02-06 05:30:00,33,3,88
2024-02-06 05:35:00,39,3,84
2024-02-06 05:40:00,47,3,89
2024-02-06 05:45:00,67,4,88
2024-02-06 05:50:00,49,3,92
2024-02-06 05:55:00,55,4,86
2024-02-06 06:00:00,52,3,88
2024-02-06 06:05:00,57,3,90
2024-02-06 06:10:00,58,3,91
2024-02-06 06:15:00,68,3,92
2024-02-06 06:20:00,56,4,87
2024-02-06 06:25:00,67,3,95
2024-02-06 06:30:00,67,3,92
2024-02-06 06:35:00,63,3,91
2024-02-06 06:40:00,65,3,95
2024-02-06 06:45:00,69,3,91
2024-02-06 06:50:00,74,4,91
2024-02-06 06:55:00,74,3,91
2024-02-06 07:00:00,62,3,94
2024-02-06 07:05:00,68,3,91
2024-02-06 07:10:00,70,3,92
2024-02-06 07:15:00,62,3,90
2024-02-06 07:20:00,85,3,91
2024-02-06 07:25:00,74,4,94
2024-02-06 07:30:00,76,4,91
2024-02-06 07:35:00,73,3,95
2024-02-06 07:40:00,72,3,95
2024-02-06 07:45:00,76,3,97
2024-02-06 07:50:00,87,3,98
2024-02-06 07:55:00,90,3,98
2024-02-06 08:00:00,77,2,106
2024-02-06 08:05:00,90,3,100
2024-02-06 08:10:00,70,2,103
2024-02-06 08:15:00,72,3,97
2024-02-06 08:20:00,69,2,102
2024-02-06 08:25:00,89,3,100
2024-02-06 08:30:00,84,3,98
2024-02-06 08:35:00,95,3,100
2024-02-06 08:40:00,75,2,100
2024-02-06 08:45:00,92,3,101
2024-02-06 08:50:00,72,3,95
2024-02-06 08:55:00,98,3,101
2024-02-06 09:00:00,89,3,100
2024-02-06 09:05:00,76,3,99
2024-02-06 09:10:00,78,3,98
2024-02-06 09:15:00,98,3,100
2024-02-06 09:20:00,125,4,101
2024-02-06 09:25:00,87,3,98
2024-02-06 09:30:00,96,3,104
2024-02-06 09:35:00,94,4,99
2024-02-06 09:40:00,108,3,101
2024-02-06 09:45:00,86,3,100
2024-02-06 09:50:00,123,5,97
2024-02-06 09:55:00,123,4,100
2024-02-06 10:00:00,115,4,101
2024-02-06 10:05:00,133,4,101
2024-02-06 10:10:00,111,4,98
2024-02-06 10:15:00,123,4,98
2024-02-06 10:20:00,143,5,98
2024-02-06 10:25:00,93,3,96
2024-02-06 10:30:00,106,4,99
2024-02-06 10:35:00,118,4,100
2024-02-06 10:40:00,115,4,100
2024-02-06 10:45:00,130,4,102
2024-02-06 10:50:00,99,3,99
2024-02-06 10:55:00,137,5,94
2024-02-06 11:00:00,112,3,104
2024-02-06 11:05:00,92,3,98
2024-02-06 11:10:00,125,4,100
2024-02-06 11:15:00,115,3,100
2024-02-06 11:20:00,145,5,99
2024-02-06 11:25:00,113,4,95
2024-02-06 11:30:00,113,4,97
2024-02-06 11:35:00,99,4,98
2024-02-06 11:40:00,122,4,101
2024-02-06 11:45:00,121,4,97
2024-02-06 11:50:00,143,4,102
2024-02-06 11:55:00,118,4,99
2024-02-06 12:00:00,131,5,96
2024-02-06 12:05:00,126,5,96
2024-02-06 12:10:00,114,4,99
2024-02-06 12:15:00,151,6,96
2024-02-06 12:20:00,137,5,98
2024-02-06 12:25:00,121,4,98
2024-02-06 12:30:00,135,5,95
2024-02-06 12:35:00,121,4,101
2024-02-06 12:40:00,120,5,98
2024-02-06 12:45:00,105,4,95
2024-02-06 12:50:00,132,5,95
2024-02-06 12:55:00,137,5,95
2024-02-06 13:00:00,127,4,99
2024-02-06 13:05:00,129,5,98
2024-02-06 13:10:00,126,5,99
2024-02-06 13:15:00,119,4,94
2024-02-06 13:20:00,102,4,95
2024-02-06 13:25:00,134,5,97
2024-02-06 13:30:00,123,4,101
2024-02-06 13:35:00,137,5,98
2024-02-06 13:40:00,138,6,96
2024-02-06 13:45:00,138,4,100
2024-02-06 13:50:00,128,5,95
2024-02-06 13:55:00,145,5,98
2024-02-06 14:00:00,128,5,93
2024-02-06 14:05:00,137,5,99
2024-02-06 14:10:00,136,4,103
2024-02-06 14:15:00,108,4,100
2024-02-06 14:20:00,113,5,97
2024-02-06 14:25:00,145,5,100
2024-02-06 14:30:00,129,5,97
2024-02-06 14:35:00,137,5,97
2024-02-06 14:40:00,126,5,100
2024-02-06 14:45:00,154,5,101
2024-02-06 14:50:00,120,4,100
2024-02-06 14:55:00,105,3,103
2024-02-06 15:00:00,134,4,103
2024-02-06 15:05:00,135,4,101
2024-02-06 15:10:00,132,4,103
2024-02-06 15:15:00,119,4,101
2024-02-06 15:20:00,128,4,102
2024-02-06 15:25:00,134,4,103
2024-02-06 15:30:00,113,3,107
2024-02-06 15:35:00,102,4,101
2024-02-06 15:40:00,143,5,102
2024-02-06 15:45:00,139,4,99
2024-02-06 15:50:00,114,3,104
2024-02-06 15:55:00,111,3,102
2024-02-06 16:00:00,113,3,101
2024-02-06 16:05:00,112,3,103
2024-02-06 16:10:00,109,3,102
2024-02-06 16:15:00,125,3,106
2024-02-06 16:20:00,109,3,102
2024-02-06 16:25:00,90,3,104
2024-02-06 16:30:00,106,3,100
2024-02-06 16:35:00,119,3,104
2024-02-06 16:40:00,117,4,101
2024-02-06 16:45:00,105,3,106
2024-02-06 16:50:00,107,3,109
2024-02-06 16:55:00,106,3,100
2024-02-06 17:00:00,100,3,100
2024-02-06 17:05:00,108,4,98
2024-02-06 17:10:00,102,3,102
2024-02-06 17:15:00,115,4,104
2024-02-06 17:20:00,121,4,100
2024-02-06 17:25:00,100,3,104
2024-02-06 17:30:00,116,4,99
2024-02-06 17:35:00,125,4,104
2024-02-06 17:40:00,90,3,97
2024-02-06 17:45:00,113,3,103
2024-02-06 17:50:00,86,3,102
2024-02-06 17:55:00,122,4,102
2024-02-06 18:00:00,97,3,101
2024-02-06 18:05:00,110,3,101
2024-02-06 18:10:00,83,2,101
2024-02-06 18:15:00,84,3,97
2024-02-06 18:20:00,65,2,101
2024-02-06 18:25:00,101,3,99
2024-02-06 18:30:00,86,3,100
2024-02-06 18:35:00,82,3,104
2024-02-06 18:40:00,71,2,98
2024-02-06 18:45:00,85,3,101
2024-02-06 18:50:00,70,2,99
2024-02-06 18:55:00,79,2,102
2024-02-06 19:00:00,77,3,98
2024-02-06 19:05:00,94,3,99
2024-02-06 19:10:00,77,3,94
2024-02-06 19:15:00,86,3,99
2024-02-06 19:20:00,67,2,97
2024-02-06 19:25:00,81,2,104
2024-02-06 19:30:00,65,2,100
2024-02-06 19:35:00,70,2,98
2024-02-06 19:40:00,77,2,101
2024-02-06 19:45:00,65,2,100
2024-02-06 19:50:00,70,3,99
2024-02-06 19:55:00,55,2,98
2024-02-06 20:00:00,64,2,98
2024-02-06 20:05:00,68,3,99
2024-02-06 20:10:00,50,2,99
2024-02-06 20:15:00,60,2,97
2024-02-06 20:20:00,71,2,103
2024-02-06 20:25:00,61,2,96
2024-02-06 20:30:00,53,2,99
2024-02-06 20:35:00,53,2,94
2024-02-06 20:40:00,45,2,98
2024-02-06 20:45:00,66,3,95
2024-02-06 20:50:00,45,2,99
2024-02-06 20:55:00,59,2,99
2024-02-06 21:00:00,51,2,99
2024-02-06 21:05:00,53,2,100
2024-02-06 21:10:00,66,2,100
2024-02-06 21:15:00,51,2,102
2024-02-06 21:20:00,46,2,98
2024-02-06 21:25:00,54,2,95
2024-02-06 21:30:00,48,3,91
2024-02-06 21:35:00,52,2,101
2024-02-06 21:40:00,45,2,95
2024-02-06 21:45:00,43,2,96
2024-02-06 21:50:00,46,3,90
2024-02-06 21:55:00,44,1,102
2024-02-06 22:00:00,41,2,101
2024-02-06 22:05:00,53,2,98
2024-02-06 22:10:00,55,2,105
2024-02-06 22:15:00,54,2,95
2024-02-06 22:20:00,39,2,93
2024-02-06 22:25:00,48,2,94
2024-02-06 22:30:00,29,2,92
2024-02-06 22:35:00,48,2,101
2024-02-06 22:40:00,31,2,90
2024-02-06 22:45:00,36,1,102
2024-02-06 22:50:00,42,2,94
2024-02-06 22:55:00,30,2,97
2024-02-06 23:00:00,36,2,98
2024-02-06 23:05:00,25,1,92
2024-02-06 23:10:00,36,2,98
2024-02-06 23:15:00,34,2,93
2024-02-06 23:20:00,47,3,90
2024-02-06 23:25:00,42,2,93
2024-02-06 23:30:00,33,2,95
2024-02-06 23:35:00,29,1,95
2024-02-06 23:40:00,27,2,97
2024-02-06 23:45:00,26,1,93
2024-02-06 23:50:00,19,2,86
2024-02-06 23:55:00,38,2,89
2024-02-07 00:00:00,30,2,95
2024-02-07 00:05:00,29,2,92
2024-02-07 00:10:00,23,1,96
2024-02-07 00:15:00,20,2,89
2024-02-07 00:20:00,25,4,88
2024-02-07 00:25:00,18,2,91
2024-02-07 00:30:00,23,2,92
2024-02-07 00:35:00,25,2,92
2024-02-07 00:40:00,16,2,84
2024-02-07 00:45:00,24,2,96
2024-02-07 00:50:00,29,2,97
2024-02-07 00:55:00,23,2,91
2024-02-07 01:00:00,25,1,89
2024-02-07 01:05:00,23,2,96
2024-02-07 01:10:00,22,1,96
2024-02-07 01:15:00,21,1,98
2024-02-07 01:20:00,28,2,90
2024-02-07 01:25:00,22,3,90
2024-02-07 01:30:00,18,2,88
2024-02-07 01:35:00,20,1,100
2024-02-07 01:40:00,17,2,87
2024-02-07 01:45:00,21,2,88
2024-02-07 01:50:00,26,2,88
2024-02-07 01:55:00,16,2,93
2024-02-07 02:00:00,16,2,86
2024-02-07 02:05:00,19,2,87
2024-02-07 02:10:00,16,2,85
2024-02-07 02:15:00,16,2,90
2024-02-07 02:20:00,24,3,86
2024-02-07 02:25:00,12,2,90
2024-02-07 02:30:00,17,2,91
2024-02-07 02:35:00,11,2,87
2024-02-07 02:40:00,16,3,82
2024-02-07 02:45:00,14,1,92
2024-02-07 02:50:00,11,2,93
2024-02-07 02:55:00,16,2,85
2024-02-07 03:00:00,25,3,85
2024-02-07 03:05:00,18,2,90
2024-02-07 03:10:00,17,2,83
2024-02-07 03:15:00,27,3,85
2024-02-07 03:20:00,13,2,95
2024-02-07 03:25:00,20,2,89
2024-02-07 03:30:00,22,3,85
2024-02-07 03:35:00,25,3,84
2024-02-07 03:40:00,29,3,85
2024-02-07 03:45:00,13,2,87
2024-02-07 03:50:00,18,2,86
2024-02-07 03:55:00,22,3,80
2024-02-07 04:00:00,21,2,83
2024-02-07 04:05:00,19,1,86
2024-02-07 04:10:00,28,3,83
2024-02-07 04:15:00,15,1,96
2024-02-07 04:20:00,22,3,82
2024-02-07 04:25:00,23,2,89
2024-02-07 04:30:00,23,3,89
2024-02-07 04:35:00,26,3,85
2024-02-07 04:40:00,39,2,88
2024-02-07 04:45:00,22,3,85
2024-02-07 04:50:00,34,2,87
2024-02-07 04:55:00,34,3,86
2024-02-07 05:00:00,26,2,84
2024-02-07 05:05:00,22,2,89
2024-02-07 05:10:00,38,3,88
2024-02-07 05:15:00,28,2,88
2024-02-07 05:20:00,48,4,85
2024-02-07 05:25:00,39,4,82
2024-02-07 05:30:00,40,3,90
2024-02-07 05:35:00,51,3,90
2024-02-07 05:40:00,50,3,88
2024-02-07 05:45:00,42,2,87
2024-02-07 05:50:00,52,2,89
2024-02-07 05:55:00,68,4,92
2024-02-07 06:00:00,40,3,92
2024-02-07 06:05:00,45,3,90
2024-02-07 06:10:00,38,1,94
2024-02-07 06:15:00,59,3,93
2024-02-07 06:20:00,58,3,91
2024-02-07 06:25:00,60,3,93
2024-02-07 06:30:00,53,3,93
2024-02-07 06:35:00,75,3,94
2024-02-07 06:40:00,68,3,90
2024-02-07 06:45:00,68,3,96
2024-02-07 06:50:00,73,4,95
2024-02-07 06:55:00,72,3,92
2024-02-07 07:00:00,78,3,95
2024-02-07 07:05:00,74,3,95
2024-02-07 07:10:00,79,3,96
2024-02-07 07:15:00,82,3,97
2024-02-07 07:20:00,60,2,103
2024-02-07 07:25:00,84,3,98
2024-02-07 07:30:00,76,3,99
2024-02-07 07:35:00,64,3,97
2024-02-07 07:40:00,67,3,96
2024-02-07 07:45:00,51,2,97
2024-02-07 07:50:00,77,3,96
2024-02-07 07:55:00,72,3,100
2024-02-07 08:00:00,81,3,102
2024-02-07 08:05:00,60,2,105
2024-02-07 08:10:00,77,3,97
2024-02-07 08:15:00,75,3,100
2024-02-07 08:20:00,83,3,101
2024-02-07 08:25:00,65,2,106
2024-02-07 08:30:00,86,2,103
2024-02-07 08:35:00,91,3,104
2024-02-07 08:40:00,88,4,99
2024-02-07 08:45:00,91,3,103
2024-02-07 08:50:00,100,4,101
2024-02-07 08:55:00,79,3,99
2024-02-07 09:00:00,97,3,102
2024-02-07 09:05:00,82,3,103
2024-02-07 09:10:00,95,3,103
2024-02-07 09:15:00,103,4,100
2024-02-07 09:20:00,117,4,101
2024-02-07 09:25:00,93,3,104
2024-02-07 09:30:00,92,4,101
2024-02-07 09:35:00,86,3,104
2024-02-07 09:40:00,83,3,107
2024-02-07 09:45:00,100,4,100
2024-02-07 09:50:00,129,4,105
2024-02-07 09:55:00,92,3,101
2024-02-07 10:00:00,99,4,104
2024-02-07 10:05:00,108,4,101
2024-02-07 10:10:00,106,4,97
2024-02-07 10:15:00,110,4,104
2024-02-07 10:20:00,131,5,101
2024-02-07 10:25:00,117,4,102
2024-02-07 10:30:00,111,4,100
2024-02-07 10:35:00,114,4,101
2024-02-07 10:40:00,100,3,106
2024-02-07 10:45:00,130,4,100
2024-02-07 10:50:00,111,3,103
2024-02-07 10:55:00,116,5,103
2024-02-07 11:00:00,113,4,103
2024-02-07 11:05:00,119,4,106
2024-02-07 11:10:00,122,4,100
2024-02-07 11:15:00,106,4,98
2024-02-07 11:20:00,131,4,101
2024-02-07 11:25:00,92,3,101
2024-02-07 11:30:00,136,4,103
2024-02-07 11:35:00,121,5,97
2024-02-07 11:40:00,129,5,100
2024-02-07 11:45:00,117,4,101
2024-02-07 11:50:00,113,4,101
2024-02-07 11:55:00,123,4,101
2024-02-07 12:00:00,107,4,103
2024-02-07 12:05:00,122,4,100
2024-02-07 12:10:00,111,4,96
2024-02-07 12:15:00,109,4,100
2024-02-07 12:20:00,120,5,97
2024-02-07 12:25:00,133,4,103
2024-02-07 12:30:00,130,4,102
2024-02-07 12:35:00,117,4,99
2024-02-07 12:40:00,129,5,99
2024-02-07 12:45:00,112,4,100
2024-02-07 12:50:00,134,5,97
2024-02-07 12:55:00,130,4,99
2024-02-07 13:00:00,113,4,102
2024-02-07 13:05:00,134,5,103
2024-02-07 13:10:00,139,5,102
2024-02-07 13:15:00,134,5,99
2024-02-07 13:20:00,155,5,101
2024-02-07 13:25:00,129,5,101
2024-02-07 13:30:00,133,5,99
2024-02-07 13:35:00,143,5,107
2024-02-07 13:40:00,104,3,102
2024-02-07 13:45:00,128,4,104
2024-02-07 13:50:00,136,5,100
2024-02-07 13:55:00,137,5,105
2024-02-07 14:00:00,131,4,100
2024-02-07 14:05:00,161,5,103
2024-02-07 14:10:00,174,6,102
2024-02-07 14:15:00,142,5,105
2024-02-07 14:20:00,144,5,102
2024-02-07 14:25:00,168,6,100
2024-02-07 14:30:00,157,5,102
2024-02-07 14:35:00,138,4,102
2024-02-07 14:40:00,153,5,102
2024-02-07 14:45:00,136,4,101
2024-02-07 14:50:00,140,5,100
2024-02-07 14:55:00,186,6,102
2024-02-07 15:00:00,151,5,104
2024-02-07 15:05:00,175,5,104
2024-02-07 15:10:00,142,4,105
2024-02-07 15:15:00,152,5,100
2024-02-07 15:20:00,164,5,107
2024-02-07 15:25:00,113,3,103
2024-02-07 15:30:00,151,4,107
2024-02-07 15:35:00,171,5,103
2024-02-07 15:40:00,170,5,104
2024-02-07 15:45:00,196,6,104
2024-02-07 15:50:00,157,5,104
2024-02-07 15:55:00,180,5,104
2024-02-07 16:00:00,156,5,105
2024-02-07 16:05:00,161,5,105
2024-02-07 16:10:00,147,4,106
2024-02-07 16:15:00,151,4,105
2024-02-07 16:20:00,150,4,108
2024-02-07 16:25:00,145,4,108
2024-02-07 16:30:00,132,4,110
2024-02-07 16:35:00,146,4,107
2024-02-07 16:40:00,168,5,103
2024-02-07 16:45:00,139,4,103
2024-02-07 16:50:00,165,5,105
2024-02-07 16:55:00,134,4,104
2024-02-07 17:00:00,149,4,107
2024-02-07 17:05:00,176,5,106
2024-02-07 17:10:00,151,4,105
2024-02-07 17:15:00,144,4,103
2024-02-07 17:20:00,115,3,109
2024-02-07 17:25:00,132,4,106
2024-02-07 17:30:00,142,4,106
2024-02-07 17:35:00,166,5,106
2024-02-07 17:40:00,133,4,110
2024-02-07 17:45:00,161,5,102
2024-02-07 17:50:00,133,4,107
2024-02-07 17:55:00,148,4,101
2024-02-07 18:00:00,145,4,103
2024-02-07 18:05:00,135,4,105
2024-02-07 18:10:00,145,4,102
2024-02-07 18:15:00,128,4,103
2024-02-07 18:20:00,132,4,102
2024-02-07 18:25:00,117,3,103
2024-02-07 18:30:00,110,3,103
2024-02-07 18:35:00,120,4,104
2024-02-07 18:40:00,112,3,101
2024-02-07 18:45:00,105,3,101
2024-02-07 18:50:00,124,4,101
2024-02-07 18:55:00,152,4,103
2024-02-07 19:00:00,132,4,105
2024-02-07 19:05:00,96,3,103
2024-02-07 19:10:00,109,3,104
2024-02-07 19:15:00,111,3,105
2024-02-07 19:20:00,93,3,104
2024-02-07 19:25:00,104,3,101
2024-02-07 19:30:00,116,4,103
2024-02-07 19:35:00,95,3,105
2024-02-07 19:40:00,125,4,104
2024-02-07 19:45:00,91,3,103
2024-02-07 19:50:00,114,3,104
2024-02-07 19:55:00,98,3,104
2024-02-07 20:00:00,110,3,103
2024-02-07 20:05:00,94,3,103
2024-02-07 20:10:00,101,3,106
2024-02-07 20:15:00,109,3,103
2024-02-07 20:20:00,86,3,98
2024-02-07 20:25:00,74,2,105
2024-02-07 20:30:00,107,3,104
2024-02-07 20:35:00,105,3,107
2024-02-07 20:40:00,111,4,99
2024-02-07 20:45:00,100,3,104
2024-02-07 20:50:00,92,3,101
2024-02-07 20:55:00,94,3,106
2024-02-07 21:00:00,91,3,105
2024-02-07 21:05:00,91,3,99
2024-02-07 21:10:00,111,3,103
2024-02-07 21:15:00,107,3,103
2024-02-07 21:20:00,105,3,103
2024-02-07 21:25:00,95,3,104
2024-02-07 21:30:00,98,3,103
2024-02-07 21:35:00,88,3,102
2024-02-07 21:40:00,112,3,106
2024-02-07 21:45:00,79,2,104
2024-02-07 21:50:00,108,3,105
2024-02-07 21:55:00,85,2,102
2024-02-07 22:00:00,89,3,103
2024-02-07 22:05:00,109,3,103
2024-02-07 22:10:00,92,3,102
2024-02-07 22:15:00,92,3,102
2024-02-07 22:20:00,91,3,101
2024-02-07 22:25:00,74,2,102
2024-02-07 22:30:00,68,3,102
2024-02-07 22:35:00,90,3,104
2024-02-07 22:40:00,79,2,103
2024-02-07 22:45:00,69,2,101
2024-02-07 22:50:00,83,3,102
2024-02-07 22:55:00,67,2,98
2024-02-07 23:00:00,57,1,106
2024-02-07 23:05:00,71,2,107
2024-02-07 23:10:00,56,2,104
2024-02-07 23:15:00,73,2,104
2024-02-07 23:20:00,68,3,101
2024-02-07 23:25:00,66,3,98
2024-02-07 23:30:00,56,2,98
2024-02-07 23:35:00,50,2,100
2024-02-07 23:40:00,54,2,96
2024-02-07 23:45:00,53,2,100
2024-02-07 23:50:00,66,2,108
2024-02-07 23:55:00,30,1,93
2024-02-08 00:00:00,63,2,99
2024-02-08 00:05:00,58,2,106
2024-02-08 00:10:00,54,2,103
2024-02-08 00:15:00,45,1,101
2024-02-08 00:20:00,44,2,98
2024-02-08 00:25:00,44,1,96
2024-02-08 00:30:00,48,2,99
2024-02-08 00:35:00,32,1,100
2024-02-08 00:40:00,49,2,103
2024-02-08 00:45:00,42,1,104
2024-02-08 00:50:00,39,2,100
2024-02-08 00:55:00,38,2,100
2024-02-08 01:00:00,37,1,102
2024-02-08 01:05:00,27,1,103
2024-02-08 01:10:00,40,2,104
2024-02-08 01:15:00,32,1,98
2024-02-08 01:20:00,41,2,101
2024-02-08 01:25:00,39,2,99
2024-02-08 01:30:00,37,1,97
2024-02-08 01:35:00,31,2,99
2024-02-08 01:40:00,23,1,99
2024-02-08 01:45:00,38,1,100
2024-02-08 01:50:00,27,1,97
2024-02-08 01:55:00,28,1,101
2024-02-08 02:00:00,29,1,100
2024-02-08 02:05:00,31,1,100
2024-02-08 02:10:00,32,2,90
2024-02-08 02:15:00,41,2,95
2024-02-08 02:20:00,25,2,96
2024-02-08 02:25:00,35,1,98
2024-02-08 02:30:00,29,2,89
2024-02-08 02:35:00,29,1,96
2024-02-08 02:40:00,24,1,91
2024-02-08 02:45:00,14,1,112
2024-02-08 02:50:00,22,1,95
2024-02-08 02:55:00,19,1,94
2024-02-08 03:00:00,24,1,91
2024-02-08 03:05:00,26,2,100
2024-02-08 03:10:00,27,2,96
2024-02-08 03:15:00,27,2,98
2024-02-08 03:20:00,19,1,100
2024-02-08 03:25:00,31,3,87
2024-02-08 03:30:00,27,2,97
2024-02-08 03:35:00,22,1,93
2024-02-08 03:40:00,20,2,87
2024-02-08 03:45:00,20,1,99
2024-02-08 03:50:00,21,2,92
2024-02-08 03:55:00,26,2,84
2024-02-08 04:00:00,25,2,89
2024-02-08 04:05:00,31,2,84
2024-02-08 04:10:00,35,3,84
2024-02-08 04:15:00,30,2,88
2024-02-08 04:20:00,29,2,85
2024-02-08 04:25:00,23,1,96
2024-02-08 04:30:00,30,2,96
2024-02-08 04:35:00,28,2,95
2024-02-08 04:40:00,33,3,87
2024-02-08 04:45:00,38,2,93
2024-02-08 04:50:00,27,2,102
2024-02-08 04:55:00,33,3,88
2024-02-08 05:00:00,45,2,87
2024-02-08 05:05:00,32,2,91
2024-02-08 05:10:00,33,2,91
2024-02-08 05:15:00,38,2,85
2024-02-08 05:20:00,35,3,85
2024-02-08 05:25:00,45,3,86
2024-02-08 05:30:00,58,3,88
2024-02-08 05:35:00,37,2,93
2024-02-08 05:40:00,39,4,85
2024-02-08 05:45:00,34,2,90
2024-02-08 05:50:00,50,3,91
2024-02-08 05:55:00,38,3,89
2024-02-08 06:00:00,52,3,90
2024-02-08 06:05:00,58,3,90
2024-02-08 06:10:00,55,3,92
2024-02-08 06:15:00,63,3,96
2024-02-08 06:20:00,53,3,89
2024-02-08 06:25:00,52,3,87
2024-02-08 06:30:00,42,2,91
2024-02-08 06:35:00,58,3,92
2024-02-08 06:40:00,57,3,95
2024-02-08 06:45:00,63,4,92
2024-02-08 06:50:00,67,3,92
2024-02-08 06:55:00,60,2,97
2024-02-08 07:00:00,65,2,100
2024-02-08 07:05:00,64,2,101
2024-02-08 07:10:00,62,3,96
2024-02-08 07:15:00,81,3,99
2024-02-08 07:20:00,69,3,110
2024-02-08 07:25:00,63,3,97
2024-02-08 07:30:00,90,3,100
2024-02-08 07:35:00,61,3,97
2024-02-08 07:40:00,48,1,103
2024-02-08 07:45:00,65,2,104
2024-02-08 07:50:00,78,3,98
2024-02-08 07:55:00,85,3,103
2024-02-08 08:00:00,78,2,106
2024-02-08 08:05:00,90,3,108
2024-02-08 08:10:00,82,3,105
2024-02-08 08:15:00,81,2,108
2024-02-08 08:20:00,87,2,107
2024-02-08 08:25:00,87,3,103
2024-02-08 08:30:00,78,2,108
2024-02-08 08:35:00,92,3,99
2024-02-08 08:40:00,105,3,105
2024-02-08 08:45:00,111,4,107
2024-02-08 08:50:00,90,3,104
2024-02-08 08:55:00,91,2,106
2024-02-08 09:00:00,86,2,116
2024-02-08 09:05:00,91,3,107
2024-02-08 09:10:00,93,2,111
2024-02-08 09:15:00,101,3,99
2024-02-08 09:20:00,115,4,103
2024-02-08 09:25:00,92,2,109
2024-02-08 09:30:00,133,4,109
2024-02-08 09:35:00,111,3,103
2024-02-08 09:40:00,102,3,106
2024-02-08 09:45:00,117,4,102
2024-02-08 09:50:00,116,4,104
2024-02-08 09:55:00,132,4,105
2024-02-08 10:00:00,143,4,108
2024-02-08 10:05:00,97,3,106
2024-02-08 10:10:00,125,4,105
2024-02-08 10:15:00,137,4,106
2024-02-08 10:20:00,152,4,108
2024-02-08 10:25:00,145,4,105
2024-02-08 10:30:00,123,3,110
2024-02-08 10:35:00,145,4,104
2024-02-08 10:40:00,134,4,103
2024-02-08 10:45:00,153,4,107
2024-02-08 10:50:00,127,4,106
2024-02-08 10:55:00,153,4,107
2024-02-08 11:00:00,144,4,106
2024-02-08 11:05:00,133,4,106
2024-02-08 11:10:00,151,4,109
2024-02-08 11:15:00,145,4,106
2024-02-08 11:20:00,158,5,108
2024-02-08 11:25:00,162,5,106
2024-02-08 11:30:00,142,4,108
2024-02-08 11:35:00,164,4,108
2024-02-08 11:40:00,149,4,106
2024-02-08 11:45:00,164,5,107
2024-02-08 11:50:00,143,4,107
2024-02-08 11:55:00,200,6,104
2024-02-08 12:00:00,182,6,105
2024-02-08 12:05:00,150,4,105
2024-02-08 12:10:00,154,5,109
2024-02-08 12:15:00,125,4,106
2024-02-08 12:20:00,137,4,107
2024-02-08 12:25:00,136,4,104
2024-02-08 12:30:00,168,5,106
2024-02-08 12:35:00,149,4,105
2024-02-08 12:40:00,131,4,106
2024-02-08 12:45:00,167,5,108
2024-02-08 12:50:00,140,4,106
2024-02-08 12:55:00,152,4,107
2024-02-08 13:00:00,174,5,106
2024-02-08 13:05:00,169,5,107
2024-02-08 13:10:00,147,4,106
2024-02-08 13:15:00,141,4,104
2024-02-08 13:20:00,182,5,110
2024-02-08 13:25:00,162,5,108
2024-02-08 13:30:00,150,4,106
2024-02-08 13:35:00,140,4,109
2024-02-08 13:40:00,167,5,108
2024-02-08 13:45:00,147,4,109
2024-02-08 13:50:00,165,5,104
2024-02-08 13:55:00,193,6,107
2024-02-08 14:00:00,168,5,108
2024-02-08 14:05:00,151,5,105
2024-02-08 14:10:00,238,7,109
2024-02-08 14:15:00,226,7,110
2024-02-08 14:20:00,182,5,109
2024-02-08 14:25:00,208,6,106
2024-02-08 14:30:00,198,6,110
2024-02-08 14:35:00,210,6,110
2024-02-08 14:40:00,182,5,109
2024-02-08 14:45:00,193,6,106
2024-02-08 14:50:00,205,6,108
2024-02-08 14:55:00,266,7,103
2024-02-08 15:00:00,226,7,108
2024-02-08 15:05:00,222,6,106
2024-02-08 15:10:00,251,7,107
2024-02-08 15:15:00,248,7,109
2024-02-08 15:20:00,225,6,112
2024-02-08 15:25:00,231,6,109
2024-02-08 15:30:00,230,6,109
2024-02-08 15:35:00,261,7,109
2024-02-08 15:40:00,273,8,107
2024-02-08 15:45:00,273,7,107
2024-02-08 15:50:00,228,6,109
2024-02-08 15:55:00,263,7,104
2024-02-08 16:00:00,248,7,108
2024-02-08 16:05:00,268,7,104
2024-02-08 16:10:00,246,7,106
2024-02-08 16:15:00,217,6,109
2024-02-08 16:20:00,256,7,108
2024-02-08 16:25:00,249,6,109
2024-02-08 16:30:00,255,7,106
2024-02-08 16:35:00,194,5,109
2024-02-08 16:40:00,253,7,107
2024-02-08 16:45:00,258,7,105
2024-02-08 16:50:00,257,7,108
2024-02-08 16:55:00,236,6,109
2024-02-08 17:00:00,207,5,108
2024-02-08 17:05:00,253,6,108
2024-02-08 17:10:00,227,5,111
2024-02-08 17:15:00,252,6,109
2024-02-08 17:20:00,232,6,109
2024-02-08 17:25:00,248,7,106
2024-02-08 17:30:00,313,8,105
2024-02-08 17:35:00,306,8,107
2024-02-08 17:40:00,245,6,106
2024-02-08 17:45:00,223,5,106
2024-02-08 17:50:00,229,6,106
2024-02-08 17:55:00,249,7,107
2024-02-08 18:00:00,262,7,107
2024-02-08 18:05:00,223,6,107
2024-02-08 18:10:00,260,6,106
2024-02-08 18:15:00,234,6,103
2024-02-08 18:20:00,245,7,102
2024-02-08 18:25:00,276,7,102
2024-02-08 18:30:00,248,7,99
2024-02-08 18:35:00,181,4,109
2024-02-08 18:40:00,253,7,102
2024-02-08 18:45:00,247,6,105
2024-02-08 18:50:00,211,6,103
2024-02-08 18:55:00,202,6,102
2024-02-08 19:00:00,251,7,102
2024-02-08 19:05:00,205,5,105
2024-02-08 19:10:00,251,7,101
2024-02-08 19:15:00,207,6,103
2024-02-08 19:20:00,224,6,103
2024-02-08 19:25:00,245,7,103
2024-02-08 19:30:00,209,5,105
2024-02-08 19:35:00,168,4,105
2024-02-08 19:40:00,205,5,105
2024-02-08 19:45:00,169,5,105
2024-02-08 19:50:00,222,6,103
2024-02-08 19:55:00,179,5,107
2024-02-08 20:00:00,191,5,105
2024-02-08 20:05:00,183,5,106
2024-02-08 20:10:00,203,6,105
2024-02-08 20:15:00,173,4,105
2024-02-08 20:20:00,190,5,107
2024-02-08 20:25:00,202,5,104
2024-02-08 20:30:00,180,5,104
2024-02-08 20:35:00,151,4,109
2024-02-08 20:40:00,196,5,103
2024-02-08 20:45:00,156,4,104
2024-02-08 20:50:00,161,4,109
2024-02-08 20:55:00,206,6,105
2024-02-08 21:00:00,142,4,104
2024-02-08 21:05:00,219,6,104
2024-02-08 21:10:00,168,4,106
2024-02-08 21:15:00,202,5,106
2024-02-08 21:20:00,166,4,110
2024-02-08 21:25:00,140,3,104
2024-02-08 21:30:00,148,4,108
2024-02-08 21:35:00,166,5,105
2024-02-08 21:40:00,163,4,108
2024-02-08 21:45:00,131,3,106
2024-02-08 21:50:00,169,4,107
2024-02-08 21:55:00,140,3,107
2024-02-08 22:00:00,165,4,107
2024-02-08 22:05:00,170,5,107
2024-02-08 22:10:00,138,4,105
2024-02-08 22:15:00,130,3,108
2024-02-08 22:20:00,143,4,105
2024-02-08 22:25:00,190,5,107
2024-02-08 22:30:00,142,4,106
2024-02-08 22:35:00,145,4,104
2024-02-08 22:40:00,136,4,103
2024-02-08 22:45:00,188,5,102
2024-02-08 22:50:00,119,3,103
2024-02-08 22:55:00,189,5,104
2024-02-08 23:00:00,123,3,106
2024-02-08 23:05:00,160,4,105
2024-02-08 23:10:00,181,5,101
2024-02-08 23:15:00,166,4,102
2024-02-08 23:20:00,122,3,105
2024-02-08 23:25:00,165,5,101
2024-02-08 23:30:00,151,4,103
2024-02-08 23:35:00,137,4,104
2024-02-08 23:40:00,142,4,103
2024-02-08 23:45:00,134,4,105
2024-02-08 23:50:00,135,3,108
2024-02-08 23:55:00,162,5,101
2024-02-09 00:00:00,103,2,105
2024-02-09 00:05:00,168,4,104
2024-02-09 00:10:00,133,3,106
2024-02-09 00:15:00,152,4,105
2024-02-09 00:20:00,159,4,103
2024-02-09 00:25:00,191,5,103
2024-02-09 00:30:00,120,3,106
2024-02-09 00:35:00,120,3,107
2024-02-09 00:40:00,126,3,107
2024-02-09 00:45:00,88,2,105
2024-02-09 00:50:00,137,3,108
2024-02-09 00:55:00,136,3,106
2024-02-09 01:00:00,109,2,106
2024-02-09 01:05:00,124,3,109
2024-02-09 01:10:00,117,3,105
2024-02-09 01:15:00,122,3,108
2024-02-09 01:20:00,113,3,105
2024-02-09 01:25:00,103,2,106
2024-02-09 01:30:00,111,2,113
2024-02-09 01:35:00,92,2,110
2024-02-09 01:40:00,94,2,108
2024-02-09 01:45:00,70,2,106
2024-02-09 01:50:00,88,2,111
2024-02-09 01:55:00,85,2,104
2024-02-09 02:00:00,94,2,109
2024-02-09 02:05:00,97,3,105
2024-02-09 02:10:00,73,2,105
2024-02-09 02:15:00,104,3,107
2024-02-09 02:20:00,138,4,105
2024-02-09 02:25:00,74,2,108
2024-02-09 02:30:00,92,2,105
2024-02-09 02:35:00,83,2,106
2024-02-09 02:40:00,74,2,106
2024-02-09 02:45:00,84,2,106
2024-02-09 02:50:00,119,3,107
2024-02-09 02:55:00,75,2,103
2024-02-09 03:00:00,114,3,107
2024-02-09 03:05:00,87,2,108
2024-02-09 03:10:00,86,2,103
2024-02-09 03:15:00,75,2,105
2024-02-09 03:20:00,68,2,107
2024-02-09 03:25:00,101,2,107
2024-02-09 03:30:00,86,2,108
2024-02-09 03:35:00,52,1,106
2024-02-09 03:40:00,82,2,110
2024-02-09 03:45:00,83,2,108
2024-02-09 03:50:00,85,2,107
2024-02-09 03:55:00,110,3,107
2024-02-09 04:00:00,103,2,105
2024-02-09 04:05:00,106,2,108
2024-02-09 04:10:00,106,2,109
2024-02-09 04:15:00,92,2,108
2024-02-09 04:20:00,106,3,108
2024-02-09 04:25:00,102,3,106
2024-02-09 04:30:00,90,2,104
2024-02-09 04:35:00,86,2,105
2024-02-09 04:40:00,129,3,106
2024-02-09 04:45:00,103,3,101
2024-02-09 04:50:00,97,2,105
2024-02-09 04:55:00,115,3,106
2024-02-09 05:00:00,99,3,106
2024-02-09 05:05:00,116,3,104
2024-02-09 05:10:00,121,3,102
2024-02-09 05:15:00,93,2,102
2024-02-09 05:20:00,108,3,105
2024-02-09 05:25:00,111,3,105
2024-02-09 05:30:00,130,3,105
2024-02-09 05:35:00,103,3,104
2024-02-09 05:40:00,120,3,104
2024-02-09 05:45:00,119,3,104
2024-02-09 05:50:00,139,4,104
2024-02-09 05:55:00,108,3,103
2024-02-09 06:00:00,129,3,104
2024-02-09 06:05:00,131,3,103
2024-02-09 06:10:00,143,3,106
2024-02-09 06:15:00,97,2,106
2024-02-09 06:20:00,113,3,101
2024-02-09 06:25:00,196,5,98
2024-02-09 06:30:00,127,3,103
2024-02-09 06:35:00,113,3,107
2024-02-09 06:40:00,144,3,104
2024-02-09 06:45:00,106,2,106
2024-02-09 06:50:00,138,3,106
2024-02-09 06:55:00,127,3,104
2024-02-09 07:00:00,161,4,104
2024-02-09 07:05:00,115,3,107
2024-02-09 07:10:00,96,2,106
2024-02-09 07:15:00,119,3,108
2024-02-09 07:20:00,127,3,106
2024-02-09 07:25:00,153,4,111
2024-02-09 07:30:00,129,3,112
2024-02-09 07:35:00,122,3,116
2024-02-09 07:40:00,107,2,110
2024-02-09 07:45:00,170,4,109
2024-02-09 07:50:00,112,2,113
2024-02-09 07:55:00,148,3,111
2024-02-09 08:00:00,135,3,112
2024-02-09 08:05:00,140,3,108
2024-02-09 08:10:00,168,4,112
2024-02-09 08:15:00,157,4,111
2024-02-09 08:20:00,180,4,112
2024-02-09 08:25:00,189,4,113
2024-02-09 08:30:00,205,5,113
2024-02-09 08:35:00,139,3,112
2024-02-09 08:40:00,181,4,113
2024-02-09 08:45:00,161,4,111
2024-02-09 08:50:00,182,4,109
2024-02-09 08:55:00,165,4,112
2024-02-09 09:00:00,174,4,109
2024-02-09 09:05:00,183,4,107
2024-02-09 09:10:00,183,4,111
2024-02-09 09:15:00,237,6,110
2024-02-09 09:20:00,191,5,110
2024-02-09 09:25:00,240,6,108
2024-02-09 09:30:00,239,6,109
2024-02-09 09:35:00,247,6,109
2024-02-09 09:40:00,244,6,110
2024-02-09 09:45:00,233,6,108
2024-02-09 09:50:00,227,6,107
2024-02-09 09:55:00,258,6,108
2024-02-09 10:00:00,276,7,108
2024-02-09 10:05:00,290,7,106
2024-02-09 10:10:00,251,6,109
2024-02-09 10:15:00,298,8,104
2024-02-09 10:20:00,302,8,106
2024-02-09 10:25:00,265,7,106
2024-02-09 10:30:00,276,7,108
2024-02-09 10:35:00,305,8,105
2024-02-09 10:40:00,323,8,105
2024-02-09 10:45:00,260,6,105
2024-02-09 10:50:00,328,8,104
2024-02-09 10:55:00,308,8,106
2024-02-09 11:00:00,279,7,104
2024-02-09 11:05:00,267,7,105
2024-02-09 11:10:00,278,7,108
2024-02-09 11:15:00,243,6,108
2024-02-09 11:20:00,358,9,101
2024-02-09 11:25:00,285,7,107
2024-02-09 11:30:00,273,7,104
2024-02-09 11:35:00,338,9,103
2024-02-09 11:40:00,282,7,106
2024-02-09 11:45:00,286,7,107
2024-02-09 11:50:00,269,7,105
2024-02-09 11:55:00,324,8,105
2024-02-09 12:00:00,328,8,107
2024-02-09 12:05:00,298,7,106
2024-02-09 12:10:00,289,7,107
2024-02-09 12:15:00,286,7,108
2024-02-09 12:20:00,290,7,109
2024-02-09 12:25:00,299,8,106
2024-02-09 12:30:00,255,6,107
2024-02-09 12:35:00,288,7,105
2024-02-09 12:40:00,339,9,103
2024-02-09 12:45:00,298,7,106
2024-02-09 12:50:00,266,7,106
2024-02-09 12:55:00,262,6,107
2024-02-09 13:00:00,297,8,104
2024-02-09 13:05:00,305,8,106
2024-02-09 13:10:00,276,7,107
2024-02-09 13:15:00,276,7,104
2024-02-09 13:20:00,254,6,106
2024-02-09 13:25:00,276,7,105
2024-02-09 13:30:00,271,7,108
2024-02-09 13:35:00,278,7,106
2024-02-09 13:40:00,263,6,107
2024-02-09 13:45:00,267,7,107
2024-02-09 13:50:00,322,8,105
2024-02-09 13:55:00,267,7,110
2024-02-09 14:00:00,256,6,109
2024-02-09 14:05:00,248,6,107
2024-02-09 14:10:00,258,6,105
2024-02-09 14:15:00,263,6,108
2024-02-09 14:20:00,258,6,110
2024-02-09 14:25:00,282,7,106
2024-02-09 14:30:00,245,6,109
2024-02-09 14:35:00,266,6,107
2024-02-09 14:40:00,230,6,111
2024-02-09 14:45:00,272,7,108
2024-02-09 14:50:00,245,6,110
2024-02-09 14:55:00,255,7,107
2024-02-09 15:00:00,274,7,105
2024-02-09 15:05:00,287,7,106
2024-02-09 15:10:00,247,6,107
2024-02-09 15:15:00,259,7,106
2024-02-09 15:20:00,253,6,107
2024-02-09 15:25:00,252,6,108
2024-02-09 15:30:00,224,5,112
2024-02-09 15:35:00,253,6,108
2024-02-09 15:40:00,294,8,104
2024-02-09 15:45:00,224,5,108
2024-02-09 15:50:00,257,6,108
2024-02-09 15:55:00,242,6,107
2024-02-09 16:00:00,285,7,109
2024-02-09 16:05:00,233,6,105
2024-02-09 16:10:00,268,7,107
2024-02-09 16:15:00,242,6,107
2024-02-09 16:20:00,246,6,106
2024-02-09 16:25:00,220,5,106
2024-02-09 16:30:00,249,6,107
2024-02-09 16:35:00,266,7,108
2024-02-09 16:40:00,239,6,110
2024-02-09 16:45:00,256,6,108
2024-02-09 16:50:00,254,6,108
2024-02-09 16:55:00,229,5,106
2024-02-09 17:00:00,259,6,108
2024-02-09 17:05:00,242,6,107
2024-02-09 17:10:00,242,6,107
2024-02-09 17:15:00,229,6,108
2024-02-09 17:20:00,240,6,110
2024-02-09 17:25:00,211,5,108
2024-02-09 17:30:00,225,5,109
2024-02-09 17:35:00,238,6,108
2024-02-09 17:40:00,197,5,112
2024-02-09 17:45:00,213,5,108
2024-02-09 17:50:00,223,5,108
2024-02-09 17:55:00,199,5,110
2024-02-09 18:00:00,165,4,110
2024-02-09 18:05:00,214,5,106
2024-02-09 18:10:00,155,3,109
2024-02-09 18:15:00,184,4,107
2024-02-09 18:20:00,151,4,106
2024-02-09 18:25:00,161,4,109
2024-02-09 18:30:00,129,3,107
2024-02-09 18:35:00,166,4,107
2024-02-09 18:40:00,112,3,108
2024-02-09 18:45:00,158,4,107
2024-02-09 18:50:00,120,3,108
2024-02-09 18:55:00,119,3,108
2024-02-09 19:00:00,120,3,104
2024-02-09 19:05:00,95,2,108
2024-02-09 19:10:00,118,3,111
2024-02-09 19:15:00,112,3,109
2024-02-09 19:20:00,98,2,103
2024-02-09 19:25:00,89,2,107
2024-02-09 19:30:00,72,1,108
2024-02-09 19:35:00,90,2,108
2024-02-09 19:40:00,92,2,108
2024-02-09 19:45:00,88,2,111
2024-02-09 19:50:00,95,2,108
2024-02-09 19:55:00,86,2,107
2024-02-09 20:00:00,76,2,113
2024-02-09 20:05:00,64,1,108
2024-02-09 20:10:00,83,2,102
2024-02-09 20:15:00,76,2,109
2024-02-09 20:20:00,91,2,110
2024-02-09 20:25:00,90,2,108
2024-02-09 20:30:00,77,2,108
2024-02-09 20:35:00,85,2,103
2024-02-09 20:40:00,78,2,105
2024-02-09 20:45:00,59,1,107
2024-02-09 20:50:00,73,2,107
2024-02-09 20:55:00,79,2,109
2024-02-09 21:00:00,58,1,107
2024-02-09 21:05:00,84,2,107
2024-02-09 21:10:00,83,2,110
2024-02-09 21:15:00,58,2,105
2024-02-09 21:20:00,56,1,105
2024-02-09 21:25:00,64,1,110
2024-02-09 21:30:00,62,1,111
2024-02-09 21:35:00,71,2,111
2024-02-09 21:40:00,67,1,109
2024-02-09 21:45:00,65,1,107
2024-02-09 21:50:00,66,2,109
2024-02-09 21:55:00,67,2,107
2024-02-09 22:00:00,79,2,112
2024-02-09 22:05:00,61,1,105
2024-02-09 22:10:00,44,1,112
2024-02-09 22:15:00,62,1,110
2024-02-09 22:20:00,65,1,110
2024-02-09 22:25:00,59,1,109
2024-02-09 22:30:00,45,1,106
2024-02-09 22:35:00,50,1,108
2024-02-09 22:40:00,54,1,109
2024-02-09 22:45:00,45,1,105
2024-02-09 22:50:00,58,1,110
2024-02-09 22:55:00,51,1,109
2024-02-09 23:00:00,42,1,105
2024-02-09 23:05:00,35,1,108
2024-02-09 23:10:00,51,1,111
2024-02-09 23:15:00,45,1,109
2024-02-09 23:20:00,36,1,105
2024-02-09 23:25:00,49,1,107
2024-02-09 23:30:00,40,1,105
2024-02-09 23:35:00,39,1,103
2024-02-09 23:40:00,46,1,115
2024-02-09 23:45:00,46,1,114
2024-02-09 23:50:00,39,1,109
2024-02-09 23:55:00,37,1,110
2024-02-10 00:00:00,38,1,111
2024-02-10 00:05:00,28,1,103
2024-02-10 00:10:00,35,1,105
2024-02-10 00:15:00,38,1,107
2024-02-10 00:20:00,27,1,107
2024-02-10 00:25:00,35,1,112
2024-02-10 00:30:00,26,1,102
2024-02-10 00:35:00,22,1,102
2024-02-10 00:40:00,29,1,106
2024-02-10 00:45:00,35,1,108
2024-02-10 00:50:00,22,1,105
2024-02-10 00:55:00,32,1,109
2024-02-10 01:00:00,22,1,106
2024-02-10 01:05:00,20,1,109
2024-02-10 01:10:00,28,1,106
2024-02-10 01:15:00,28,1,111
2024-02-10 01:20:00,29,1,108
2024-02-10 01:25:00,26,1,106
2024-02-10 01:30:00,10,1,102
2024-02-10 01:35:00,19,1,110
2024-02-10 01:40:00,16,1,99
2024-02-10 01:45:00,25,1,104
2024-02-10 01:50:00,13,1,107
2024-02-10 01:55:00,14,1,106
2024-02-10 02:00:00,10,0,115
2024-02-10 02:05:00,17,1,104
2024-02-10 02:10:00,19,1,106
2024-02-10 02:15:00,7,0,109
2024-02-10 02:20:00,16,1,115
2024-02-10 02:25:00,18,1,105
2024-02-10 02:30:00,18,0,115
2024-02-10 02:35:00,13,1,97
2024-02-10 02:40:00,12,1,101
2024-02-10 02:45:00,15,0,107
2024-02-10 02:50:00,7,0,104
2024-02-10 02:55:00,14,1,105
2024-02-10 03:00:00,17,0,114
2024-02-10 03:05:00,16,1,100
2024-02-10 03:10:00,18,1,98
2024-02-10 03:15:00,8,0,99
2024-02-10 03:20:00,12,0,101
2024-02-10 03:25:00,13,1,104
2024-02-10 03:30:00,17,0,103
2024-02-10 03:35:00,14,1,97
2024-02-10 03:40:00,6,0,105
2024-02-10 03:45:00,13,1,100
2024-02-10 03:50:00,19,1,95
2024-02-10 03:55:00,15,0,99
2024-02-10 04:00:00,14,0,106
2024-02-10 04:05:00,17,1,99
2024-02-10 04:10:00,13,0,106
2024-02-10 04:15:00,16,1,103
2024-02-10 04:20:00,14,1,99
2024-02-10 04:25:00,7,0,97
2024-02-10 04:30:00,11,1,98
2024-02-10 04:35:00,18,1,97
2024-02-10 04:40:00,14,1,104
2024-02-10 04:45:00,15,1,100
2024-02-10 04:50:00,17,1,95
2024-02-10 04:55:00,15,1,104
2024-02-10 05:00:00,13,1,97
2024-02-10 05:05:00,20,1,101
2024-02-10 05:10:00,24,1,110
2024-02-10 05:15:00,19,1,92
2024-02-10 05:20:00,24,1,100
2024-02-10 05:25:00,22,1,106
2024-02-10 05:30:00,26,1,97
2024-02-10 05:35:00,23,1,102
2024-02-10 05:40:00,29,1,103
2024-02-10 05:45:00,23,1,102
2024-02-10 05:50:00,30,1,103
2024-02-10 05:55:00,35,1,102
2024-02-10 06:00:00,25,1,109
2024-02-10 06:05:00,52,1,111
2024-02-10 06:10:00,34,1,101
2024-02-10 06:15:00,48,1,97
2024-02-10 06:20:00,42,1,101
2024-02-10 06:25:00,52,1,105
2024-02-10 06:30:00,57,1,107
2024-02-10 06:35:00,52,1,105
2024-02-10 06:40:00,56,1,102
2024-02-10 06:45:00,83,2,111
2024-02-10 06:50:00,61,1,108
2024-02-10 06:55:00,86,2,108
2024-02-10 07:00:00,73,2,103
2024-02-10 07:05:00,94,2,110
2024-02-10 07:10:00,90,2,107
2024-02-10 07:15:00,109,2,107
2024-02-10 07:20:00,97,2,111
2024-02-10 07:25:00,100,2,109
2024-02-10 07:30:00,92,2,107
2024-02-10 07:35:00,110,2,110
2024-02-10 07:40:00,110,3,112
2024-02-10 07:45:00,91,2,109
2024-02-10 07:50:00,117,2,119
2024-02-10 07:55:00,107,3,108
2024-02-10 08:00:00,109,3,111
2024-02-10 08:05:00,109,2,111
2024-02-10 08:10:00,113,2,114
2024-02-10 08:15:00,111,2,110
2024-02-10 08:20:00,97,2,115
2024-02-10 08:25:00,117,2,115
2024-02-10 08:30:00,99,2,115
2024-02-10 08:35:00,97,2,114
2024-02-10 08:40:00,95,2,110
2024-02-10 08:45:00,107,2,114
2024-02-10 08:50:00,105,2,114
2024-02-10 08:55:00,91,2,108
2024-02-10 09:00:00,97,2,111
2024-02-10 09:05:00,105,2,114
2024-02-10 09:10:00,116,3,109
2024-02-10 09:15:00,105,2,112
2024-02-10 09:20:00,114,2,110
2024-02-10 09:25:00,117,2,110
2024-02-10 09:30:00,117,3,110
2024-02-10 09:35:00,122,3,108
2024-02-10 09:40:00,116,2,112
2024-02-10 09:45:00,111,2,111
2024-02-10 09:50:00,123,3,109
2024-02-10 09:55:00,140,3,111
2024-02-10 10:00:00,144,3,110
2024-02-10 10:05:00,146,3,110
2024-02-10 10:10:00,159,3,110
2024-02-10 10:15:00,157,4,108
2024-02-10 10:20:00,191,5,112
2024-02-10 10:25:00,147,3,111
2024-02-10 10:30:00,170,4,112
2024-02-10 10:35:00,168,4,106
2024-02-10 10:40:00,208,5,106
2024-02-10 10:45:00,173,4,106
2024-02-10 10:50:00,183,4,108
2024-02-10 10:55:00,243,6,112
2024-02-10 11:00:00,274,7,107
2024-02-10 11:05:00,259,6,109
2024-02-10 11:10:00,238,6,109
2024-02-10 11:15:00,265,7,106
2024-02-10 11:20:00,287,7,104
2024-02-10 11:25:00,278,7,105
2024-02-10 11:30:00,320,8,106
2024-02-10 11:35:00,286,7,108
2024-02-10 11:40:00,277,7,108
2024-02-10 11:45:00,314,8,108
2024-02-10 11:50:00,324,8,104
2024-02-10 11:55:00,379,10,98
2024-02-10 12:00:00,347,9,102
2024-02-10 12:05:00,365,9,103
2024-02-10 12:10:00,381,10,99
2024-02-10 12:15:00,383,10,101
2024-02-10 12:20:00,410,11,99
2024-02-10 12:25:00,351,9,100
2024-02-10 12:30:00,377,10,100
2024-02-10 12:35:00,327,8,103
2024-02-10 12:40:00,370,10,96
2024-02-10 12:45:00,313,8,104
2024-02-10 12:50:00,316,8,103
2024-02-10 12:55:00,336,9,100
2024-02-10 13:00:00,363,10,93
2024-02-10 13:05:00,379,10,96
2024-02-10 13:10:00,383,11,93
2024-02-10 13:15:00,369,10,92
2024-02-10 13:20:00,367,10,92
2024-02-10 13:25:00,375,10,94
2024-02-10 13:30:00,373,10,95
2024-02-10 13:35:00,379,11,91
2024-02-10 13:40:00,359,10,94
2024-02-10 13:45:00,372,10,92
2024-02-10 13:50:00,392,11,92
2024-02-10 13:55:00,392,11,92
2024-02-10 14:00:00,364,10,94
2024-02-10 14:05:00,393,11,90
2024-02-10 14:10:00,396,11,90
2024-02-10 14:15:00,406,12,90
2024-02-10 14:20:00,403,11,89
2024-02-10 14:25:00,347,9,99
2024-02-10 14:30:00,378,10,97
2024-02-10 14:35:00,349,9,97
2024-02-10 14:40:00,371,10,94
2024-02-10 14:45:00,374,10,91
2024-02-10 14:50:00,352,9,97
2024-02-10 14:55:00,391,11,90
2024-02-10 15:00:00,401,12,89
2024-02-10 15:05:00,377,11,91
2024-02-10 15:10:00,373,10,94
2024-02-10 15:15:00,388,11,90
2024-02-10 15:20:00,402,12,86
2024-02-10 15:25:00,409,12,87
2024-02-10 15:30:00,390,11,89
2024-02-10 15:35:00,336,9,97
2024-02-10 15:40:00,352,9,98
2024-02-10 15:45:00,353,9,97
2024-02-10 15:50:00,345,9,96
2024-02-10 15:55:00,337,9,99
2024-02-10 16:00:00,365,10,98
2024-02-10 16:05:00,354,9,97
2024-02-10 16:10:00,358,10,96
2024-02-10 16:15:00,386,10,96
2024-02-10 16:20:00,362,10,98
2024-02-10 16:25:00,369,10,96
2024-02-10 16:30:00,355,10,96
2024-02-10 16:35:00,335,9,96
2024-02-10 16:40:00,350,9,96
2024-02-10 16:45:00,360,10,96
2024-02-10 16:50:00,349,9,98
2024-02-10 16:55:00,327,9,99
2024-02-10 17:00:00,346,9,98
2024-02-10 17:05:00,347,9,95
2024-02-10 17:10:00,324,8,99
2024-02-10 17:15:00,366,10,95
2024-02-10 17:20:00,339,9,96
2024-02-10 17:25:00,352,9,96
2024-02-10 17:30:00,344,9,93
2024-02-10 17:35:00,334,9,99
2024-02-10 17:40:00,330,9,97
2024-02-10 17:45:00,333,8,101
2024-02-10 17:50:00,312,8,98
2024-02-10 17:55:00,335,9,99
2024-02-10 18:00:00,328,9,97
2024-02-10 18:05:00,320,8,99
2024-02-10 18:10:00,326,9,95
2024-02-10 18:15:00,256,6,103
2024-02-10 18:20:00,290,8,96
2024-02-10 18:25:00,345,9,96
2024-02-10 18:30:00,250,6,100
2024-02-10 18:35:00,293,8,99
2024-02-10 18:40:00,231,6,102
2024-02-10 18:45:00,283,7,102
2024-02-10 18:50:00,300,8,99
2024-02-10 18:55:00,298,8,99
2024-02-10 19:00:00,218,5,104
2024-02-10 19:05:00,289,7,100
2024-02-10 19:10:00,276,7,98
2024-02-10 19:15:00,214,5,105
2024-02-10 19:20:00,351,10,93
2024-02-10 19:25:00,281,7,99
2024-02-10 19:30:00,277,7,98
2024-02-10 19:35:00,261,7,101
2024-02-10 19:40:00,257,6,101
2024-02-10 19:45:00,291,8,101
2024-02-10 19:50:00,247,6,103
2024-02-10 19:55:00,257,7,102
2024-02-10 20:00:00,235,6,103
2024-02-10 20:05:00,192,5,105
2024-02-10 20:10:00,282,7,100
2024-02-10 20:15:00,208,5,105
2024-02-10 20:20:00,197,5,105
2024-02-10 20:25:00,230,6,102
2024-02-10 20:30:00,206,5,103
2024-02-10 20:35:00,223,5,104
2024-02-10 20:40:00,181,4,107
2024-02-10 20:45:00,196,5,102
2024-02-10 20:50:00,189,5,106
2024-02-10 20:55:00,188,5,103
2024-02-10 21:00:00,165,4,107
2024-02-10 21:05:00,188,5,106
2024-02-10 21:10:00,188,5,106
2024-02-10 21:15:00,173,4,103
2024-02-10 21:20:00,164,4,106
2024-02-10 21:25:00,171,4,105
2024-02-10 21:30:00,169,4,102
2024-02-10 21:35:00,161,4,110
2024-02-10 21:40:00,131,3,105
2024-02-10 21:45:00,134,3,106
2024-02-10 21:50:00,116,3,109
2024-02-10 21:55:00,150,3,108
2024-02-10 22:00:00,116,2,109
2024-02-10 22:05:00,115,3,109
2024-02-10 22:10:00,99,2,107
2024-02-10 22:15:00,94,2,108
2024-02-10 22:20:00,83,2,105
2024-02-10 22:25:00,93,2,108
2024-02-10 22:30:00,100,2,108
2024-02-10 22:35:00,97,2,108
2024-02-10 22:40:00,96,2,108
2024-02-10 22:45:00,91,2,107
2024-02-10 22:50:00,81,2,109
2024-02-10 22:55:00,79,2,106
2024-02-10 23:00:00,87,2,107
2024-02-10 23:05:00,94,2,110
2024-02-10 23:10:00,65,1,110
2024-02-10 23:15:00,62,2,107
2024-02-10 23:20:00,52,1,111
2024-02-10 23:25:00,51,1,103
2024-02-10 23:30:00,64,1,108
2024-02-10 23:35:00,58,1,109
2024-02-10 23:40:00,52,1,110
2024-02-10 23:45:00,39,1,106
2024-02-10 23:50:00,56,1,109
2024-02-10 23:55:00,44,1,103
2024-02-11 00:00:00,53,1,109
2024-02-11 00:05:00,44,1,104
2024-02-11 00:10:00,46,1,103
2024-02-11 00:15:00,42,1,106
2024-02-11 00:20:00,45,1,109
2024-02-11 00:25:00,38,1,101
2024-02-11 00:30:00,36,1,105
2024-02-11 00:35:00,33,1,105
2024-02-11 00:40:00,19,1,105
2024-02-11 00:45:00,27,1,106
2024-02-11 00:50:00,26,1,104
2024-02-11 00:55:00,23,1,94
2024-02-11 01:00:00,21,1,99
2024-02-11 01:05:00,12,1,104
2024-02-11 01:10:00,29,1,108
2024-02-11 01:15:00,27,1,104
2024-02-11 01:20:00,30,1,108
2024-02-11 01:25:00,17,1,104
2024-02-11 01:30:00,24,1,109
2024-02-11 01:35:00,18,1,106
2024-02-11 01:40:00,15,0,108
2024-02-11 01:45:00,9,1,96
2024-02-11 01:50:00,13,0,111
2024-02-11 01:55:00,11,0,111
2024-02-11 02:00:00,19,1,107
2024-02-11 02:05:00,13,1,96
2024-02-11 02:10:00,24,1,100
2024-02-11 02:15:00,12,1,96
2024-02-11 02:20:00,12,1,103
2024-02-11 02:25:00,4,0,100
2024-02-11 02:30:00,13,0,110
2024-02-11 02:35:00,11,1,99
2024-02-11 02:40:00,9,1,101
2024-02-11 02:45:00,10,2,96
2024-02-11 02:50:00,10,1,102
2024-02-11 02:55:00,16,1,106
2024-02-11 03:00:00,11,1,99
2024-02-11 03:05:00,14,1,112
2024-02-11 03:10:00,12,1,100
2024-02-11 03:15:00,17,1,97
2024-02-11 03:20:00,6,1,105
2024-02-11 03:25:00,9,0,102
2024-02-11 03:30:00,3,0,107
2024-02-11 03:35:00,7,1,92
2024-02-11 03:40:00,14,1,95
2024-02-11 03:45:00,10,0,102
2024-02-11 03:50:00,11,1,104
2024-02-11 03:55:00,7,1,100
2024-02-11 04:00:00,12,1,98
2024-02-11 04:05:00,6,1,98
2024-02-11 04:10:00,15,1,106
2024-02-11 04:15:00,6,0,106
2024-02-11 04:20:00,7,0,99
2024-02-11 04:25:00,9,1,89
2024-02-11 04:30:00,10,0,97
2024-02-11 04:35:00,9,1,97
2024-02-11 04:40:00,11,0,99
2024-02-11 04:45:00,14,0,102
2024-02-11 04:50:00,8,0,102
2024-02-11 04:55:00,9,1,101
2024-02-11 05:00:00,12,1,104
2024-02-11 05:05:00,12,1,106
2024-02-11 05:10:00,11,1,95
2024-02-11 05:15:00,14,1,101
2024-02-11 05:20:00,15,1,97
2024-02-11 05:25:00,13,1,98
2024-02-11 05:30:00,9,0,101
2024-02-11 05:35:00,23,1,98
2024-02-11 05:40:00,14,1,105
2024-02-11 05:45:00,12,1,113
2024-02-11 05:50:00,13,1,103
2024-02-11 05:55:00,16,1,99
2024-02-11 06:00:00,18,1,103
2024-02-11 06:05:00,18,1,97
2024-02-11 06:10:00,18,1,99
2024-02-11 06:15:00,12,0,106
2024-02-11 06:20:00,25,0,100
2024-02-11 06:25:00,20,1,98
2024-02-11 06:30:00,20,1,106
2024-02-11 06:35:00,19,1,99
2024-02-11 06:40:00,22,1,113
2024-02-11 06:45:00,26,1,105
2024-02-11 06:50:00,22,1,104
2024-02-11 06:55:00,27,1,106
2024-02-11 07:00:00,23,1,103
2024-02-11 07:05:00,28,1,105
2024-02-11 07:10:00,30,1,100
2024-02-11 07:15:00,36,1,99
2024-02-11 07:20:00,28,1,101
2024-02-11 07:25:00,23,1,104
2024-02-11 07:30:00,36,1,114
2024-02-11 07:35:00,33,1,107
2024-02-11 07:40:00,41,1,105
2024-02-11 07:45:00,36,1,114
2024-02-11 07:50:00,32,1,114
2024-02-11 07:55:00,45,2,109
2024-02-11 08:00:00,34,1,110
2024-02-11 08:05:00,48,1,117
2024-02-11 08:10:00,51,1,112
2024-02-11 08:15:00,35,1,110
2024-02-11 08:20:00,48,1,107
2024-02-11 08:25:00,43,1,109
2024-02-11 08:30:00,67,2,112
2024-02-11 08:35:00,55,1,113
2024-02-11 08:40:00,59,1,115
2024-02-11 08:45:00,68,2,110
2024-02-11 08:50:00,59,1,114
2024-02-11 08:55:00,78,2,105
2024-02-11 09:00:00,65,1,112
2024-02-11 09:05:00,87,2,110
2024-02-11 09:10:00,74,2,112
2024-02-11 09:15:00,90,2,107
2024-02-11 09:20:00,101,2,112
2024-02-11 09:25:00,82,2,113
2024-02-11 09:30:00,125,3,113
2024-02-11 09:35:00,100,2,112
2024-02-11 09:40:00,106,2,112
2024-02-11 09:45:00,126,3,110
2024-02-11 09:50:00,152,3,111
2024-02-11 09:55:00,135,3,108
2024-02-11 10:00:00,159,4,113
2024-02-11 10:05:00,174,4,109
2024-02-11 10:10:00,170,4,111
2024-02-11 10:15:00,165,4,110
2024-02-11 10:20:00,192,4,111
2024-02-11 10:25:00,172,4,112
2024-02-11 10:30:00,212,5,108
2024-02-11 10:35:00,202,5,111
2024-02-11 10:40:00,240,6,108
2024-02-11 10:45:00,229,5,109
2024-02-11 10:50:00,222,5,108
2024-02-11 10:55:00,260,6,107
2024-02-11 11:00:00,229,5,109
2024-02-11 11:05:00,271,7,104
2024-02-11 11:10:00,248,6,107
2024-02-11 11:15:00,279,7,107
2024-02-11 11:20:00,282,7,109
2024-02-11 11:25:00,283,7,107
2024-02-11 11:30:00,272,7,108
2024-02-11 11:35:00,268,7,107
2024-02-11 11:40:00,300,7,107
2024-02-11 11:45:00,308,8,105
2024-02-11 11:50:00,304,8,106
2024-02-11 11:55:00,334,8,104
2024-02-11 12:00:00,344,9,103
2024-02-11 12:05:00,361,9,102
2024-02-11 12:10:00,328,8,105
2024-02-11 12:15:00,332,9,105
2024-02-11 12:20:00,339,9,103
2024-02-11 12:25:00,352,9,104
2024-02-11 12:30:00,320,8,104
2024-02-11 12:35:00,301,8,104
2024-02-11 12:40:00,339,9,99
2024-02-11 12:45:00,345,9,101
2024-02-11 12:50:00,358,9,104
2024-02-11 12:55:00,263,6,108
2024-02-11 13:00:00,365,10,101
2024-02-11 13:05:00,394,11,99
2024-02-11 13:10:00,388,11,96
2024-02-11 13:15:00,383,10,98
2024-02-11 13:20:00,292,7,105
2024-02-11 13:25:00,320,8,105
2024-02-11 13:30:00,357,9,101
2024-02-11 13:35:00,347,9,103
2024-02-11 13:40:00,365,10,99
2024-02-11 13:45:00,332,9,101
2024-02-11 13:50:00,384,10,101
2024-02-11 13:55:00,390,10,102
2024-02-11 14:00:00,352,9,102
2024-02-11 14:05:00,330,8,103
2024-02-11 14:10:00,366,9,101
2024-02-11 14:15:00,397,10,102
2024-02-11 14:20:00,355,9,105
2024-02-11 14:25:00,367,9,103
2024-02-11 14:30:00,343,9,102
2024-02-11 14:35:00,375,10,101
2024-02-11 14:40:00,370,9,102
2024-02-11 14:45:00,344,9,102
2024-02-11 14:50:00,390,10,97
2024-02-11 14:55:00,370,10,99
2024-02-11 15:00:00,370,10,101
2024-02-11 15:05:00,407,11,99
2024-02-11 15:10:00,373,9,103
2024-02-11 15:15:00,355,9,99
2024-02-11 15:20:00,371,10,100
2024-02-11 15:25:00,396,10,98
2024-02-11 15:30:00,383,10,98
2024-02-11 15:35:00,369,10,98
2024-02-11 15:40:00,415,11,95
2024-02-11 15:45:00,421,11,97
2024-02-11 15:50:00,383,10,101
2024-02-11 15:55:00,371,10,99
2024-02-11 16:00:00,373,10,99
2024-02-11 16:05:00,383,10,99
2024-02-11 16:10:00,340,9,100
2024-02-11 16:15:00,331,8,101
2024-02-11 16:20:00,341,9,104
2024-02-11 16:25:00,349,9,101
2024-02-11 16:30:00,353,9,102
2024-02-11 16:35:00,358,9,100
2024-02-11 16:40:00,338,9,101
2024-02-11 16:45:00,305,7,105
2024-02-11 16:50:00,333,8,103
2024-02-11 16:55:00,316,8,103
2024-02-11 17:00:00,339,9,103
2024-02-11 17:05:00,309,8,103
2024-02-11 17:10:00,322,8,102
2024-02-11 17:15:00,378,10,100
2024-02-11 17:20:00,349,9,101
2024-02-11 17:25:00,320,8,104
2024-02-11 17:30:00,304,8,104
2024-02-11 17:35:00,290,7,105
2024-02-11 17:40:00,305,8,105
2024-02-11 17:45:00,267,6,106
2024-02-11 17:50:00,288,7,106
2024-02-11 17:55:00,265,6,106
2024-02-11 18:00:00,277,7,103
2024-02-11 18:05:00,325,8,101
2024-02-11 18:10:00,294,8,100
2024-02-11 18:15:00,236,6,101
2024-02-11 18:20:00,226,6,104
2024-02-11 18:25:00,244,6,103
2024-02-11 18:30:00,241,6,101
2024-02-11 18:35:00,222,5,104
2024-02-11 18:40:00,261,7,101
2024-02-11 18:45:00,218,5,105
2024-02-11 18:50:00,214,5,104
2024-02-11 18:55:00,208,5,100
2024-02-11 19:00:00,227,6,100
2024-02-11 19:05:00,177,4,105
2024-02-11 19:10:00,189,5,102
2024-02-11 19:15:00,234,6,103
2024-02-11 19:20:00,236,6,104
2024-02-11 19:25:00,218,5,104
2024-02-11 19:30:00,189,5,104
2024-02-11 19:35:00,203,5,104
2024-02-11 19:40:00,194,5,103
2024-02-11 19:45:00,190,5,109
2024-02-11 19:50:00,188,5,103
2024-02-11 19:55:00,154,4,108
2024-02-11 20:00:00,167,4,106
2024-02-11 20:05:00,178,4,104
2024-02-11 20:10:00,130,3,106
2024-02-11 20:15:00,158,4,109
2024-02-11 20:20:00,122,3,107
2024-02-11 20:25:00,131,3,111
2024-02-11 20:30:00,132,3,104
2024-02-11 20:35:00,112,3,107
2024-02-11 20:40:00,111,3,107
2024-02-11 20:45:00,156,4,109
2024-02-11 20:50:00,113,3,108
2024-02-11 20:55:00,121,3,105
2024-02-11 21:00:00,106,2,107
2024-02-11 21:05:00,116,3,107
2024-02-11 21:10:00,118,3,107
2024-02-11 21:15:00,98,2,104
2024-02-11 21:20:00,118,3,107
2024-02-11 21:25:00,98,2,107
2024-02-11 21:30:00,98,3,108
2024-02-11 21:35:00,92,2,104
2024-02-11 21:40:00,87,2,107
2024-02-11 21:45:00,72,2,111
2024-02-11 21:50:00,91,2,105
2024-02-11 21:55:00,86,2,107
2024-02-11 22:00:00,79,2,107
2024-02-11 22:05:00,80,2,107
2024-02-11 22:10:00,77,2,104
2024-02-11 22:15:00,95,2,109
2024-02-11 22:20:00,74,2,105
2024-02-11 22:25:00,77,2,104
2024-02-11 22:30:00,68,2,107
2024-02-11 22:35:00,64,2,105
2024-02-11 22:40:00,68,1,108
2024-02-11 22:45:00,72,2,106
2024-02-11 22:50:00,61,1,109
2024-02-11 22:55:00,59,1,105
2024-02-11 23:00:00,57,2,103
2024-02-11 23:05:00,59,2,109
2024-02-11 23:10:00,61,1,113
2024-02-11 23:15:00,54,1,112
2024-02-11 23:20:00,50,1,107
2024-02-11 23:25:00,41,1,113
2024-02-11 23:30:00,28,1,105
2024-02-11 23:35:00,36,1,108
2024-02-11 23:40:00,41,1,107
2024-02-11 23:45:00,38,1,109
2024-02-11 23:50:00,38,1,112
2024-02-11 23:55:00,38,1,102
2024-02-12 00:00:00,29,1,104
2024-02-12 00:05:00,22,1,108
2024-02-12 00:10:00,23,1,100
2024-02-12 00:15:00,35,1,105
2024-02-12 00:20:00,25,1,100
2024-02-12 00:25:00,36,1,100
2024-02-12 00:30:00,32,1,109
2024-02-12 00:35:00,29,1,108
2024-02-12 00:40:00,22,1,109
2024-02-12 00:45:00,28,1,107
2024-02-12 00:50:00,34,1,113
2024-02-12 00:55:00,25,1,106
2024-02-12 01:00:00,24,1,106
2024-02-12 01:05:00,17,1,104
2024-02-12 01:10:00,21,1,100
2024-02-12 01:15:00,20,1,117
2024-02-12 01:20:00,19,1,100
2024-02-12 01:25:00,17,1,102
2024-02-12 01:30:00,17,1,102
2024-02-12 01:35:00,14,1,98
2024-02-12 01:40:00,17,1,100
2024-02-12 01:45:00,15,1,96
2024-02-12 01:50:00,21,1,100
2024-02-12 01:55:00,17,1,102
2024-02-12 02:00:00,20,1,105
2024-02-12 02:05:00,24,1,107
2024-02-12 02:10:00,10,1,100
2024-02-12 02:15:00,19,1,99
2024-02-12 02:20:00,16,1,121
2024-02-12 02:25:00,9,1,95
2024-02-12 02:30:00,11,1,99
2024-02-12 02:35:00,14,1,102
2024-02-12 02:40:00,16,1,101
2024-02-12 02:45:00,14,1,105
2024-02-12 02:50:00,8,0,99
2024-02-12 02:55:00,14,1,112
2024-02-12 03:00:00,12,1,97
2024-02-12 03:05:00,11,1,96
2024-02-12 03:10:00,20,1,97
2024-02-12 03:15:00,9,1,96
2024-02-12 03:20:00,9,1,101
2024-02-12 03:25:00,7,1,98
2024-02-12 03:30:00,4,0,102
2024-02-12 03:35:00,13,1,88
2024-02-12 03:40:00,8,0,101
2024-02-12 03:45:00,10,1,93
2024-02-12 03:50:00,9,1,93
2024-02-12 03:55:00,16,1,96
2024-02-12 04:00:00,12,1,102
2024-02-12 04:05:00,19,1,103
2024-02-12 04:10:00,12,1,89
2024-02-12 04:15:00,12,1,102
2024-02-12 04:20:00,13,1,94
2024-02-12 04:25:00,14,2,91
2024-02-12 04:30:00,4,1,97
2024-02-12 04:35:00,10,1,94
2024-02-12 04:40:00,9,1,103
2024-02-12 04:45:00,8,1,96
2024-02-12 04:50:00,9,1,90
2024-02-12 04:55:00,12,1,106
2024-02-12 05:00:00,14,1,94
2024-02-12 05:05:00,6,1,100
2024-02-12 05:10:00,15,1,98
2024-02-12 05:15:00,13,2,91
2024-02-12 05:20:00,7,1,93
2024-02-12 05:25:00,20,1,92
2024-02-12 05:30:00,14,2,89
2024-02-12 05:35:00,12,1,89
2024-02-12 05:40:00,11,1,93
2024-02-12 05:45:00,18,1,96
2024-02-12 05:50:00,16,1,97
2024-02-12 05:55:00,17,1,98
2024-02-12 06:00:00,10,1,100
2024-02-12 06:05:00,12,1,103
2024-02-12 06:10:00,22,1,90
2024-02-12 06:15:00,28,1,99
2024-02-12 06:20:00,25,1,100
2024-02-12 06:25:00,18,1,99
2024-02-12 06:30:00,12,1,86
2024-02-12 06:35:00,30,2,95
2024-02-12 06:40:00,23,1,98
2024-02-12 06:45:00,22,1,96
2024-02-12 06:50:00,27,1,97
2024-02-12 06:55:00,20,1,102
2024-02-12 07:00:00,27,1,97
2024-02-12 07:05:00,30,1,99
2024-02-12 07:10:00,37,1,106
2024-02-12 07:15:00,31,2,103
2024-02-12 07:20:00,30,1,101
2024-02-12 07:25:00,14,1,99
2024-02-12 07:30:00,28,1,105
2024-02-12 07:35:00,41,1,102
2024-02-12 07:40:00,28,1,107
2024-02-12 07:45:00,36,1,107
2024-02-12 07:50:00,30,1,109
2024-02-12 07:55:00,29,1,101
2024-02-12 08:00:00,35,1,106
2024-02-12 08:05:00,35,1,106
2024-02-12 08:10:00,38,1,104
2024-02-12 08:15:00,40,1,107
2024-02-12 08:20:00,40,1,103
2024-02-12 08:25:00,59,2,109
2024-02-12 08:30:00,46,1,108
2024-02-12 08:35:00,38,1,107
2024-02-12 08:40:00,42,1,113
2024-02-12 08:45:00,49,1,112
2024-02-12 08:50:00,70,2,109
2024-02-12 08:55:00,49,1,112
2024-02-12 09:00:00,50,1,111
2024-02-12 09:05:00,56,2,105
2024-02-12 09:10:00,62,2,106
2024-02-12 09:15:00,62,2,110
2024-02-12 09:20:00,57,2,107
2024-02-12 09:25:00,70,2,105
2024-02-12 09:30:00,66,2,108
2024-02-12 09:35:00,85,3,106
2024-02-12 09:40:00,79,2,109
2024-02-12 09:45:00,99,2,107
2024-02-12 09:50:00,95,3,104
2024-02-12 09:55:00,109,3,113
2024-02-12 10:00:00,98,2,112
2024-02-12 10:05:00,137,3,113
2024-02-12 10:10:00,106,2,109
2024-02-12 10:15:00,149,4,110
2024-02-12 10:20:00,131,3,111
2024-02-12 10:25:00,127,3,111
2024-02-12 10:30:00,168,4,109
2024-02-12 10:35:00,145,3,109
2024-02-12 10:40:00,155,4,109
2024-02-12 10:45:00,156,4,113
2024-02-12 10:50:00,146,3,110
2024-02-12 10:55:00,148,4,108
2024-02-12 11:00:00,188,5,109
2024-02-12 11:05:00,164,4,112
2024-02-12 11:10:00,180,4,108
2024-02-12 11:15:00,207,5,105
2024-02-12 11:20:00,161,4,107
2024-02-12 11:25:00,179,5,110
2024-02-12 11:30:00,207,5,106
2024-02-12 11:35:00,218,5,108
2024-02-12 11:40:00,195,5,108
2024-02-12 11:45:00,220,6,109
2024-02-12 11:50:00,202,5,107
2024-02-12 11:55:00,231,6,107
2024-02-12 12:00:00,214,5,110
2024-02-12 12:05:00,194,5,107
2024-02-12 12:10:00,217,5,107
2024-02-12 12:15:00,156,4,106
2024-02-12 12:20:00,215,6,106
2024-02-12 12:25:00,236,6,108
2024-02-12 12:30:00,196,5,106
2024-02-12 12:35:00,235,6,107
2024-02-12 12:40:00,238,6,107
2024-02-12 12:45:00,200,5,105
2024-02-12 12:50:00,218,5,109
2024-02-12 12:55:00,219,5,107
2024-02-12 13:00:00,220,6,106
2024-02-12 13:05:00,212,5,108
2024-02-12 13:10:00,212,5,107
2024-02-12 13:15:00,248,6,107
2024-02-12 13:20:00,241,6,108
2024-02-12 13:25:00,213,5,110
2024-02-12 13:30:00,216,5,110
2024-02-12 13:35:00,224,5,111
2024-02-12 13:40:00,215,5,107
2024-02-12 13:45:00,248,6,105
2024-02-12 13:50:00,251,6,106
2024-02-12 13:55:00,228,6,112
2024-02-12 14:00:00,247,6,107
2024-02-12 14:05:00,206,5,107
2024-02-12 14:10:00,251,6,108
2024-02-12 14:15:00,230,6,107
2024-02-12 14:20:00,281,7,104
2024-02-12 14:25:00,263,7,106
2024-02-12 14:30:00,294,7,106
2024-02-12 14:35:00,229,6,107
2024-02-12 14:40:00,253,6,106
2024-02-12 14:45:00,251,6,105
2024-02-12 14:50:00,258,6,109
2024-02-12 14:55:00,271,7,106
2024-02-12 15:00:00,230,6,106
2024-02-12 15:05:00,297,7,105
2024-02-12 15:10:00,291,7,106
2024-02-12 15:15:00,279,7,109
2024-02-12 15:20:00,292,7,106
2024-02-12 15:25:00,269,7,107
2024-02-12 15:30:00,248,6,107
2024-02-12 15:35:00,295,7,106
2024-02-12 15:40:00,217,5,110
2024-02-12 15:45:00,258,6,105
2024-02-12 15:50:00,279,7,107
2024-02-12 15:55:00,240,6,106
2024-02-12 16:00:00,230,5,108
2024-02-12 16:05:00,229,5,108
2024-02-12 16:10:00,233,6,108
2024-02-12 16:15:00,218,5,108
2024-02-12 16:20:00,204,5,107
2024-02-12 16:25:00,207,5,106
2024-02-12 16:30:00,205,5,107
2024-02-12 16:35:00,190,4,110
2024-02-12 16:40:00,207,5,105
2024-02-12 16:45:00,240,6,105
2024-02-12 16:50:00,231,6,108
2024-02-12 16:55:00,247,6,108
2024-02-12 17:00:00,260,6,107
2024-02-12 17:05:00,197,5,108
2024-02-12 17:10:00,244,6,106
2024-02-12 17:15:00,265,6,108
2024-02-12 17:20:00,277,7,104
2024-02-12 17:25:00,247,6,106
2024-02-12 17:30:00,232,6,107
2024-02-12 17:35:00,277,7,103
2024-02-12 17:40:00,222,5,108
2024-02-12 17:45:00,245,6,107
2024-02-12 17:50:00,231,6,107
2024-02-12 17:55:00,244,6,106
2024-02-12 18:00:00,210,5,107
2024-02-12 18:05:00,249,7,102
2024-02-12 18:10:00,185,5,107
2024-02-12 18:15:00,236,6,102
2024-02-12 18:20:00,180,5,104
2024-02-12 18:25:00,214,6,101
2024-02-12 18:30:00,200,5,105
2024-02-12 18:35:00,179,4,106
2024-02-12 18:40:00,154,4,105
2024-02-12 18:45:00,163,4,106
2024-02-12 18:50:00,189,5,106
2024-02-12 18:55:00,154,4,106
2024-02-12 19:00:00,182,4,107
2024-02-12 19:05:00,152,4,105
2024-02-12 19:10:00,145,4,102
2024-02-12 19:15:00,144,4,103
2024-02-12 19:20:00,159,4,107
2024-02-12 19:25:00,153,4,104
2024-02-12 19:30:00,159,4,104
2024-02-12 19:35:00,137,4,106
2024-02-12 19:40:00,150,4,104
2024-02-12 19:45:00,119,3,105
2024-02-12 19:50:00,153,4,107
2024-02-12 19:55:00,155,4,108
2024-02-12 20:00:00,147,4,104
2024-02-12 20:05:00,129,3,106
2024-02-12 20:10:00,115,3,104
2024-02-12 20:15:00,134,3,106
2024-02-12 20:20:00,140,4,103
2024-02-12 20:25:00,126,3,105
2024-02-12 20:30:00,119,3,108
2024-02-12 20:35:00,100,2,106
2024-02-12 20:40:00,111,3,106
2024-02-12 20:45:00,106,2,105
2024-02-12 20:50:00,108,3,105
2024-02-12 20:55:00,110,3,106
2024-02-12 21:00:00,109,3,104
2024-02-12 21:05:00,98,2,106
2024-02-12 21:10:00,90,2,104
2024-02-12 21:15:00,80,2,106
2024-02-12 21:20:00,109,3,105
2024-02-12 21:25:00,89,2,105
2024-02-12 21:30:00,87,2,103
2024-02-12 21:35:00,81,2,108
2024-02-12 21:40:00,84,2,109
2024-02-12 21:45:00,78,2,106
2024-02-12 21:50:00,84,2,104
2024-02-12 21:55:00,68,2,102
2024-02-12 22:00:00,99,2,108
2024-02-12 22:05:00,78,2,108
2024-02-12 22:10:00,56,2,107
2024-02-12 22:15:00,65,2,106
2024-02-12 22:20:00,65,1,109
2024-02-12 22:25:00,63,2,102
2024-02-12 22:30:00,57,2,106
2024-02-12 22:35:00,73,3,102
2024-02-12 22:40:00,77,2,105
2024-02-12 22:45:00,51,1,111
2024-02-12 22:50:00,44,1,108
2024-02-12 22:55:00,56,2,103
2024-02-12 23:00:00,61,2,105
2024-02-12 23:05:00,44,1,112
2024-02-12 23:10:00,49,1,106
2024-02-12 23:15:00,60,2,106
2024-02-12 23:20:00,44,1,101
2024-02-12 23:25:00,53,2,98
2024-02-12 23:30:00,53,1,103
2024-02-12 23:35:00,39,2,99
2024-02-12 23:40:00,36,1,106
2024-02-12 23:45:00,28,1,106
2024-02-12 23:50:00,31,1,103
2024-02-12 23:55:00,29,1,99
2024-02-13 00:00:00,28,1,97
2024-02-13 00:05:00,37,1,107
2024-02-13 00:10:00,32,1,108
2024-02-13 00:15:00,29,1,108
2024-02-13 00:20:00,34,1,99
2024-02-13 00:25:00,23,1,105
2024-02-13 00:30:00,20,1,109
2024-02-13 00:35:00,24,1,96
2024-02-13 00:40:00,23,1,105
2024-02-13 00:45:00,25,1,96
2024-02-13 00:50:00,23,1,99
2024-02-13 00:55:00,17,1,95
2024-02-13 01:00:00,24,1,101
2024-02-13 01:05:00,16,1,104
2024-02-13 01:10:00,20,1,99
2024-02-13 01:15:00,13,1,98
2024-02-13 01:20:00,14,1,109
2024-02-13 01:25:00,3,1,90
2024-02-13 01:30:00,15,1,106
2024-02-13 01:35:00,11,1,94
2024-02-13 01:40:00,20,1,96
2024-02-13 01:45:00,16,1,97
2024-02-13 01:50:00,19,1,86
2024-02-13 01:55:00,20,1,108
2024-02-13 02:00:00,7,1,96
2024-02-13 02:05:00,21,1,105
2024-02-13 02:10:00,10,1,107
2024-02-13 02:15:00,18,1,98
2024-02-13 02:20:00,16,1,97
2024-02-13 02:25:00,9,2,85
2024-02-13 02:30:00,5,1,97
2024-02-13 02:35:00,15,1,89
2024-02-13 02:40:00,6,1,88
2024-02-13 02:45:00,12,2,83
2024-02-13 02:50:00,11,1,95
2024-02-13 02:55:00,6,1,89
2024-02-13 03:00:00,13,1,90
2024-02-13 03:05:00,10,1,98
2024-02-13 03:10:00,12,1,92
2024-02-13 03:15:00,16,1,96
2024-02-13 03:20:00,12,1,88
2024-02-13 03:25:00,20,1,98
2024-02-13 03:30:00,14,1,97
2024-02-13 03:35:00,11,1,96
2024-02-13 03:40:00,15,1,88
2024-02-13 03:45:00,15,1,91
2024-02-13 03:50:00,18,1,92
2024-02-13 03:55:00,17,2,87
2024-02-13 04:00:00,14,1,90
2024-02-13 04:05:00,11,1,92
2024-02-13 04:10:00,24,2,90
2024-02-13 04:15:00,16,2,92
2024-02-13 04:20:00,11,2,86
2024-02-13 04:25:00,18,2,84
2024-02-13 04:30:00,14,2,86
2024-02-13 04:35:00,19,1,96
2024-02-13 04:40:00,13,1,98
2024-02-13 04:45:00,23,2,94
2024-02-13 04:50:00,21,2,90
2024-02-13 04:55:00,18,1,92
2024-02-13 05:00:00,26,2,97
2024-02-13 05:05:00,14,1,91
2024-02-13 05:10:00,24,2,90
2024-02-13 05:15:00,24,2,88
2024-02-13 05:20:00,28,1,92
2024-02-13 05:25:00,36,2,87
2024-02-13 05:30:00,19,1,97
2024-02-13 05:35:00,36,1,100
2024-02-13 05:40:00,31,2,95
2024-02-13 05:45:00,40,2,94
2024-02-13 05:50:00,46,2,91
2024-02-13 05:55:00,44,2,91
2024-02-13 06:00:00,43,1,101
2024-02-13 06:05:00,44,2,94
2024-02-13 06:10:00,53,2,96
2024-02-13 06:15:00,49,2,98
2024-02-13 06:20:00,61,2,93
2024-02-13 06:25:00,66,4,93
2024-02-13 06:30:00,63,2,99
2024-02-13 06:35:00,84,3,101
2024-02-13 06:40:00,53,2,96
2024-02-13 06:45:00,63,2,102
2024-02-13 06:50:00,58,2,100
2024-02-13 06:55:00,70,2,103
2024-02-13 07:00:00,58,2,101
2024-02-13 07:05:00,78,2,101
2024-02-13 07:10:00,80,2,105
2024-02-13 07:15:00,69,2,101
2024-02-13 07:20:00,69,3,95
2024-02-13 07:25:00,80,3,99
2024-02-13 07:30:00,54,2,102
2024-02-13 07:35:00,81,3,103
2024-02-13 07:40:00,74,3,103
2024-02-13 07:45:00,72,2,105
2024-02-13 07:50:00,86,3,104
2024-02-13 07:55:00,84,3,104
2024-02-13 08:00:00,85,2,108
2024-02-13 08:05:00,79,2,106
2024-02-13 08:10:00,77,2,103
2024-02-13 08:15:00,96,2,108
2024-02-13 08:20:00,81,2,109
2024-02-13 08:25:00,96,3,107
2024-02-13 08:30:00,74,2,111
2024-02-13 08:35:00,76,3,98
2024-02-13 08:40:00,64,2,103
2024-02-13 08:45:00,95,3,103
2024-02-13 08:50:00,89,3,101
2024-02-13 08:55:00,54,2,109
2024-02-13 09:00:00,88,3,103
2024-02-13 09:05:00,79,2,104
2024-02-13 09:10:00,89,3,107
2024-02-13 09:15:00,76,3,100
2024-02-13 09:20:00,75,2,104
2024-02-13 09:25:00,89,3,103
2024-02-13 09:30:00,98,3,101
2024-02-13 09:35:00,88,3,101
2024-02-13 09:40:00,104,3,99
2024-02-13 09:45:00,112,4,98
2024-02-13 09:50:00,90,3,104
2024-02-13 09:55:00,106,3,101
2024-02-13 10:00:00,109,3,103
2024-02-13 10:05:00,114,4,102
2024-02-13 10:10:00,99,3,106
2024-02-13 10:15:00,111,3,106
2024-02-13 10:20:00,120,4,104
2024-02-13 10:25:00,104,4,101
2024-02-13 10:30:00,98,3,105
2024-02-13 10:35:00,131,4,103
2024-02-13 10:40:00,102,3,105
2024-02-13 10:45:00,114,3,104
2024-02-13 10:50:00,137,4,106
2024-02-13 10:55:00,148,5,106
2024-02-13 11:00:00,160,5,106
2024-02-13 11:05:00,129,4,104
2024-02-13 11:10:00,133,4,105
2024-02-13 11:15:00,107,3,104
2024-02-13 11:20:00,143,4,104
2024-02-13 11:25:00,159,5,105
2024-02-13 11:30:00,177,5,105
2024-02-13 11:35:00,124,4,107
2024-02-13 11:40:00,152,5,106
2024-02-13 11:45:00,126,4,101
2024-02-13 11:50:00,156,5,103
2024-02-13 11:55:00,157,5,102
2024-02-13 12:00:00,135,4,105
2024-02-13 12:05:00,143,5,102
2024-02-13 12:10:00,133,4,104
2024-02-13 12:15:00,132,4,102
2024-02-13 12:20:00,126,4,105
2024-02-13 12:25:00,138,4,102
2024-02-13 12:30:00,148,5,103
2024-02-13 12:35:00,146,5,102
2024-02-13 12:40:00,137,4,106
2024-02-13 12:45:00,129,4,103
2024-02-13 12:50:00,132,4,102
2024-02-13 12:55:00,120,3,104
2024-02-13 13:00:00,153,5,105
2024-02-13 13:05:00,133,4,99
2024-02-13 13:10:00,137,4,105
2024-02-13 13:15:00,121,4,102
2024-02-13 13:20:00,157,5,104
2024-02-13 13:25:00,159,5,103
2024-02-13 13:30:00,146,5,104
2024-02-13 13:35:00,130,4,103
2024-02-13 13:40:00,153,5,104
2024-02-13 13:45:00,165,5,104
2024-02-13 13:50:00,145,4,105
2024-02-13 13:55:00,151,4,107
2024-02-13 14:00:00,149,5,104
2024-02-13 14:05:00,137,4,102
2024-02-13 14:10:00,148,4,106
2024-02-13 14:15:00,132,4,106
2024-02-13 14:20:00,132,4,106
2024-02-13 14:25:00,178,6,106
2024-02-13 14:30:00,150,5,103
2024-02-13 14:35:00,154,5,105
2024-02-13 14:40:00,163,5,106
2024-02-13 14:45:00,164,5,108
2024-02-13 14:50:00,140,4,105
2024-02-13 14:55:00,143,4,108
2024-02-13 15:00:00,126,4,107
2024-02-13 15:05:00,155,4,109
2024-02-13 15:10:00,135,4,105
2024-02-13 15:15:00,166,5,103
2024-02-13 15:20:00,146,4,107
2024-02-13 15:25:00,123,3,108
2024-02-13 15:30:00,159,5,105
2024-02-13 15:35:00,154,4,108
2024-02-13 15:40:00,140,4,106
2024-02-13 15:45:00,117,3,115
2024-02-13 15:50:00,152,4,104
2024-02-13 15:55:00,114,3,108
2024-02-13 16:00:00,140,4,108
2024-02-13 16:05:00,129,3,106
2024-02-13 16:10:00,144,4,107
2024-02-13 16:15:00,129,3,110
2024-02-13 16:20:00,145,4,106
2024-02-13 16:25:00,125,4,105
2024-02-13 16:30:00,140,4,108
2024-02-13 16:35:00,124,4,105
2024-02-13 16:40:00,132,4,105
2024-02-13 16:45:00,139,4,105
2024-02-13 16:50:00,134,3,106
2024-02-13 16:55:00,121,3,103
2024-02-13 17:00:00,118,3,105
2024-02-13 17:05:00,123,3,102
2024-02-13 17:10:00,106,3,109
2024-02-13 17:15:00,118,3,107
2024-02-13 17:20:00,101,3,103
2024-02-13 17:25:00,122,4,104
2024-02-13 17:30:00,119,3,107
2024-02-13 17:35:00,95,3,104
2024-02-13 17:40:00,126,4,101
2024-02-13 17:45:00,124,3,107
2024-02-13 17:50:00,88,3,103
2024-02-13 17:55:00,109,3,102
2024-02-13 18:00:00,118,3,104
2024-02-13 18:05:00,91,2,105
2024-02-13 18:10:00,110,3,103
2024-02-13 18:15:00,98,3,102
2024-02-13 18:20:00,90,3,102
2024-02-13 18:25:00,94,3,101
2024-02-13 18:30:00,94,3,100
2024-02-13 18:35:00,102,3,105
2024-02-13 18:40:00,98,3,103
2024-02-13 18:45:00,89,3,102
2024-02-13 18:50:00,79,3,101
2024-02-13 18:55:00,84,3,101
2024-02-13 19:00:00,80,2,104
2024-02-13 19:05:00,63,2,99
2024-02-13 19:10:00,80,3,102
2024-02-13 19:15:00,77,2,99
2024-02-13 19:20:00,66,2,101
2024-02-13 19:25:00,74,2,104
2024-02-13 19:30:00,83,3,100
2024-02-13 19:35:00,89,3,96
2024-02-13 19:40:00,78,3,95
2024-02-13 19:45:00,50,2,94
2024-02-13 19:50:00,68,2,107
2024-02-13 19:55:00,67,2,100
2024-02-13 20:00:00,72,2,102
2024-02-13 20:05:00,61,2,103
2024-02-13 20:10:00,63,2,100
2024-02-13 20:15:00,53,2,95
2024-02-13 20:20:00,74,2,99
2024-02-13 20:25:00,68,2,103
2024-02-13 20:30:00,63,2,102
2024-02-13 20:35:00,48,2,96
2024-02-13 20:40:00,63,2,103
2024-02-13 20:45:00,54,3,97
2024-02-13 20:50:00,62,2,102
2024-02-13 20:55:00,54,2,102
2024-02-13 21:00:00,58,2,107
2024-02-13 21:05:00,37,1,99
2024-02-13 21:10:00,79,3,98
2024-02-13 21:15:00,38,1,97
2024-02-13 21:20:00,60,2,101
2024-02-13 21:25:00,56,2,100
2024-02-13 21:30:00,52,2,97
2024-02-13 21:35:00,37,1,104
2024-02-13 21:40:00,66,3,99
2024-02-13 21:45:00,51,2,99
2024-02-13 21:50:00,39,2,100
2024-02-13 21:55:00,46,2,101
2024-02-13 22:00:00,46,1,104
2024-02-13 22:05:00,35,2,96
2024-02-13 22:10:00,41,2,96
2024-02-13 22:15:00,45,1,104
2024-02-13 22:20:00,40,2,100
2024-02-13 22:25:00,48,2,98
2024-02-13 22:30:00,50,2,95
2024-02-13 22:35:00,42,2,93
2024-02-13 22:40:00,37,1,99
2024-02-13 22:45:00,30,2,102
2024-02-13 22:50:00,34,1,106
2024-02-13 22:55:00,30,1,100
2024-02-13 23:00:00,27,1,92
2024-02-13 23:05:00,35,2,95
2024-02-13 23:10:00,38,2,95
2024-02-13 23:15:00,30,2,96
2024-02-13 23:20:00,35,2,97
2024-02-13 23:25:00,34,2,95
2024-02-13 23:30:00,38,2,95
2024-02-13 23:35:00,46,2,96
2024-02-13 23:40:00,32,1,93
2024-02-13 23:45:00,26,1,102
2024-02-13 23:50:00,21,1,89
2024-02-13 23:55:00,24,2,98
2024-02-14 00:00:00,27,2,93
2024-02-14 00:05:00,19,2,93
2024-02-14 00:10:00,30,2,90
2024-02-14 00:15:00,26,2,97
2024-02-14 00:20:00,28,2,95
2024-02-14 00:25:00,20,2,94
2024-02-14 00:30:00,21,2,98
2024-02-14 00:35:00,16,2,87
2024-02-14 00:40:00,18,2,91
2024-02-14 00:45:00,21,1,95
2024-02-14 00:50:00,18,1,89
2024-02-14 00:55:00,23,3,95
2024-02-14 01:00:00,22,1,91
2024-02-14 01:05:00,19,1,88
2024-02-14 01:10:00,19,2,89
2024-02-14 01:15:00,21,2,86
2024-02-14 01:20:00,22,2,90
2024-02-14 01:25:00,13,2,87
2024-02-14 01:30:00,22,2,85
2024-02-14 01:35:00,14,2,90
2024-02-14 01:40:00,15,2,83
2024-02-14 01:45:00,12,2,99
2024-02-14 01:50:00,13,2,86
2024-02-14 01:55:00,24,2,86
2024-02-14 02:00:00,10,2,83
2024-02-14 02:05:00,18,2,86
2024-02-14 02:10:00,13,2,90
2024-02-14 02:15:00,14,2,90
2024-02-14 02:20:00,11,1,99
2024-02-14 02:25:00,16,2,87
2024-02-14 02:30:00,9,1,102
2024-02-14 02:35:00,16,2,88
2024-02-14 02:40:00,16,3,83
2024-02-14 02:45:00,19,1,95
2024-02-14 02:50:00,14,2,87
2024-02-14 02:55:00,13,1,87
2024-02-14 03:00:00,13,2,84
2024-02-14 03:05:00,18,2,91
2024-02-14 03:10:00,19,2,87
2024-02-14 03:15:00,18,2,89
2024-02-14 03:20:00,23,3,89
2024-02-14 03:25:00,16,2,88
2024-02-14 03:30:00,12,2,83
2024-02-14 03:35:00,19,2,86
2024-02-14 03:40:00,25,2,91
2024-02-14 03:45:00,16,2,86
2024-02-14 03:50:00,21,2,87
2024-02-14 03:55:00,25,2,86
2024-02-14 04:00:00,19,2,83
2024-02-14 04:05:00,27,3,88
2024-02-14 04:10:00,28,2,88
2024-02-14 04:15:00,28,3,87
2024-02-14 04:20:00,17,2,83
2024-02-14 04:25:00,23,3,83
2024-02-14 04:30:00,18,2,81
2024-02-14 04:35:00,24,2,87
2024-02-14 04:40:00,34,3,84
2024-02-14 04:45:00,23,2,88
2024-02-14 04:50:00,27,3,87
2024-02-14 04:55:00,42,3,92
2024-02-14 05:00:00,34,3,81
2024-02-14 05:05:00,39,3,86
2024-02-14 05:10:00,27,2,89
2024-02-14 05:15:00,35,3,86
2024-02-14 05:20:00,42,4,87
2024-02-14 05:25:00,44,4,85
2024-02-14 05:30:00,47,3,88
2024-02-14 05:35:00,40,2,90
2024-02-14 05:40:00,45,2,91
2024-02-14 05:45:00,49,3,88
2024-02-14 05:50:00,40,3,91
2024-02-14 05:55:00,58,3,90
2024-02-14 06:00:00,58,3,94
2024-02-14 06:05:00,39,2,100
2024-02-14 06:10:00,51,2,94
2024-02-14 06:15:00,45,2,100
2024-02-14 06:20:00,52,3,92
2024-02-14 06:25:00,56,2,95
2024-02-14 06:30:00,73,4,89
2024-02-14 06:35:00,57,3,92
2024-02-14 06:40:00,71,3,91
2024-02-14 06:45:00,76,4,88
2024-02-14 06:50:00,68,3,91
2024-02-14 06:55:00,57,3,92
2024-02-14 07:00:00,62,3,99
2024-02-14 07:05:00,62,3,92
2024-02-14 07:10:00,75,3,96
2024-02-14 07:15:00,65,3,97
2024-02-14 07:20:00,72,3,97
2024-02-14 07:25:00,89,4,97
2024-02-14 07:30:00,59,2,97
2024-02-14 07:35:00,68,3,96
2024-02-14 07:40:00,73,2,100
2024-02-14 07:45:00,64,3,94
2024-02-14 07:50:00,67,3,98
2024-02-14 07:55:00,71,3,98
2024-02-14 08:00:00,75,2,103
2024-02-14 08:05:00,73,3,102
2024-02-14 08:10:00,75,3,102
2024-02-14 08:15:00,89,3,104
2024-02-14 08:20:00,67,2,101
2024-02-14 08:25:00,81,2,104
2024-02-14 08:30:00,74,2,99
2024-02-14 08:35:00,77,3,99
2024-02-14 08:40:00,85,3,101
2024-02-14 08:45:00,79,3,97
2024-02-14 08:50:00,72,2,102
2024-02-14 08:55:00,94,3,103
2024-02-14 09:00:00,95,3,102
2024-02-14 09:05:00,81,3,101
2024-02-14 09:10:00,86,3,99
2024-02-14 09:15:00,108,3,101
2024-02-14 09:20:00,94,3,103
2024-02-14 09:25:00,102,4,101
2024-02-14 09:30:00,99,3,101
2024-02-14 09:35:00,96,3,101
2024-02-14 09:40:00,105,3,103
2024-02-14 09:45:00,76,3,98
2024-02-14 09:50:00,114,4,98
2024-02-14 09:55:00,101,3,97
2024-02-14 10:00:00,113,4,98
2024-02-14 10:05:00,114,4,98
2024-02-14 10:10:00,120,4,99
2024-02-14 10:15:00,97,3,99
2024-02-14 10:20:00,135,5,99
2024-02-14 10:25:00,98,3,99
2024-02-14 10:30:00,118,4,97
2024-02-14 10:35:00,116,4,98
2024-02-14 10:40:00,120,4,98
2024-02-14 10:45:00,118,4,97
2024-02-14 10:50:00,111,3,100
2024-02-14 10:55:00,132,4,99
2024-02-14 11:00:00,102,4,98
2024-02-14 11:05:00,122,4,99
2024-02-14 11:10:00,117,4,100
2024-02-14 11:15:00,121,4,99
2024-02-14 11:20:00,124,4,98
2024-02-14 11:25:00,119,4,96
2024-02-14 11:30:00,147,5,97
2024-02-14 11:35:00,124,4,99
2024-02-14 11:40:00,144,5,96
2024-02-14 11:45:00,123,4,99
2024-02-14 11:50:00,144,5,97
2024-02-14 11:55:00,144,5,100
2024-02-14 12:00:00,118,4,98
2024-02-14 12:05:00,160,6,96
2024-02-14 12:10:00,122,5,92
2024-02-14 12:15:00,122,4,96
2024-02-14 12:20:00,136,5,96
2024-02-14 12:25:00,151,6,95
2024-02-14 12:30:00,117,4,99
2024-02-14 12:35:00,111,4,96
2024-02-14 12:40:00,121,6,93
2024-02-14 12:45:00,107,4,93
2024-02-14 12:50:00,167,6,97
2024-02-14 12:55:00,112,4,102
2024-02-14 13:00:00,126,4,99
2024-02-14 13:05:00,126,4,98
2024-02-14 13:10:00,163,6,96
2024-02-14 13:15:00,114,4,101
2024-02-14 13:20:00,148,5,100
2024-02-14 13:25:00,154,5,98
2024-02-14 13:30:00,139,5,99
2024-02-14 13:35:00,138,5,97
2024-02-14 13:40:00,159,6,95
2024-02-14 13:45:00,134,5,97
2024-02-14 13:50:00,145,5,99
2024-02-14 13:55:00,142,5,100
2024-02-14 14:00:00,142,5,98
2024-02-14 14:05:00,112,4,98
2024-02-14 14:10:00,134,4,104
2024-02-14 14:15:00,139,4,103
2024-02-14 14:20:00,113,4,102
2024-02-14 14:25:00,141,5,102
2024-02-14 14:30:00,149,5,99
2024-02-14 14:35:00,130,4,102
2024-02-14 14:40:00,146,5,102
2024-02-14 14:45:00,135,5,99
2024-02-14 14:50:00,140,4,103
2024-02-14 14:55:00,121,4,101
2024-02-14 15:00:00,138,5,100
2024-02-14 15:05:00,129,4,100
2024-02-14 15:10:00,142,4,101
2024-02-14 15:15:00,142,5,103
2024-02-14 15:20:00,163,5,103
2024-02-14 15:25:00,116,4,103
2024-02-14 15:30:00,147,4,101
2024-02-14 15:35:00,134,4,104
2024-02-14 15:40:00,126,4,104
2024-02-14 15:45:00,139,4,101
2024-02-14 15:50:00,129,4,101
2024-02-14 15:55:00,116,3,106
2024-02-14 16:00:00,115,4,100
2024-02-14 16:05:00,124,3,105
2024-02-14 16:10:00,106,3,101
2024-02-14 16:15:00,113,3,102
2024-02-14 16:20:00,122,3,102
2024-02-14 16:25:00,101,4,97
2024-02-14 16:30:00,107,3,102
2024-02-14 16:35:00,116,3,103
2024-02-14 16:40:00,118,4,101
2024-02-14 16:45:00,115,3,101
2024-02-14 16:50:00,115,3,104
2024-02-14 16:55:00,102,3,105
2024-02-14 17:00:00,106,3,103
2024-02-14 17:05:00,114,4,101
2024-02-14 17:10:00,112,4,101
2024-02-14 17:15:00,125,4,104
2024-02-14 17:20:00,108,3,102
2024-02-14 17:25:00,109,4,102
2024-02-14 17:30:00,103,3,106
2024-02-14 17:35:00,124,4,103
2024-02-14 17:40:00,104,3,102
2024-02-14 17:45:00,129,4,103
2024-02-14 17:50:00,115,4,99
2024-02-14 17:55:00,102,3,104
2024-02-14 18:00:00,107,3,100
2024-02-14 18:05:00,85,2,103
2024-02-14 18:10:00,88,3,98
2024-02-14 18:15:00,93,3,98
2024-02-14 18:20:00,105,3,101
2024-02-14 18:25:00,107,4,97
2024-02-14 18:30:00,91,3,100
2024-02-14 18:35:00,76,3,98
2024-02-14 18:40:00,97,3,103
2024-02-14 18:45:00,85,3,98
2024-02-14 18:50:00,94,3,99
2024-02-14 18:55:00,98,3,100
2024-02-14 19:00:00,82,3,101
2024-02-14 19:05:00,78,3,97
2024-02-14 19:10:00,90,3,101
2024-02-14 19:15:00,82,3,99
2024-02-14 19:20:00,89,3,97
2024-02-14 19:25:00,75,3,100
2024-02-14 19:30:00,61,2,98
2024-02-14 19:35:00,65,2,97
2024-02-14 19:40:00,65,2,98
2024-02-14 19:45:00,68,3,97
2024-02-14 19:50:00,57,2,98
2024-02-14 19:55:00,65,3,94
2024-02-14 20:00:00,62,2,98
2024-02-14 20:05:00,75,2,103
2024-02-14 20:10:00,57,2,99
2024-02-14 20:15:00,58,2,97
2024-02-14 20:20:00,58,2,95
2024-02-14 20:25:00,71,3,98
2024-02-14 20:30:00,54,2,100
2024-02-14 20:35:00,63,2,102
2024-02-14 20:40:00,43,2,97
2024-02-14 20:45:00,49,2,97
2024-02-14 20:50:00,54,2,103
2024-02-14 20:55:00,54,2,108
2024-02-14 21:00:00,48,2,97
2024-02-14 21:05:00,53,2,98
2024-02-14 21:10:00,64,3,98
2024-02-14 21:15:00,40,2,96
2024-02-14 21:20:00,57,2,100
2024-02-14 21:25:00,35,2,103
2024-02-14 21:30:00,41,2,95
2024-02-14 21:35:00,38,2,94
2024-02-14 21:40:00,39,2,99
2024-02-14 21:45:00,47,2,100
2024-02-14 21:50:00,34,1,101
2024-02-14 21:55:00,46,2,99
2024-02-14 22:00:00,36,2,105
2024-02-14 22:05:00,47,2,95
2024-02-14 22:10:00,52,2,98
2024-02-14 22:15:00,56,2,98
2024-02-14 22:20:00,52,2,98
2024-02-14 22:25:00,51,2,103
2024-02-14 22:30:00,50,2,90
2024-02-14 22:35:00,39,2,96
2024-02-14 22:40:00,47,2,98
2024-02-14 22:45:00,35,2,89
2024-02-14 22:50:00,40,2,92
2024-02-14 22:55:00,32,1,101
2024-02-14 23:00:00,40,2,92
2024-02-14 23:05:00,63,3,95
2024-02-14 23:10:00,32,2,93
2024-02-14 23:15:00,36,2,92
2024-02-14 23:20:00,29,1,96
2024-02-14 23:25:00,33,2,93
2024-02-14 23:30:00,34,2,91
2024-02-14 23:35:00,31,1,97
2024-02-14 23:40:00,28,2,89
2024-02-14 23:45:00,19,1,102
2024-02-14 23:50:00,40,2,91
2024-02-14 23:55:00,26,2,88
2024-02-15 00:00:00,24,2,91
2024-02-15 00:05:00,29,3,92
2024-02-15 00:10:00,18,1,103
2024-02-15 00:15:00,29,2,89
2024-02-15 00:20:00,24,2,88
2024-02-15 00:25:00,19,1,93
2024-02-15 00:30:00,14,2,88
2024-02-15 00:35:00,16,1,90
2024-02-15 00:40:00,25,1,87
2024-02-15 00:45:00,22,2,91
2024-02-15 00:50:00,27,2,89
2024-02-15 00:55:00,25,2,88
2024-02-15 01:00:00,19,2,89
2024-02-15 01:05:00,15,2,89
2024-02-15 01:10:00,14,2,98
2024-02-15 01:15:00,17,2,90
2024-02-15 01:20:00,26,2,91
2024-02-15 01:25:00,15,1,90
2024-02-15 01:30:00,22,1,89
2024-02-15 01:35:00,10,2,84
2024-02-15 01:40:00,12,2,90
2024-02-15 01:45:00,24,1,95
2024-02-15 01:50:00,14,1,92
2024-02-15 01:55:00,14,2,87
2024-02-15 02:00:00,18,1,92
2024-02-15 02:05:00,20,1,93
2024-02-15 02:10:00,25,2,89
2024-02-15 02:15:00,15,2,84
2024-02-15 02:20:00,16,2,94
2024-02-15 02:25:00,11,1,95
2024-02-15 02:30:00,18,2,87
2024-02-15 02:35:00,18,2,89
2024-02-15 02:40:00,10,2,87
2024-02-15 02:45:00,8,1,95
2024-02-15 02:50:00,13,2,84
2024-02-15 02:55:00,19,2,90
2024-02-15 03:00:00,13,2,83
2024-02-15 03:05:00,13,2,83
2024-02-15 03:10:00,20,2,86
2024-02-15 03:15:00,19,2,90
2024-02-15 03:20:00,21,2,87
2024-02-15 03:25:00,17,2,83
2024-02-15 03:30:00,26,3,84
2024-02-15 03:35:00,15,2,84
2024-02-15 03:40:00,22,1,92
2024-02-15 03:45:00,21,3,88
2024-02-15 03:50:00,11,2,83
2024-02-15 03:55:00,25,2,91
2024-02-15 04:00:00,25,2,89
2024-02-15 04:05:00,24,2,83
2024-02-15 04:10:00,24,2,87
2024-02-15 04:15:00,31,2,86
2024-02-15 04:20:00,27,3,84
2024-02-15 04:25:00,26,3,82
2024-02-15 04:30:00,29,3,85
2024-02-15 04:35:00,31,3,90
2024-02-15 04:40:00,25,3,82
2024-02-15 04:45:00,25,2,81
2024-02-15 04:50:00,29,3,83
2024-02-15 04:55:00,32,3,85
2024-02-15 05:00:00,29,2,86
2024-02-15 05:05:00,33,3,87
2024-02-15 05:10:00,42,2,90
2024-02-15 05:15:00,43,4,87
2024-02-15 05:20:00,29,3,89
2024-02-15 05:25:00,56,4,89
2024-02-15 05:30:00,28,3,86
2024-02-15 05:35:00,54,4,86
2024-02-15 05:40:00,45,3,89
2024-02-15 05:45:00,57,4,89
2024-02-15 05:50:00,49,3,90
2024-02-15 05:55:00,56,3,91
2024-02-15 06:00:00,43,3,90
2024-02-15 06:05:00,50,2,95
2024-02-15 06:10:00,51,2,96
2024-02-15 06:15:00,65,3,91
2024-02-15 06:20:00,59,3,91
2024-02-15 06:25:00,54,3,86
2024-02-15 06:30:00,46,3,91
2024-02-15 06:35:00,51,3,90
2024-02-15 06:40:00,55,2,94
2024-02-15 06:45:00,85,4,92
2024-02-15 06:50:00,58,3,92
2024-02-15 06:55:00,66,3,91
2024-02-15 07:00:00,55,3,95
2024-02-15 07:05:00,79,3,93
2024-02-15 07:10:00,80,3,94
2024-02-15 07:15:00,54,3,95
2024-02-15 07:20:00,84,4,94
2024-02-15 07:25:00,60,2,101
2024-02-15 07:30:00,61,3,93
2024-02-15 07:35:00,65,3,95
2024-02-15 07:40:00,64,2,102
2024-02-15 07:45:00,72,3,98
2024-02-15 07:50:00,74,2,102
2024-02-15 07:55:00,65,2,103
2024-02-15 08:00:00,76,3,102
2024-02-15 08:05:00,64,2,100
2024-02-15 08:10:00,81,3,101
2024-02-15 08:15:00,66,2,100
2024-02-15 08:20:00,91,3,101
2024-02-15 08:25:00,76,3,102
2024-02-15 08:30:00,94,3,103
2024-02-15 08:35:00,99,3,99
2024-02-15 08:40:00,80,3,103
2024-02-15 08:45:00,68,2,103
2024-02-15 08:50:00,93,3,102
2024-02-15 08:55:00,88,2,104
2024-02-15 09:00:00,96,3,103
2024-02-15 09:05:00,86,3,102
2024-02-15 09:10:00,122,4,100
2024-02-15 09:15:00,97,3,101
2024-02-15 09:20:00,118,4,101
2024-02-15 09:25:00,102,3,100
2024-02-15 09:30:00,130,4,100
2024-02-15 09:35:00,125,4,105
2024-02-15 09:40:00,110,3,106
2024-02-15 09:45:00,125,4,102
2024-02-15 09:50:00,123,4,100
2024-02-15 09:55:00,143,5,101
2024-02-15 10:00:00,120,4,103
2024-02-15 10:05:00,108,4,101
2024-02-15 10:10:00,141,5,103
2024-02-15 10:15:00,130,4,103
2024-02-15 10:20:00,142,4,103
2024-02-15 10:25:00,122,4,105
2024-02-15 10:30:00,136,4,103
2024-02-15 10:35:00,125,4,102
2024-02-15 10:40:00,148,5,102
2024-02-15 10:45:00,156,5,104
2024-02-15 10:50:00,140,4,102
2024-02-15 10:55:00,106,3,103
2024-02-15 11:00:00,162,5,100
2024-02-15 11:05:00,152,4,104
2024-02-15 11:10:00,149,5,101
2024-02-15 11:15:00,134,4,103
2024-02-15 11:20:00,166,5,104
2024-02-15 11:25:00,141,5,104
2024-02-15 11:30:00,169,5,101
2024-02-15 11:35:00,122,4,100
2024-02-15 11:40:00,135,4,103
2024-02-15 11:45:00,122,4,98
2024-02-15 11:50:00,124,4,100
2024-02-15 11:55:00,154,5,102
2024-02-15 12:00:00,131,4,101
2024-02-15 12:05:00,135,5,103
2024-02-15 12:10:00,131,5,100
2024-02-15 12:15:00,150,5,102
2024-02-15 12:20:00,136,5,101
2024-02-15 12:25:00,129,4,103
2024-02-15 12:30:00,133,5,100
2024-02-15 12:35:00,125,4,104
2024-02-15 12:40:00,120,4,98
2024-02-15 12:45:00,150,6,98
2024-02-15 12:50:00,152,6,99
2024-02-15 12:55:00,112,4,99
2024-02-15 13:00:00,125,4,103
2024-02-15 13:05:00,135,6,96
2024-02-15 13:10:00,137,5,100
2024-02-15 13:15:00,150,5,102
2024-02-15 13:20:00,136,5,99
2024-02-15 13:25:00,162,5,102
2024-02-15 13:30:00,126,4,103
2024-02-15 13:35:00,139,5,101
2024-02-15 13:40:00,123,4,100
2024-02-15 13:45:00,156,5,103
2024-02-15 13:50:00,146,5,104
2024-02-15 13:55:00,134,4,101
2024-02-15 14:00:00,126,4,105
2024-02-15 14:05:00,141,5,101
2024-02-15 14:10:00,160,5,103
2024-02-15 14:15:00,138,5,102
2024-02-15 14:20:00,175,6,102
2024-02-15 14:25:00,168,6,99
2024-02-15 14:30:00,143,4,103
2024-02-15 14:35:00,141,4,102
2024-02-15 14:40:00,140,4,99
2024-02-15 14:45:00,139,4,107
2024-02-15 14:50:00,143,4,104
2024-02-15 14:55:00,138,5,101
2024-02-15 15:00:00,146,5,104
2024-02-15 15:05:00,124,4,105
2024-02-15 15:10:00,122,4,102
2024-02-15 15:15:00,141,4,108
2024-02-15 15:20:00,117,3,104
2024-02-15 15:25:00,122,4,103
2024-02-15 15:30:00,148,4,108
2024-02-15 15:35:00,125,4,103
2024-02-15 15:40:00,121,4,105
2024-02-15 15:45:00,116,3,102
2024-02-15 15:50:00,105,3,104
2024-02-15 15:55:00,142,4,106
2024-02-15 16:00:00,107,3,99
2024-02-15 16:05:00,109,3,100
2024-02-15 16:10:00,108,3,103
2024-02-15 16:15:00,123,3,104
2024-02-15 16:20:00,150,4,103
2024-02-15 16:25:00,145,4,102
2024-02-15 16:30:00,108,3,102
2024-02-15 16:35:00,126,4,104
2024-02-15 16:40:00,128,4,101
2024-02-15 16:45:00,126,4,104
2024-02-15 16:50:00,110,3,102
2024-02-15 16:55:00,107,3,104
2024-02-15 17:00:00,123,4,105
2024-02-15 17:05:00,108,3,102
2024-02-15 17:10:00,126,4,103
2024-02-15 17:15:00,101,3,103
2024-02-15 17:20:00,109,3,105
2024-02-15 17:25:00,105,3,108
2024-02-15 17:30:00,108,4,100
2024-02-15 17:35:00,99,3,104
2024-02-15 17:40:00,109,3,103
2024-02-15 17:45:00,120,4,106
2024-02-15 17:50:00,104,3,107
2024-02-15 17:55:00,114,4,102
2024-02-15 18:00:00,77,2,101
2024-02-15 18:05:00,93,3,100
2024-02-15 18:10:00,104,3,101
2024-02-15 18:15:00,100,3,97
2024-02-15 18:20:00,77,3,102
2024-02-15 18:25:00,93,3,102
2024-02-15 18:30:00,87,3,96
2024-02-15 18:35:00,95,3,104
2024-02-15 18:40:00,86,3,102
2024-02-15 18:45:00,72,3,99
2024-02-15 18:50:00,79,2,100
2024-02-15 18:55:00,66,2,99
2024-02-15 19:00:00,89,3,102
2024-02-15 19:05:00,87,3,101
2024-02-15 19:10:00,72,3,104
2024-02-15 19:15:00,79,3,102
2024-02-15 19:20:00,86,3,103
2024-02-15 19:25:00,63,2,102
2024-02-15 19:30:00,72,2,104
2024-02-15 19:35:00,57,2,101
2024-02-15 19:40:00,48,2,97
2024-02-15 19:45:00,70,2,104
2024-02-15 19:50:00,72,2,102
2024-02-15 19:55:00,58,2,101
2024-02-15 20:00:00,58,2,97
2024-02-15 20:05:00,55,2,100
2024-02-15 20:10:00,66,2,100
2024-02-15 20:15:00,60,2,94
2024-02-15 20:20:00,54,2,96
2024-02-15 20:25:00,58,2,102
2024-02-15 20:30:00,63,2,94
2024-02-15 20:35:00,56,2,96
2024-02-15 20:40:00,54,2,102
2024-02-15 20:45:00,54,2,99
2024-02-15 20:50:00,41,2,99
2024-02-15 20:55:00,50,2,99
2024-02-15 21:00:00,48,1,98
2024-02-15 21:05:00,46,2,105
2024-02-15 21:10:00,43,2,96
2024-02-15 21:15:00,57,2,99
2024-02-15 21:20:00,48,2,95
2024-02-15 21:25:00,41,2,94
2024-02-15 21:30:00,47,2,93
2024-02-15 21:35:00,39,2,97
2024-02-15 21:40:00,55,2,95
2024-02-15 21:45:00,43,2,97
2024-02-15 21:50:00,47,3,93
2024-02-15 21:55:00,48,2,97
2024-02-15 22:00:00,41,3,91
2024-02-15 22:05:00,41,2,98
2024-02-15 22:10:00,54,2,96
2024-02-15 22:15:00,41,2,92
2024-02-15 22:20:00,57,3,97
2024-02-15 22:25:00,37,2,97
2024-02-15 22:30:00,28,1,92
2024-02-15 22:35:00,28,1,93
2024-02-15 22:40:00,41,2,95
2024-02-15 22:45:00,27,2,98
2024-02-15 22:50:00,37,2,89
2024-02-15 22:55:00,36,2,90
2024-02-15 23:00:00,39,2,103
2024-02-15 23:05:00,39,2,97
2024-02-15 23:10:00,31,2,90
2024-02-15 23:15:00,40,2,92
2024-02-15 23:20:00,29,2,88
2024-02-15 23:25:00,40,2,97
2024-02-15 23:30:00,41,3,88
2024-02-15 23:35:00,24,1,94
2024-02-15 23:40:00,34,2,101
2024-02-15 23:45:00,37,2,97
2024-02-15 23:50:00,38,2,89
2024-02-15 23:55:00,37,3,86
2024-02-16 00:00:00,30,2,105
2024-02-16 00:05:00,32,2,88
2024-02-16 00:10:00,20,2,96
2024-02-16 00:15:00,21,2,95
2024-02-16 00:20:00,19,1,93
2024-02-16 00:25:00,23,3,86
2024-02-16 00:30:00,21,1,100
2024-02-16 00:35:00,17,2,94
2024-02-16 00:40:00,16,1,88
2024-02-16 00:45:00,26,2,90
2024-02-16 00:50:00,21,2,85
2024-02-16 00:55:00,19,2,86
2024-02-16 01:00:00,26,3,86
2024-02-16 01:05:00,14,2,92
2024-02-16 01:10:00,17,1,92
2024-02-16 01:15:00,19,2,84
2024-02-16 01:20:00,20,2,94
2024-02-16 01:25:00,19,2,89
2024-02-16 01:30:00,16,2,85
2024-02-16 01:35:00,11,1,93
2024-02-16 01:40:00,16,1,89
2024-02-16 01:45:00,15,2,87
2024-02-16 01:50:00,12,2,86
2024-02-16 01:55:00,14,2,84
2024-02-16 02:00:00,20,2,94
2024-02-16 02:05:00,14,1,99
2024-02-16 02:10:00,18,3,80
2024-02-16 02:15:00,14,2,90
2024-02-16 02:20:00,22,2,89
2024-02-16 02:25:00,11,2,82
2024-02-16 02:30:00,13,2,80
2024-02-16 02:35:00,15,2,87
2024-02-16 02:40:00,17,2,87
2024-02-16 02:45:00,7,1,86
2024-02-16 02:50:00,17,2,82
2024-02-16 02:55:00,16,3,81
2024-02-16 03:00:00,20,2,93
2024-02-16 03:05:00,20,2,83
2024-02-16 03:10:00,23,3,86
2024-02-16 03:15:00,16,2,90
2024-02-16 03:20:00,15,1,84
2024-02-16 03:25:00,12,2,84
2024-02-16 03:30:00,15,3,84
2024-02-16 03:35:00,17,3,83
2024-02-16 03:40:00,29,3,88
2024-02-16 03:45:00,19,2,85
2024-02-16 03:50:00,16,2,88
2024-02-16 03:55:00,20,2,85
2024-02-16 04:00:00,22,3,87
2024-02-16 04:05:00,17,2,82
2024-02-16 04:10:00,24,3,78
2024-02-16 04:15:00,21,2,87
2024-02-16 04:20:00,20,3,85
2024-02-16 04:25:00,17,2,82
2024-02-16 04:30:00,25,3,93
2024-02-16 04:35:00,24,3,85
2024-02-16 04:40:00,19,2,83
2024-02-16 04:45:00,36,3,86
2024-02-16 04:50:00,25,3,86
2024-02-16 04:55:00,28,2,87
2024-02-16 05:00:00,38,3,89
2024-02-16 05:05:00,45,3,88
2024-02-16 05:10:00,41,3,86
2024-02-16 05:15:00,34,3,83
2024-02-16 05:20:00,36,3,91
2024-02-16 05:25:00,47,3,89
2024-02-16 05:30:00,41,3,87
2024-02-16 05:35:00,46,3,93
2024-02-16 05:40:00,44,2,89
2024-02-16 05:45:00,42,3,84
2024-02-16 05:50:00,57,4,88
2024-02-16 05:55:00,51,3,91
2024-02-16 06:00:00,52,2,89
2024-02-16 06:05:00,42,3,89
2024-02-16 06:10:00,47,3,91
2024-02-16 06:15:00,61,4,88
2024-02-16 06:20:00,58,4,88
2024-02-16 06:25:00,70,4,91
2024-02-16 06:30:00,51,3,92
2024-02-16 06:35:00,74,4,94
2024-02-16 06:40:00,71,3,95
2024-02-16 06:45:00,62,3,92
2024-02-16 06:50:00,68,3,94
2024-02-16 06:55:00,72,4,91
2024-02-16 07:00:00,82,5,89
2024-02-16 07:05:00,74,3,96
2024-02-16 07:10:00,75,3,98
2024-02-16 07:15:00,58,2,94
2024-02-16 07:20:00,89,3,95
2024-02-16 07:25:00,66,3,96
2024-02-16 07:30:00,67,3,99
2024-02-16 07:35:00,73,3,96
2024-02-16 07:40:00,77,3,96
2024-02-16 07:45:00,82,3,102
2024-02-16 07:50:00,84,3,98
2024-02-16 07:55:00,94,3,104
2024-02-16 08:00:00,90,3,100
2024-02-16 08:05:00,101,3,101
2024-02-16 08:10:00,101,3,106
2024-02-16 08:15:00,73,3,102
2024-02-16 08:20:00,101,3,98
2024-02-16 08:25:00,80,3,100
2024-02-16 08:30:00,75,3,99
2024-02-16 08:35:00,98,3,102
2024-02-16 08:40:00,92,3,101
2024-02-16 08:45:00,91,3,102
2024-02-16 08:50:00,86,2,103
2024-02-16 08:55:00,96,3,101
2024-02-16 09:00:00,108,3,101
2024-02-16 09:05:00,103,3,105
2024-02-16 09:10:00,111,4,100
2024-02-16 09:15:00,110,3,104
2024-02-16 09:20:00,98,3,102
2024-02-16 09:25:00,144,5,100
2024-02-16 09:30:00,130,4,103
2024-02-16 09:35:00,117,4,100
2024-02-16 09:40:00,118,4,103
2024-02-16 09:45:00,111,3,102
2024-02-16 09:50:00,162,6,101
2024-02-16 09:55:00,143,4,101
2024-02-16 10:00:00,103,3,100
2024-02-16 10:05:00,139,4,104
2024-02-16 10:10:00,133,4,105
2024-02-16 10:15:00,125,4,103
2024-02-16 10:20:00,167,6,101
2024-02-16 10:25:00,134,4,103
2024-02-16 10:30:00,103,3,101
2024-02-16 10:35:00,145,5,98
2024-02-16 10:40:00,124,4,102
2024-02-16 10:45:00,128,4,104
2024-02-16 10:50:00,148,5,104
2024-02-16 10:55:00,138,4,102
2024-02-16 11:00:00,148,5,100
2024-02-16 11:05:00,150,5,103
2024-02-16 11:10:00,144,4,103
2024-02-16 11:15:00,128,4,103
2024-02-16 11:20:00,119,4,104
2024-02-16 11:25:00,142,5,102
2024-02-16 11:30:00,154,5,97
2024-02-16 11:35:00,141,5,100
2024-02-16 11:40:00,140,4,100
2024-02-16 11:45:00,177,6,100
2024-02-16 11:50:00,139,4,101
2024-02-16 11:55:00,146,5,102
2024-02-16 12:00:00,147,5,100
2024-02-16 12:05:00,157,6,99
2024-02-16 12:10:00,132,4,103
2024-02-16 12:15:00,132,5,99
2024-02-16 12:20:00,157,5,100
2024-02-16 12:25:00,152,5,102
2024-02-16 12:30:00,133,4,105
2024-02-16 12:35:00,141,5,99
2024-02-16 12:40:00,169,6,101
2024-02-16 12:45:00,128,4,103
2024-02-16 12:50:00,152,5,101
2024-02-16 12:55:00,136,5,103
2024-02-16 13:00:00,137,4,101
2024-02-16 13:05:00,163,5,105
2024-02-16 13:10:00,148,5,100
2024-02-16 13:15:00,160,5,101
2024-02-16 13:20:00,146,5,100
2024-02-16 13:25:00,161,6,100
2024-02-16 13:30:00,142,5,100
2024-02-16 13:35:00,161,6,98
2024-02-16 13:40:00,163,5,102
2024-02-16 13:45:00,159,6,100
2024-02-16 13:50:00,170,6,101
2024-02-16 13:55:00,170,5,103
2024-02-16 14:00:00,178,6,101
2024-02-16 14:05:00,185,7,100
2024-02-16 14:10:00,167,5,102
2024-02-16 14:15:00,175,6,102
2024-02-16 14:20:00,163,5,101
2024-02-16 14:25:00,164,5,102
2024-02-16 14:30:00,164,5,101
2024-02-16 14:35:00,172,5,102
2024-02-16 14:40:00,192,6,100
2024-02-16 14:45:00,159,5,104
2024-02-16 14:50:00,171,5,106
2024-02-16 14:55:00,160,5,102
2024-02-16 15:00:00,186,6,102
2024-02-16 15:05:00,154,5,101
2024-02-16 15:10:00,179,6,104
2024-02-16 15:15:00,165,5,107
2024-02-16 15:20:00,169,5,103
2024-02-16 15:25:00,180,5,102
2024-02-16 15:30:00,184,5,108
2024-02-16 15:35:00,179,6,104
2024-02-16 15:40:00,181,5,104
2024-02-16 15:45:00,121,3,104
2024-02-16 15:50:00,149,4,106
2024-02-16 15:55:00,157,4,109
2024-02-16 16:00:00,169,5,103
2024-02-16 16:05:00,131,4,103
2024-02-16 16:10:00,159,5,105
2024-02-16 16:15:00,130,4,105
2024-02-16 16:20:00,171,5,105
2024-02-16 16:25:00,168,5,109
2024-02-16 16:30:00,164,4,106
2024-02-16 16:35:00,155,4,102
2024-02-16 16:40:00,162,4,109
2024-02-16 16:45:00,164,5,103
2024-02-16 16:50:00,153,4,105
2024-02-16 16:55:00,145,4,103
2024-02-16 17:00:00,137,4,105
2024-02-16 17:05:00,185,5,104
2024-02-16 17:10:00,197,6,107
2024-02-16 17:15:00,174,5,111
2024-02-16 17:20:00,139,3,108
2024-02-16 17:25:00,140,4,108
2024-02-16 17:30:00,161,5,99
2024-02-16 17:35:00,148,4,107
2024-02-16 17:40:00,170,4,110
2024-02-16 17:45:00,139,3,109
2024-02-16 17:50:00,162,5,106
2024-02-16 17:55:00,139,4,105
2024-02-16 18:00:00,166,5,104
2024-02-16 18:05:00,155,4,103
2024-02-16 18:10:00,153,4,106
2024-02-16 18:15:00,142,4,102
2024-02-16 18:20:00,151,4,105
2024-02-16 18:25:00,164,5,106
2024-02-16 18:30:00,171,5,101
2024-02-16 18:35:00,149,4,101
2024-02-16 18:40:00,145,4,100
2024-02-16 18:45:00,171,5,102
2024-02-16 18:50:00,142,4,104
2024-02-16 18:55:00,141,4,103
2024-02-16 19:00:00,134,4,105
2024-02-16 19:05:00,147,4,106
2024-02-16 19:10:00,136,4,99
2024-02-16 19:15:00,167,5,104
2024-02-16 19:20:00,124,4,102
2024-02-16 19:25:00,148,4,105
2024-02-16 19:30:00,120,3,103
2024-02-16 19:35:00,122,4,105
2024-02-16 19:40:00,135,4,103
2024-02-16 19:45:00,119,4,101
2024-02-16 19:50:00,120,4,101
2024-02-16 19:55:00,102,3,103
2024-02-16 20:00:00,83,2,101
2024-02-16 20:05:00,112,3,103
2024-02-16 20:10:00,105,3,104
2024-02-16 20:15:00,112,3,111
2024-02-16 20:20:00,88,3,106
2024-02-16 20:25:00,100,3,104
2024-02-16 20:30:00,116,3,106
2024-02-16 20:35:00,95,3,103
2024-02-16 20:40:00,83,3,104
2024-02-16 20:45:00,95,2,106
2024-02-16 20:50:00,97,3,101
2024-02-16 20:55:00,85,3,102
2024-02-16 21:00:00,82,2,100
2024-02-16 21:05:00,75,3,99
2024-02-16 21:10:00,82,2,108
2024-02-16 21:15:00,58,2,100
2024-02-16 21:20:00,79,3,100
2024-02-16 21:25:00,90,3,102
2024-02-16 21:30:00,72,2,101
2024-02-16 21:35:00,63,2,105
2024-02-16 21:40:00,62,2,103
2024-02-16 21:45:00,60,2,102
2024-02-16 21:50:00,83,2,101
2024-02-16 21:55:00,53,2,106
2024-02-16 22:00:00,66,2,104
2024-02-16 22:05:00,70,2,102
2024-02-16 22:10:00,59,2,102
2024-02-16 22:15:00,49,2,106
2024-02-16 22:20:00,76,2,102
2024-02-16 22:25:00,81,3,98
2024-02-16 22:30:00,56,2,107
2024-02-16 22:35:00,51,2,100
2024-02-16 22:40:00,67,2,106
2024-02-16 22:45:00,39,1,105
2024-02-16 22:50:00,52,2,108
2024-02-16 22:55:00,44,2,97
2024-02-16 23:00:00,53,2,102
2024-02-16 23:05:00,58,2,99
2024-02-16 23:10:00,51,2,97
2024-02-16 23:15:00,41,1,99
2024-02-16 23:20:00,54,2,103
2024-02-16 23:25:00,52,2,103
2024-02-16 23:30:00,40,1,97
2024-02-16 23:35:00,56,2,100
2024-02-16 23:40:00,42,2,100
2024-02-16 23:45:00,41,2,96
2024-02-16 23:50:00,35,1,102
2024-02-16 23:55:00,47,2,101
2024-02-17 00:00:00,33,2,95
2024-02-17 00:05:00,30,2,94
2024-02-17 00:10:00,36,1,102
2024-02-17 00:15:00,28,1,103
2024-02-17 00:20:00,29,1,96
2024-02-17 00:25:00,24,1,95
2024-02-17 00:30:00,25,2,95
2024-02-17 00:35:00,23,1,103
2024-02-17 00:40:00,27,2,96
2024-02-17 00:45:00,23,1,101
2024-02-17 00:50:00,23,1,102
2024-02-17 00:55:00,25,1,101
2024-02-17 01:00:00,25,2,95
2024-02-17 01:05:00,25,1,96
2024-02-17 01:10:00,23,2,93
2024-02-17 01:15:00,25,2,90
2024-02-17 01:20:00,20,1,99
2024-02-17 01:25:00,17,2,90
2024-02-17 01:30:00,18,1,95
2024-02-17 01:35:00,22,1,90
2024-02-17 01:40:00,24,1,92
2024-02-17 01:45:00,23,2,94
2024-02-17 01:50:00,19,1,93
2024-02-17 01:55:00,20,1,100
2024-02-17 02:00:00,25,1,95
2024-02-17 02:05:00,19,1,86
2024-02-17 02:10:00,20,1,91
2024-02-17 02:15:00,21,2,96
2024-02-17 02:20:00,12,1,89
2024-02-17 02:25:00,19,1,99
2024-02-17 02:30:00,10,1,90
2024-02-17 02:35:00,16,1,90
2024-02-17 02:40:00,18,1,92
2024-02-17 02:45:00,16,1,88
2024-02-17 02:50:00,22,2,87
2024-02-17 02:55:00,18,1,92
2024-02-17 03:00:00,18,1,94
2024-02-17 03:05:00,19,2,91
2024-02-17 03:10:00,17,1,91
2024-02-17 03:15:00,26,2,90
2024-02-17 03:20:00,21,2,86
2024-02-17 03:25:00,25,2,96
2024-02-17 03:30:00,11,2,87
2024-02-17 03:35:00,18,1,92
2024-02-17 03:40:00,9,1,87
2024-02-17 03:45:00,17,2,84
2024-02-17 03:50:00,15,2,85
2024-02-17 03:55:00,27,3,86
2024-02-17 04:00:00,14,3,85
2024-02-17 04:05:00,25,2,92
2024-02-17 04:10:00,22,2,89
2024-02-17 04:15:00,27,2,90
2024-02-17 04:20:00,20,2,93
2024-02-17 04:25:00,27,4,86
2024-02-17 04:30:00,23,3,92
2024-02-17 04:35:00,18,1,89
2024-02-17 04:40:00,16,2,88
2024-02-17 04:45:00,17,1,90
2024-02-17 04:50:00,19,3,79
2024-02-17 04:55:00,27,2,93
2024-02-17 05:00:00,23,2,88
2024-02-17 05:05:00,20,1,90
2024-02-17 05:10:00,23,2,86
2024-02-17 05:15:00,27,3,83
2024-02-17 05:20:00,24,1,93
2024-02-17 05:25:00,26,2,87
2024-02-17 05:30:00,26,2,88
2024-02-17 05:35:00,42,2,87
2024-02-17 05:40:00,42,2,91
2024-02-17 05:45:00,50,3,91
2024-02-17 05:50:00,44,2,94
2024-02-17 05:55:00,45,2,94
2024-02-17 06:00:00,40,2,91
2024-02-17 06:05:00,52,2,94
2024-02-17 06:10:00,37,2,93
2024-02-17 06:15:00,41,2,91
2024-02-17 06:20:00,44,3,88
2024-02-17 06:25:00,43,2,94
2024-02-17 06:30:00,43,1,98
2024-02-17 06:35:00,45,2,99
2024-02-17 06:40:00,52,2,96
2024-02-17 06:45:00,41,2,95
2024-02-17 06:50:00,54,2,98
2024-02-17 06:55:00,43,2,97
2024-02-17 07:00:00,44,2,97
2024-02-17 07:05:00,56,2,105
2024-02-17 07:10:00,58,3,100
2024-02-17 07:15:00,50,2,99
2024-02-17 07:20:00,68,3,99
2024-02-17 07:25:00,76,3,101
2024-02-17 07:30:00,55,2,98
2024-02-17 07:35:00,55,2,103
2024-02-17 07:40:00,80,3,97
2024-02-17 07:45:00,57,2,103
2024-02-17 07:50:00,59,2,104
2024-02-17 07:55:00,63,2,103
2024-02-17 08:00:00,55,2,106
2024-02-17 08:05:00,68,2,104
2024-02-17 08:10:00,60,2,101
2024-02-17 08:15:00,71,2,102
2024-02-17 08:20:00,66,2,105
2024-02-17 08:25:00,64,2,106
2024-02-17 08:30:00,70,2,102
2024-02-17 08:35:00,78,2,106
2024-02-17 08:40:00,72,2,106
2024-02-17 08:45:00,89,3,108
2024-02-17 08:50:00,65,2,106
2024-02-17 08:55:00,94,2,105
2024-02-17 09:00:00,84,3,105
2024-02-17 09:05:00,90,3,101
2024-02-17 09:10:00,101,2,110
2024-02-17 09:15:00,89,3,103
2024-02-17 09:20:00,98,3,107
2024-02-17 09:25:00,110,3,110
2024-02-17 09:30:00,116,3,109
2024-02-17 09:35:00,123,3,106
2024-02-17 09:40:00,130,4,107
2024-02-17 09:45:00,143,4,106
2024-02-17 09:50:00,124,3,106
2024-02-17 09:55:00,151,4,108
2024-02-17 10:00:00,135,3,108
2024-02-17 10:05:00,145,4,109
2024-02-17 10:10:00,147,4,105
2024-02-17 10:15:00,175,5,106
2024-02-17 10:20:00,185,5,108
2024-02-17 10:25:00,157,4,103
2024-02-17 10:30:00,171,4,107
2024-02-17 10:35:00,159,4,107
2024-02-17 10:40:00,157,4,108
2024-02-17 10:45:00,187,5,110
2024-02-17 10:50:00,163,4,108
2024-02-17 10:55:00,171,4,108
2024-02-17 11:00:00,214,6,108
2024-02-17 11:05:00,190,5,109
2024-02-17 11:10:00,231,6,109
2024-02-17 11:15:00,186,5,110
2024-02-17 11:20:00,212,6,104
2024-02-17 11:25:00,216,6,101
2024-02-17 11:30:00,204,5,107
2024-02-17 11:35:00,190,5,105
2024-02-17 11:40:00,206,5,108
2024-02-17 11:45:00,186,5,109
2024-02-17 11:50:00,170,4,111
2024-02-17 11:55:00,195,5,105
2024-02-17 12:00:00,176,5,109
2024-02-17 12:05:00,193,5,106
2024-02-17 12:10:00,178,5,106
2024-02-17 12:15:00,173,4,108
2024-02-17 12:20:00,174,5,108
2024-02-17 12:25:00,173,5,106
2024-02-17 12:30:00,167,4,110
2024-02-17 12:35:00,160,4,108
2024-02-17 12:40:00,177,5,109
2024-02-17 12:45:00,195,5,109
2024-02-17 12:50:00,153,4,110
2024-02-17 12:55:00,181,5,109
2024-02-17 13:00:00,156,4,109
2024-02-17 13:05:00,164,4,110
2024-02-17 13:10:00,168,4,108
2024-02-17 13:15:00,159,4,110
2024-02-17 13:20:00,213,5,108
2024-02-17 13:25:00,207,6,107
2024-02-17 13:30:00,166,4,111
2024-02-17 13:35:00,191,5,108
2024-02-17 13:40:00,171,4,109
2024-02-17 13:45:00,174,4,108
2024-02-17 13:50:00,197,6,106
2024-02-17 13:55:00,173,5,106
2024-02-17 14:00:00,206,5,107
2024-02-17 14:05:00,162,4,110
2024-02-17 14:10:00,163,4,108
2024-02-17 14:15:00,147,4,113
2024-02-17 14:20:00,171,4,110
2024-02-17 14:25:00,185,5,107
2024-02-17 14:30:00,170,4,108
2024-02-17 14:35:00,184,4,108
2024-02-17 14:40:00,165,4,107
2024-02-17 14:45:00,192,5,108
2024-02-17 14:50:00,201,5,106
2024-02-17 14:55:00,146,3,112
2024-02-17 15:00:00,198,5,107
2024-02-17 15:05:00,209,5,109
2024-02-17 15:10:00,184,5,109
2024-02-17 15:15:00,186,5,107
2024-02-17 15:20:00,200,5,105
2024-02-17 15:25:00,201,5,107
2024-02-17 15:30:00,173,5,107
2024-02-17 15:35:00,180,4,110
2024-02-17 15:40:00,178,4,112
2024-02-17 15:45:00,173,4,112
2024-02-17 15:50:00,196,5,109
2024-02-17 15:55:00,163,4,110
2024-02-17 16:00:00,189,5,109
2024-02-17 16:05:00,216,5,110
2024-02-17 16:10:00,162,4,110
2024-02-17 16:15:00,186,4,109
2024-02-17 16:20:00,201,5,111
2024-02-17 16:25:00,160,4,109
2024-02-17 16:30:00,183,5,104
2024-02-17 16:35:00,183,5,106
2024-02-17 16:40:00,188,5,105
2024-02-17 16:45:00,159,4,108
2024-02-17 16:50:00,177,4,111
2024-02-17 16:55:00,201,5,107
2024-02-17 17:00:00,121,3,108
2024-02-17 17:05:00,160,4,111
2024-02-17 17:10:00,163,4,107
2024-02-17 17:15:00,161,4,107
2024-02-17 17:20:00,143,3,111
2024-02-17 17:25:00,148,4,106
2024-02-17 17:30:00,135,3,107
2024-02-17 17:35:00,161,4,108
2024-02-17 17:40:00,171,4,111
2024-02-17 17:45:00,128,3,109
2024-02-17 17:50:00,155,3,109
2024-02-17 17:55:00,124,3,109
2024-02-17 18:00:00,152,4,105
2024-02-17 18:05:00,155,4,107
2024-02-17 18:10:00,118,3,105
2024-02-17 18:15:00,128,3,108
2024-02-17 18:20:00,120,3,104
2024-02-17 18:25:00,92,2,108
2024-02-17 18:30:00,150,4,107
2024-02-17 18:35:00,111,3,106
2024-02-17 18:40:00,108,3,108
2024-02-17 18:45:00,112,3,107
2024-02-17 18:50:00,115,3,105
2024-02-17 18:55:00,102,2,110
2024-02-17 19:00:00,97,3,106
2024-02-17 19:05:00,85,2,105
2024-02-17 19:10:00,73,2,106
2024-02-17 19:15:00,106,3,104
2024-02-17 19:20:00,77,2,104
2024-02-17 19:25:00,83,3,103
2024-02-17 19:30:00,75,2,101
2024-02-17 19:35:00,77,2,108
2024-02-17 19:40:00,81,2,106
2024-02-17 19:45:00,75,2,108
2024-02-17 19:50:00,70,2,103
2024-02-17 19:55:00,65,2,101
2024-02-17 20:00:00,79,2,108
2024-02-17 20:05:00,69,2,103
2024-02-17 20:10:00,66,1,104
2024-02-17 20:15:00,75,2,107
2024-02-17 20:20:00,70,2,103
2024-02-17 20:25:00,82,2,106
2024-02-17 20:30:00,76,2,110
2024-02-17 20:35:00,56,1,106
2024-02-17 20:40:00,72,2,103
2024-02-17 20:45:00,76,2,105
2024-02-17 20:50:00,61,1,107
2024-02-17 20:55:00,68,2,103
2024-02-17 21:00:00,66,2,110
2024-02-17 21:05:00,52,1,108
2024-02-17 21:10:00,73,2,105
2024-02-17 21:15:00,50,2,103
2024-02-17 21:20:00,42,1,104
2024-02-17 21:25:00,42,1,106
2024-02-17 21:30:00,51,2,102
2024-02-17 21:35:00,33,1,113
2024-02-17 21:40:00,48,1,106
2024-02-17 21:45:00,54,1,106
2024-02-17 21:50:00,61,2,105
2024-02-17 21:55:00,57,1,104
2024-02-17 22:00:00,54,1,106
2024-02-17 22:05:00,53,1,103
2024-02-17 22:10:00,54,2,102
2024-02-17 22:15:00,56,2,105
2024-02-17 22:20:00,43,1,102
2024-02-17 22:25:00,26,1,110
2024-02-17 22:30:00,48,1,107
2024-02-17 22:35:00,37,1,102
2024-02-17 22:40:00,41,1,108
2024-02-17 22:45:00,36,1,105
2024-02-17 22:50:00,46,1,102
2024-02-17 22:55:00,31,1,106
2024-02-17 23:00:00,28,1,96
2024-02-17 23:05:00,27,1,103
2024-02-17 23:10:00,25,1,101
2024-02-17 23:15:00,33,1,104
2024-02-17 23:20:00,26,1,100
2024-02-17 23:25:00,30,1,111
2024-02-17 23:30:00,30,1,97
2024-02-17 23:35:00,24,1,93
2024-02-17 23:40:00,25,1,104
2024-02-17 23:45:00,25,1,106
2024-02-17 23:50:00,18,0,101
2024-02-17 23:55:00,17,1,99
2024-02-18 00:00:00,16,1,95
2024-02-18 00:05:00,20,1,98
2024-02-18 00:10:00,15,1,94
2024-02-18 00:15:00,18,1,96
2024-02-18 00:20:00,23,1,102
2024-02-18 00:25:00,21,1,109
2024-02-18 00:30:00,17,1,104
2024-02-18 00:35:00,21,1,108
2024-02-18 00:40:00,18,1,98
2024-02-18 00:45:00,6,1,99
2024-02-18 00:50:00,23,1,100
2024-02-18 00:55:00,20,1,97
2024-02-18 01:00:00,23,1,107
2024-02-18 01:05:00,14,1,103
2024-02-18 01:10:00,18,1,97
2024-02-18 01:15:00,11,1,93
2024-02-18 01:20:00,14,1,96
2024-02-18 01:25:00,11,1,101
2024-02-18 01:30:00,11,1,101
2024-02-18 01:35:00,9,0,100
2024-02-18 01:40:00,5,0,104
2024-02-18 01:45:00,13,1,106
2024-02-18 01:50:00,9,0,102
2024-02-18 01:55:00,7,1,97
2024-02-18 02:00:00,8,0,107
2024-02-18 02:05:00,8,0,99
2024-02-18 02:10:00,8,1,98
2024-02-18 02:15:00,10,1,103
2024-02-18 02:20:00,6,1,82
2024-02-18 02:25:00,8,0,106
2024-02-18 02:30:00,13,1,101
2024-02-18 02:35:00,4,0,96
2024-02-18 02:40:00,8,0,101
2024-02-18 02:45:00,11,1,103
2024-02-18 02:50:00,9,1,88
2024-02-18 02:55:00,8,1,104
2024-02-18 03:00:00,8,1,96
2024-02-18 03:05:00,5,1,103
2024-02-18 03:10:00,11,2,89
2024-02-18 03:15:00,5,1,79
2024-02-18 03:20:00,5,1,91
2024-02-18 03:25:00,16,2,97
2024-02-18 03:30:00,8,1,93
2024-02-18 03:35:00,4,1,92
2024-02-18 03:40:00,10,1,98
2024-02-18 03:45:00,8,1,106
2024-02-18 03:50:00,2,0,97
2024-02-18 03:55:00,10,1,104
2024-02-18 04:00:00,6,2,88
2024-02-18 04:05:00,6,1,98
2024-02-18 04:10:00,8,1,101
2024-02-18 04:15:00,7,2,86
2024-02-18 04:20:00,12,2,88
2024-02-18 04:25:00,12,1,89
2024-02-18 04:30:00,7,1,84
2024-02-18 04:35:00,9,1,92
2024-02-18 04:40:00,11,1,101
2024-02-18 04:45:00,7,1,92
2024-02-18 04:50:00,6,1,100
2024-02-18 04:55:00,10,1,91
2024-02-18 05:00:00,11,1,94
2024-02-18 05:05:00,12,1,90
2024-02-18 05:10:00,5,1,91
2024-02-18 05:15:00,12,1,103
2024-02-18 05:20:00,8,1,92
2024-02-18 05:25:00,15,1,105
2024-02-18 05:30:00,13,1,91
2024-02-18 05:35:00,14,1,96
2024-02-18 05:40:00,11,1,96
2024-02-18 05:45:00,15,1,99
2024-02-18 05:50:00,5,1,96
2024-02-18 05:55:00,21,1,103
2024-02-18 06:00:00,15,1,101
2024-02-18 06:05:00,22,1,101
2024-02-18 06:10:00,21,1,99
2024-02-18 06:15:00,18,1,103
2024-02-18 06:20:00,20,1,102
2024-02-18 06:25:00,10,1,104
2024-02-18 06:30:00,23,1,92
2024-02-18 06:35:00,16,1,96
2024-02-18 06:40:00,23,1,103
2024-02-18 06:45:00,30,1,108
2024-02-18 06:50:00,36,1,102
2024-02-18 06:55:00,27,1,105
2024-02-18 07:00:00,25,1,100
2024-02-18 07:05:00,24,1,105
2024-02-18 07:10:00,38,1,105
2024-02-18 07:15:00,24,1,100
2024-02-18 07:20:00,37,1,102
2024-02-18 07:25:00,27,1,102
2024-02-18 07:30:00,21,1,107
2024-02-18 07:35:00,24,1,107
2024-02-18 07:40:00,30,1,108
2024-02-18 07:45:00,33,1,111
2024-02-18 07:50:00,33,1,110
2024-02-18 07:55:00,34,1,110
2024-02-18 08:00:00,32,1,108
2024-02-18 08:05:00,24,1,106
2024-02-18 08:10:00,42,1,114
2024-02-18 08:15:00,47,1,109
2024-02-18 08:20:00,44,1,111
2024-02-18 08:25:00,36,1,109
2024-02-18 08:30:00,38,1,105
2024-02-18 08:35:00,48,1,107
2024-02-18 08:40:00,46,1,110
2024-02-18 08:45:00,58,2,112
2024-02-18 08:50:00,66,2,107
2024-02-18 08:55:00,65,2,107
2024-02-18 09:00:00,52,1,106
2024-02-18 09:05:00,75,2,104
2024-02-18 09:10:00,83,2,106
2024-02-18 09:15:00,73,2,110
2024-02-18 09:20:00,77,2,102
2024-02-18 09:25:00,98,2,108
2024-02-18 09:30:00,64,2,105
2024-02-18 09:35:00,96,2,106
2024-02-18 09:40:00,96,2,110
2024-02-18 09:45:00,96,2,112
2024-02-18 09:50:00,100,2,110
2024-02-18 09:55:00,118,3,109
2024-02-18 10:00:00,121,3,109
2024-02-18 10:05:00,113,3,103
2024-02-18 10:10:00,126,3,110
2024-02-18 10:15:00,138,4,108
2024-02-18 10:20:00,120,3,111
2024-02-18 10:25:00,118,3,111
2024-02-18 10:30:00,131,3,110
2024-02-18 10:35:00,131,3,109
2024-02-18 10:40:00,142,4,107
2024-02-18 10:45:00,171,4,110
2024-02-18 10:50:00,145,3,109
2024-02-18 10:55:00,161,4,112
2024-02-18 11:00:00,166,4,108
2024-02-18 11:05:00,143,3,106
2024-02-18 11:10:00,143,3,107
2024-02-18 11:15:00,159,4,109
2024-02-18 11:20:00,161,4,111
2024-02-18 11:25:00,134,3,110
2024-02-18 11:30:00,134,3,110
2024-02-18 11:35:00,131,3,111
2024-02-18 11:40:00,157,4,108
2024-02-18 11:45:00,150,4,108
2024-02-18 11:50:00,146,3,108
2024-02-18 11:55:00,173,5,108
2024-02-18 12:00:00,149,4,108
2024-02-18 12:05:00,154,3,110
2024-02-18 12:10:00,140,3,108
2024-02-18 12:15:00,110,2,110
2024-02-18 12:20:00,127,3,106
2024-02-18 12:25:00,142,4,106
2024-02-18 12:30:00,145,4,110
2024-02-18 12:35:00,118,3,108
2024-02-18 12:40:00,158,4,107
2024-02-18 12:45:00,156,4,111
2024-02-18 12:50:00,149,4,108
2024-02-18 12:55:00,146,3,110
2024-02-18 13:00:00,130,3,110
2024-02-18 13:05:00,156,4,109
2024-02-18 13:10:00,128,3,110
2024-02-18 13:15:00,151,4,106
2024-02-18 13:20:00,138,3,110
2024-02-18 13:25:00,138,3,108
2024-02-18 13:30:00,161,4,110
2024-02-18 13:35:00,132,3,111
2024-02-18 13:40:00,156,4,111
2024-02-18 13:45:00,151,4,107
2024-02-18 13:50:00,153,4,107
2024-02-18 13:55:00,161,4,107
2024-02-18 14:00:00,161,4,110
2024-02-18 14:05:00,151,4,107
2024-02-18 14:10:00,155,4,106
2024-02-18 14:15:00,168,4,109
2024-02-18 14:20:00,154,3,111
2024-02-18 14:25:00,173,4,106
2024-02-18 14:30:00,151,4,111
2024-02-18 14:35:00,178,4,110
2024-02-18 14:40:00,169,4,110
2024-02-18 14:45:00,174,4,108
2024-02-18 14:50:00,161,4,108
2024-02-18 14:55:00,151,4,108
2024-02-18 15:00:00,151,3,108
2024-02-18 15:05:00,173,4,110
2024-02-18 15:10:00,197,5,112
2024-02-18 15:15:00,150,3,111
2024-02-18 15:20:00,192,5,108
2024-02-18 15:25:00,144,3,110
2024-02-18 15:30:00,175,4,115
2024-02-18 15:35:00,154,4,107
2024-02-18 15:40:00,168,4,109
2024-02-18 15:45:00,148,4,109
2024-02-18 15:50:00,211,5,109
2024-02-18 15:55:00,168,4,106
2024-02-18 16:00:00,193,5,108
2024-02-18 16:05:00,152,4,107
2024-02-18 16:10:00,172,4,111
2024-02-18 16:15:00,145,3,106
2024-02-18 16:20:00,169,4,112
2024-02-18 16:25:00,169,4,108
2024-02-18 16:30:00,140,3,113
2024-02-18 16:35:00,188,4,109
2024-02-18 16:40:00,174,4,106
2024-02-18 16:45:00,164,4,108
2024-02-18 16:50:00,166,4,108
2024-02-18 16:55:00,159,4,107
2024-02-18 17:00:00,140,3,111
2024-02-18 17:05:00,176,4,106
2024-02-18 17:10:00,151,4,107
2024-02-18 17:15:00,152,4,106
2024-02-18 17:20:00,155,4,105
2024-02-18 17:25:00,155,4,106
2024-02-18 17:30:00,150,3,109
2024-02-18 17:35:00,148,4,108
2024-02-18 17:40:00,159,4,106
2024-02-18 17:45:00,129,3,108
2024-02-18 17:50:00,147,3,107
2024-02-18 17:55:00,134,3,107
2024-02-18 18:00:00,148,4,105
2024-02-18 18:05:00,139,4,105
2024-02-18 18:10:00,111,3,104
2024-02-18 18:15:00,130,3,105
2024-02-18 18:20:00,133,3,106
2024-02-18 18:25:00,141,4,104
2024-02-18 18:30:00,109,3,107
2024-02-18 18:35:00,142,4,101
2024-02-18 18:40:00,98,2,108
2024-02-18 18:45:00,99,2,104
2024-02-18 18:50:00,125,3,105
2024-02-18 18:55:00,116,3,105
2024-02-18 19:00:00,98,3,103
2024-02-18 19:05:00,110,3,104
2024-02-18 19:10:00,106,3,100
2024-02-18 19:15:00,129,3,102
2024-02-18 19:20:00,79,2,104
2024-02-18 19:25:00,96,3,103
2024-02-18 19:30:00,72,2,101
2024-02-18 19:35:00,84,2,98
2024-02-18 19:40:00,96,3,99
2024-02-18 19:45:00,85,2,98
2024-02-18 19:50:00,102,3,99
2024-02-18 19:55:00,75,2,104
2024-02-18 20:00:00,86,2,101
2024-02-18 20:05:00,82,2,103
2024-02-18 20:10:00,77,2,102
2024-02-18 20:15:00,97,2,101
2024-02-18 20:20:00,70,2,99
2024-02-18 20:25:00,112,3,99
2024-02-18 20:30:00,68,2,101
2024-02-18 20:35:00,71,2,98
2024-02-18 20:40:00,88,2,104
2024-02-18 20:45:00,88,2,103
2024-02-18 20:50:00,70,2,101
2024-02-18 20:55:00,75,2,104
2024-02-18 21:00:00,70,2,102
2024-02-18 21:05:00,63,2,105
2024-02-18 21:10:00,64,2,100
2024-02-18 21:15:00,80,2,105
2024-02-18 21:20:00,67,2,97
2024-02-18 21:25:00,70,2,105
2024-02-18 21:30:00,45,1,101
2024-02-18 21:35:00,63,2,105
2024-02-18 21:40:00,53,2,102
2024-02-18 21:45:00,47,2,100
2024-02-18 21:50:00,54,2,94
2024-02-18 21:55:00,49,2,97
2024-02-18 22:00:00,51,1,102
2024-02-18 22:05:00,57,2,100
2024-02-18 22:10:00,55,2,97
2024-02-18 22:15:00,55,2,99
2024-02-18 22:20:00,36,1,100
2024-02-18 22:25:00,47,2,94
2024-02-18 22:30:00,54,2,99
2024-02-18 22:35:00,57,2,101
2024-02-18 22:40:00,47,1,98
2024-02-18 22:45:00,36,1,98
2024-02-18 22:50:00,38,1,94
2024-02-18 22:55:00,37,1,100
2024-02-18 23:00:00,45,2,96
2024-02-18 23:05:00,28,1,98
2024-02-18 23:10:00,46,2,97
2024-02-18 23:15:00,41,2,99
2024-02-18 23:20:00,37,1,96
2024-02-18 23:25:00,35,1,96
2024-02-18 23:30:00,28,1,99
2024-02-18 23:35:00,19,1,97
2024-02-18 23:40:00,23,1,101
2024-02-18 23:45:00,26,1,94
2024-02-18 23:50:00,25,1,99
2024-02-18 23:55:00,33,1,103
2024-02-19 00:00:00,19,1,101
2024-02-19 00:05:00,20,1,107
2024-02-19 00:10:00,31,1,103
2024-02-19 00:15:00,21,1,94
2024-02-19 00:20:00,19,1,97
2024-02-19 00:25:00,25,1,96
2024-02-19 00:30:00,7,1,99
2024-02-19 00:35:00,23,2,90
2024-02-19 00:40:00,14,1,92
2024-02-19 00:45:00,20,2,88
2024-02-19 00:50:00,19,1,92
2024-02-19 00:55:00,16,1,94
2024-02-19 01:00:00,24,2,86
2024-02-19 01:05:00,17,1,94
2024-02-19 01:10:00,19,1,86
2024-02-19 01:15:00,10,1,96
2024-02-19 01:20:00,19,1,98
2024-02-19 01:25:00,14,1,89
2024-02-19 01:30:00,20,1,91
2024-02-19 01:35:00,12,1,85
2024-02-19 01:40:00,9,1,87
2024-02-19 01:45:00,16,2,90
2024-02-19 01:50:00,14,1,83
2024-02-19 01:55:00,16,1,89
2024-02-19 02:00:00,22,1,90
2024-02-19 02:05:00,12,1,87
2024-02-19 02:10:00,10,1,87
2024-02-19 02:15:00,13,1,84
2024-02-19 02:20:00,9,1,92
2024-02-19 02:25:00,8,1,83
2024-02-19 02:30:00,7,1,87
2024-02-19 02:35:00,13,1,99
2024-02-19 02:40:00,15,2,86
2024-02-19 02:45:00,13,1,97
2024-02-19 02:50:00,4,1,91
2024-02-19 02:55:00,13,2,90
2024-02-19 03:00:00,11,1,95
2024-02-19 03:05:00,6,2,88
2024-02-19 03:10:00,15,2,88
2024-02-19 03:15:00,15,1,92
2024-02-19 03:20:00,11,2,84
2024-02-19 03:25:00,18,2,88
2024-02-19 03:30:00,11,2,91
2024-02-19 03:35:00,17,1,92
2024-02-19 03:40:00,16,2,89
2024-02-19 03:45:00,10,2,85
2024-02-19 03:50:00,7,2,81
2024-02-19 03:55:00,11,2,81
2024-02-19 04:00:00,13,1,85
2024-02-19 04:05:00,22,2,85
2024-02-19 04:10:00,17,2,86
2024-02-19 04:15:00,17,1,89
2024-02-19 04:20:00,19,2,87
2024-02-19 04:25:00,16,2,79
2024-02-19 04:30:00,16,2,87
2024-02-19 04:35:00,12,1,89
2024-02-19 04:40:00,17,2,83
2024-02-19 04:45:00,22,1,92
2024-02-19 04:50:00,20,2,89
2024-02-19 04:55:00,17,2,82
2024-02-19 05:00:00,32,2,88
2024-02-19 05:05:00,23,1,91
2024-02-19 05:10:00,22,2,87
2024-02-19 05:15:00,25,2,84
2024-02-19 05:20:00,33,2,90
2024-02-19 05:25:00,37,3,84
2024-02-19 05:30:00,37,2,96
2024-02-19 05:35:00,36,2,90
2024-02-19 05:40:00,29,1,97
2024-02-19 05:45:00,39,2,91
2024-02-19 05:50:00,46,2,89
2024-02-19 05:55:00,37,2,89
2024-02-19 06:00:00,42,2,89
2024-02-19 06:05:00,65,3,87
2024-02-19 06:10:00,44,2,90
2024-02-19 06:15:00,46,2,88
2024-02-19 06:20:00,54,2,88
2024-02-19 06:25:00,40,2,93
2024-02-19 06:30:00,47,2,88
2024-02-19 06:35:00,68,3,94
2024-02-19 06:40:00,62,3,92
2024-02-19 06:45:00,70,2,99
2024-02-19 06:50:00,74,3,89
2024-02-19 06:55:00,71,2,93
2024-02-19 07:00:00,52,2,100
2024-02-19 07:05:00,85,3,93
2024-02-19 07:10:00,85,3,96
2024-02-19 07:15:00,50,2,97
2024-02-19 07:20:00,68,3,92
2024-02-19 07:25:00,91,4,93
2024-02-19 07:30:00,86,3,98
2024-02-19 07:35:00,63,2,98
2024-02-19 07:40:00,85,3,96
2024-02-19 07:45:00,76,2,100
2024-02-19 07:50:00,97,3,99
2024-02-19 07:55:00,84,3,99
2024-02-19 08:00:00,84,2,102
2024-02-19 08:05:00,91,3,105
2024-02-19 08:10:00,86,3,104
2024-02-19 08:15:00,119,4,103
2024-02-19 08:20:00,81,2,102
2024-02-19 08:25:00,104,3,106
2024-02-19 08:30:00,89,3,99
2024-02-19 08:35:00,82,3,97
2024-02-19 08:40:00,97,3,102
2024-02-19 08:45:00,77,3,103
2024-02-19 08:50:00,84,3,103
2024-02-19 08:55:00,66,2,101
2024-02-19 09:00:00,70,2,104
2024-02-19 09:05:00,96,3,99
2024-02-19 09:10:00,78,3,100
2024-02-19 09:15:00,111,3,103
2024-02-19 09:20:00,80,2,102
2024-02-19 09:25:00,100,4,99
2024-02-19 09:30:00,97,3,101
2024-02-19 09:35:00,93,3,98
2024-02-19 09:40:00,92,3,103
2024-02-19 09:45:00,102,4,100
2024-02-19 09:50:00,103,3,103
2024-02-19 09:55:00,102,3,100
2024-02-19 10:00:00,108,3,100
2024-02-19 10:05:00,116,4,100
2024-02-19 10:10:00,121,4,100
2024-02-19 10:15:00,98,4,98
2024-02-19 10:20:00,125,4,99
2024-02-19 10:25:00,103,4,99
2024-02-19 10:30:00,103,3,101
2024-02-19 10:35:00,109,3,101
2024-02-19 10:40:00,99,3,101
2024-02-19 10:45:00,117,4,100
2024-02-19 10:50:00,120,4,98
2024-02-19 10:55:00,110,3,102
2024-02-19 11:00:00,88,3,102
2024-02-19 11:05:00,104,4,99
2024-02-19 11:10:00,125,4,99
2024-02-19 11:15:00,118,4,99
2024-02-19 11:20:00,132,4,101
2024-02-19 11:25:00,119,4,103
2024-02-19 11:30:00,116,4,102
2024-02-19 11:35:00,123,4,97
2024-02-19 11:40:00,129,5,99
2024-02-19 11:45:00,144,5,100
2024-02-19 11:50:00,118,4,100
2024-02-19 11:55:00,122,4,101
2024-02-19 12:00:00,140,5,100
2024-02-19 12:05:00,142,5,100
2024-02-19 12:10:00,160,6,101
2024-02-19 12:15:00,132,4,99
2024-02-19 12:20:00,149,5,104
2024-02-19 12:25:00,140,5,100
2024-02-19 12:30:00,133,5,98
2024-02-19 12:35:00,98,3,103
2024-02-19 12:40:00,124,4,102
2024-02-19 12:45:00,132,5,101
2024-02-19 12:50:00,124,4,103
2024-02-19 12:55:00,132,5,98
2024-02-19 13:00:00,146,5,102
2024-02-19 13:05:00,142,5,102
2024-02-19 13:10:00,122,4,105
2024-02-19 13:15:00,151,5,101
2024-02-19 13:20:00,130,4,101
2024-02-19 13:25:00,149,5,102
2024-02-19 13:30:00,140,4,105
2024-02-19 13:35:00,124,4,102
2024-02-19 13:40:00,101,4,102
2024-02-19 13:45:00,114,4,101
2024-02-19 13:50:00,137,5,99
2024-02-19 13:55:00,131,4,100
2024-02-19 14:00:00,138,4,103
2024-02-19 14:05:00,110,4,105
2024-02-19 14:10:00,114,3,103
2024-02-19 14:15:00,123,4,99
2024-02-19 14:20:00,140,4,105
2024-02-19 14:25:00,135,4,105
2024-02-19 14:30:00,127,4,100
2024-02-19 14:35:00,126,4,101
2024-02-19 14:40:00,119,4,105
2024-02-19 14:45:00,140,4,105
2024-02-19 14:50:00,118,4,101
2024-02-19 14:55:00,138,4,105
2024-02-19 15:00:00,131,5,104
2024-02-19 15:05:00,116,4,100
2024-02-19 15:10:00,134,4,102
2024-02-19 15:15:00,138,4,106
2024-02-19 15:20:00,132,4,104
2024-02-19 15:25:00,136,4,103
2024-02-19 15:30:00,117,3,109
2024-02-19 15:35:00,122,4,103
2024-02-19 15:40:00,112,3,104
2024-02-19 15:45:00,124,4,104
2024-02-19 15:50:00,107,3,109
2024-02-19 15:55:00,111,3,108
2024-02-19 16:00:00,120,3,108
2024-02-19 16:05:00,98,3,103
2024-02-19 16:10:00,111,3,102
2024-02-19 16:15:00,118,3,104
2024-02-19 16:20:00,116,4,105
2024-02-19 16:25:00,109,4,102
2024-02-19 16:30:00,117,3,103
2024-02-19 16:35:00,104,3,100
2024-02-19 16:40:00,112,3,104
2024-02-19 16:45:00,113,3,105
2024-02-19 16:50:00,84,2,105
2024-02-19 16:55:00,103,3,102
2024-02-19 17:00:00,128,4,106
2024-02-19 17:05:00,108,3,105
2024-02-19 17:10:00,93,2,106
2024-02-19 17:15:00,105,3,106
2024-02-19 17:20:00,99,3,108
2024-02-19 17:25:00,96,3,105
2024-02-19 17:30:00,81,2,102
2024-02-19 17:35:00,106,3,106
2024-02-19 17:40:00,110,3,106
2024-02-19 17:45:00,114,3,104
2024-02-19 17:50:00,98,3,102
2024-02-19 17:55:00,81,2,102
2024-02-19 18:00:00,90,3,101
2024-02-19 18:05:00,111,3,103
2024-02-19 18:10:00,83,2,104
2024-02-19 18:15:00,98,3,102
2024-02-19 18:20:00,99,3,98
2024-02-19 18:25:00,83,3,100
2024-02-19 18:30:00,87,2,104
2024-02-19 18:35:00,80,3,103
2024-02-19 18:40:00,72,2,102
2024-02-19 18:45:00,64,2,101
2024-02-19 18:50:00,84,3,98
2024-02-19 18:55:00,92,3,103
2024-02-19 19:00:00,70,2,101
2024-02-19 19:05:00,78,2,97
2024-02-19 19:10:00,63,2,101
2024-02-19 19:15:00,58,2,103
2024-02-19 19:20:00,70,3,98
2024-02-19 19:25:00,80,3,98
2024-02-19 19:30:00,71,3,97
2024-02-19 19:35:00,57,2,100
2024-02-19 19:40:00,73,3,93
2024-02-19 19:45:00,57,2,99
2024-02-19 19:50:00,49,1,102
2024-02-19 19:55:00,58,2,99
2024-02-19 20:00:00,65,2,98
2024-02-19 20:05:00,78,3,104
2024-02-19 20:10:00,62,2,100
2024-02-19 20:15:00,70,3,97
2024-02-19 20:20:00,42,2,95
2024-02-19 20:25:00,55,2,98
2024-02-19 20:30:00,57,2,97
2024-02-19 20:35:00,54,2,99
2024-02-19 20:40:00,50,2,100
2024-02-19 20:45:00,44,2,96
2024-02-19 20:50:00,41,2,96
2024-02-19 20:55:00,48,2,96
2024-02-19 21:00:00,53,2,96
2024-02-19 21:05:00,38,2,104
2024-02-19 21:10:00,59,2,101
2024-02-19 21:15:00,48,2,98
2024-02-19 21:20:00,43,2,97
2024-02-19 21:25:00,38,1,102
2024-02-19 21:30:00,37,2,92
2024-02-19 21:35:00,40,2,95
2024-02-19 21:40:00,50,2,97
2024-02-19 21:45:00,52,3,91
2024-02-19 21:50:00,49,2,93
2024-02-19 21:55:00,41,2,98
2024-02-19 22:00:00,46,2,94
2024-02-19 22:05:00,37,2,102
2024-02-19 22:10:00,39,1,92
2024-02-19 22:15:00,38,2,95
2024-02-19 22:20:00,34,2,93
2024-02-19 22:25:00,38,2,92
2024-02-19 22:30:00,32,2,94
2024-02-19 22:35:00,31,2,98
2024-02-19 22:40:00,37,1,96
2024-02-19 22:45:00,30,2,88
2024-02-19 22:50:00,31,2,89
2024-02-19 22:55:00,36,2,97
2024-02-19 23:00:00,32,2,92
2024-02-19 23:05:00,26,2,89
2024-02-19 23:10:00,33,2,90
2024-02-19 23:15:00,39,2,91
2024-02-19 23:20:00,41,2,95
2024-02-19 23:25:00,24,1,92
2024-02-19 23:30:00,34,2,92
2024-02-19 23:35:00,28,1,93
2024-02-19 23:40:00,26,2,92
2024-02-19 23:45:00,19,1,95
2024-02-19 23:50:00,33,2,92
2024-02-19 23:55:00,31,2,93
2024-02-20 00:00:00,24,2,94
2024-02-20 00:05:00,31,3,91
2024-02-20 00:10:00,18,2,85
2024-02-20 00:15:00,24,2,92
2024-02-20 00:20:00,16,2,88
2024-02-20 00:25:00,26,2,93
2024-02-20 00:30:00,19,3,85
2024-02-20 00:35:00,28,2,88
2024-02-20 00:40:00,26,2,96
2024-02-20 00:45:00,20,2,87
2024-02-20 00:50:00,22,2,94
2024-02-20 00:55:00,14,1,86
2024-02-20 01:00:00,18,2,87
2024-02-20 01:05:00,17,1,88
2024-02-20 01:10:00,12,1,87
2024-02-20 01:15:00,19,3,97
2024-02-20 01:20:00,9,1,88
2024-02-20 01:25:00,21,2,88
2024-02-20 01:30:00,20,1,97
2024-02-20 01:35:00,15,2,82
2024-02-20 01:40:00,15,2,91
2024-02-20 01:45:00,25,2,82
2024-02-20 01:50:00,13,2,85
2024-02-20 01:55:00,11,1,87
2024-02-20 02:00:00,15,2,87
2024-02-20 02:05:00,21,2,79
2024-02-20 02:10:00,13,1,91
2024-02-20 02:15:00,12,1,89
2024-02-20 02:20:00,15,2,82
2024-02-20 02:25:00,15,1,87
2024-02-20 02:30:00,13,3,83
2024-02-20 02:35:00,13,2,90
2024-02-20 02:40:00,12,2,93
2024-02-20 02:45:00,6,1,93
2024-02-20 02:50:00,15,2,84
2024-02-20 02:55:00,10,1,89
2024-02-20 03:00:00,16,3,82
2024-02-20 03:05:00,18,1,88
2024-02-20 03:10:00,13,2,87
2024-02-20 03:15:00,20,2,87
2024-02-20 03:20:00,17,2,90
2024-02-20 03:25:00,16,3,84
2024-02-20 03:30:00,17,2,83
2024-02-20 03:35:00,21,3,82
2024-02-20 03:40:00,15,2,88
2024-02-20 03:45:00,20,2,85
2024-02-20 03:50:00,23,2,87
2024-02-20 03:55:00,15,2,83
2024-02-20 04:00:00,21,2,82
2024-02-20 04:05:00,17,2,86
2024-02-20 04:10:00,20,2,86
2024-02-20 04:15:00,26,2,86
2024-02-20 04:20:00,19,2,84
2024-02-20 04:25:00,29,2,85
2024-02-20 04:30:00,26,2,82
2024-02-20 04:35:00,24,2,81
2024-02-20 04:40:00,43,4,84
2024-02-20 04:45:00,21,2,86
2024-02-20 04:50:00,29,3,83
2024-02-20 04:55:00,14,2,84
2024-02-20 05:00:00,28,2,83
2024-02-20 05:05:00,32,3,86
2024-02-20 05:10:00,25,2,82
2024-02-20 05:15:00,27,2,84
2024-02-20 05:20:00,30,3,82
2024-02-20 05:25:00,58,4,84
2024-02-20 05:30:00,34,3,89
2024-02-20 05:35:00,43,2,90
2024-02-20 05:40:00,34,2,87
2024-02-20 05:45:00,45,3,86
2024-02-20 05:50:00,45,3,90
2024-02-20 05:55:00,46,3,89
2024-02-20 06:00:00,44,3,88
2024-02-20 06:05:00,36,2,88
2024-02-20 06:10:00,39,3,89
2024-02-20 06:15:00,50,3,87
2024-02-20 06:20:00,56,3,91
2024-02-20 06:25:00,58,3,91
2024-02-20 06:30:00,53,3,90
2024-02-20 06:35:00,74,4,92
2024-02-20 06:40:00,55,3,94
2024-02-20 06:45:00,49,3,90
2024-02-20 06:50:00,66,3,97
2024-02-20 06:55:00,63,3,92
2024-02-20 07:00:00,56,3,91
2024-02-20 07:05:00,57,3,91
2024-02-20 07:10:00,69,3,94
2024-02-20 07:15:00,58,3,90
2024-02-20 07:20:00,66,3,95
2024-02-20 07:25:00,85,4,96
2024-02-20 07:30:00,71,3,95
2024-02-20 07:35:00,55,2,97
2024-02-20 07:40:00,60,2,97
2024-02-20 07:45:00,56,3,95
2024-02-20 07:50:00,80,3,97
2024-02-20 07:55:00,71,2,99
2024-02-20 08:00:00,83,3,93
2024-02-20 08:05:00,65,3,95
2024-02-20 08:10:00,76,3,97
2024-02-20 08:15:00,69,3,97
2024-02-20 08:20:00,77,3,96
2024-02-20 08:25:00,86,3,98
2024-02-20 08:30:00,81,3,94
2024-02-20 08:35:00,82,3,96
2024-02-20 08:40:00,82,3,94
2024-02-20 08:45:00,89,4,94
2024-02-20 08:50:00,57,2,98
2024-02-20 08:55:00,83,3,99
2024-02-20 09:00:00,75,3,100
2024-02-20 09:05:00,77,3,96
2024-02-20 09:10:00,82,3,95
2024-02-20 09:15:00,91,3,97
2024-02-20 09:20:00,94,3,96
2024-02-20 09:25:00,98,4,98
2024-02-20 09:30:00,105,4,95
2024-02-20 09:35:00,88,3,100
2024-02-20 09:40:00,100,4,95
2024-02-20 09:45:00,105,4,94
2024-02-20 09:50:00,93,3,96
2024-02-20 09:55:00,90,3,100
2024-02-20 10:00:00,104,4,97
2024-02-20 10:05:00,115,5,93
2024-02-20 10:10:00,106,4,96
2024-02-20 10:15:00,91,3,94
2024-02-20 10:20:00,122,4,95
2024-02-20 10:25:00,108,4,96
2024-02-20 10:30:00,111,4,99
2024-02-20 10:35:00,108,3,98
2024-02-20 10:40:00,112,4,101
2024-02-20 10:45:00,98,3,100
2024-02-20 10:50:00,135,5,100
2024-02-20 10:55:00,102,3,99
2024-02-20 11:00:00,119,4,101
2024-02-20 11:05:00,122,4,97
2024-02-20 11:10:00,133,5,96
2024-02-20 11:15:00,118,4,94
2024-02-20 11:20:00,124,4,100
2024-02-20 11:25:00,87,3,97
2024-02-20 11:30:00,128,4,96
2024-02-20 11:35:00,140,5,97
2024-02-20 11:40:00,129,5,96
2024-02-20 11:45:00,124,4,98
2024-02-20 11:50:00,119,4,98
2024-02-20 11:55:00,125,5,95
2024-02-20 12:00:00,131,5,95
2024-02-20 12:05:00,137,5,93
2024-02-20 12:10:00,115,4,97
2024-02-20 12:15:00,143,5,95
2024-02-20 12:20:00,131,4,101
2024-02-20 12:25:00,142,5,95
2024-02-20 12:30:00,116,5,93
2024-02-20 12:35:00,102,4,98
2024-02-20 12:40:00,131,5,98
2024-02-20 12:45:00,129,4,99
2024-02-20 12:50:00,155,6,97
2024-02-20 12:55:00,147,5,95
2024-02-20 13:00:00,127,5,95
2024-02-20 13:05:00,129,5,97
2024-02-20 13:10:00,136,5,94
2024-02-20 13:15:00,139,5,97
2024-02-20 13:20:00,117,4,97
2024-02-20 13:25:00,129,5,99
2024-02-20 13:30:00,112,4,101
2024-02-20 13:35:00,109,3,100
2024-02-20 13:40:00,125,5,96
2024-02-20 13:45:00,140,5,93
2024-02-20 13:50:00,157,6,97
2024-02-20 13:55:00,159,5,97
2024-02-20 14:00:00,140,5,99
2024-02-20 14:05:00,161,6,97
2024-02-20 14:10:00,124,4,101
2024-02-20 14:15:00,118,4,97
2024-02-20 14:20:00,128,4,102
2024-02-20 14:25:00,159,5,101
2024-02-20 14:30:00,111,4,99
2024-02-20 14:35:00,122,4,99
2024-02-20 14:40:00,152,5,98
2024-02-20 14:45:00,125,4,98
2024-02-20 14:50:00,117,4,98
2024-02-20 14:55:00,121,4,98
2024-02-20 15:00:00,124,4,99
2024-02-20 15:05:00,108,4,98
2024-02-20 15:10:00,140,4,96
2024-02-20 15:15:00,132,4,99
2024-02-20 15:20:00,120,4,99
2024-02-20 15:25:00,118,3,101
2024-02-20 15:30:00,126,4,103
2024-02-20 15:35:00,125,4,102
2024-02-20 15:40:00,109,3,100
2024-02-20 15:45:00,124,4,96
2024-02-20 15:50:00,111,3,101
2024-02-20 15:55:00,99,4,95
2024-02-20 16:00:00,135,4,102
2024-02-20 16:05:00,110,3,102
2024-02-20 16:10:00,96,3,102
2024-02-20 16:15:00,109,3,99
2024-02-20 16:20:00,112,3,102
2024-02-20 16:25:00,118,4,100
2024-02-20 16:30:00,110,3,100
2024-02-20 16:35:00,112,4,99
2024-02-20 16:40:00,111,4,101
2024-02-20 16:45:00,122,4,103
2024-02-20 16:50:00,107,3,97
2024-02-20 16:55:00,95,3,102
2024-02-20 17:00:00,114,4,100
2024-02-20 17:05:00,101,3,102
2024-02-20 17:10:00,103,3,101
2024-02-20 17:15:00,91,3,99
2024-02-20 17:20:00,108,3,99
2024-02-20 17:25:00,80,3,101
2024-02-20 17:30:00,102,3,100
2024-02-20 17:35:00,93,3,99
2024-02-20 17:40:00,87,3,96
2024-02-20 17:45:00,126,4,98
2024-02-20 17:50:00,85,3,97
2024-02-20 17:55:00,125,4,97
2024-02-20 18:00:00,80,2,98
2024-02-20 18:05:00,89,3,100
2024-02-20 18:10:00,76,3,95
2024-02-20 18:15:00,109,3,97
2024-02-20 18:20:00,61,2,96
2024-02-20 18:25:00,69,2,102
2024-02-20 18:30:00,100,3,95
2024-02-20 18:35:00,92,3,94
2024-02-20 18:40:00,93,3,92
2024-02-20 18:45:00,95,3,94
2024-02-20 18:50:00,67,3,92
2024-02-20 18:55:00,66,3,93
2024-02-20 19:00:00,86,3,94
2024-02-20 19:05:00,70,2,94
2024-02-20 19:10:00,83,3,91
2024-02-20 19:15:00,77,2,96
2024-02-20 19:20:00,72,3,93
2024-02-20 19:25:00,72,3,92
2024-02-20 19:30:00,84,4,90
2024-02-20 19:35:00,66,2,90
2024-02-20 19:40:00,87,3,93
2024-02-20 19:45:00,60,2,91
2024-02-20 19:50:00,71,2,92
2024-02-20 19:55:00,88,3,93
2024-02-20 20:00:00,84,3,93
2024-02-20 20:05:00,60,2,95
2024-02-20 20:10:00,57,2,95
2024-02-20 20:15:00,64,2,95
2024-02-20 20:20:00,80,3,92
2024-02-20 20:25:00,55,2,95
2024-02-20 20:30:00,80,3,95
2024-02-20 20:35:00,59,2,94
2024-02-20 20:40:00,55,2,96
2024-02-20 20:45:00,47,2,94
2024-02-20 20:50:00,61,2,99
2024-02-20 20:55:00,57,2,98
2024-02-20 21:00:00,52,2,90
2024-02-20 21:05:00,46,2,98
2024-02-20 21:10:00,42,2,94
2024-02-20 21:15:00,57,3,90
2024-02-20 21:20:00,50,3,90
2024-02-20 21:25:00,46,2,91
2024-02-20 21:30:00,46,3,97
2024-02-20 21:35:00,42,2,99
2024-02-20 21:40:00,48,2,95
2024-02-20 21:45:00,58,3,94
2024-02-20 21:50:00,47,2,92
2024-02-20 21:55:00,37,2,98
2024-02-20 22:00:00,39,3,93
2024-02-20 22:05:00,44,2,94
2024-02-20 22:10:00,45,2,90
2024-02-20 22:15:00,45,2,91
2024-02-20 22:20:00,50,2,91
2024-02-20 22:25:00,47,2,95
2024-02-20 22:30:00,49,3,87
2024-02-20 22:35:00,39,2,88
2024-02-20 22:40:00,23,2,93
2024-02-20 22:45:00,34,2,91
2024-02-20 22:50:00,38,2,91
2024-02-20 22:55:00,34,2,92
2024-02-20 23:00:00,35,2,91
2024-02-20 23:05:00,31,1,92
2024-02-20 23:10:00,25,2,87
2024-02-20 23:15:00,37,2,93
2024-02-20 23:20:00,38,3,86
2024-02-20 23:25:00,25,2,88
2024-02-20 23:30:00,35,1,94
2024-02-20 23:35:00,29,1,94
2024-02-20 23:40:00,33,2,84
2024-02-20 23:45:00,25,1,90
2024-02-20 23:50:00,24,2,87
2024-02-20 23:55:00,37,2,88
2024-02-21 00:00:00,19,1,90
2024-02-21 00:05:00,43,2,90
2024-02-21 00:10:00,32,2,88
2024-02-21 00:15:00,14,1,85
2024-02-21 00:20:00,28,2,91
2024-02-21 00:25:00,24,2,87
2024-02-21 00:30:00,29,2,88
2024-02-21 00:35:00,16,2,88
2024-02-21 00:40:00,16,2,84
2024-02-21 00:45:00,20,2,92
2024-02-21 00:50:00,15,2,87
2024-02-21 00:55:00,14,2,82
2024-02-21 01:00:00,32,2,90
2024-02-21 01:05:00,19,1,88
2024-02-21 01:10:00,17,2,86
2024-02-21 01:15:00,23,2,79
2024-02-21 01:20:00,15,2,87
2024-02-21 01:25:00,22,2,86
2024-02-21 01:30:00,13,2,83
2024-02-21 01:35:00,20,2,85
2024-02-21 01:40:00,14,2,85
2024-02-21 01:45:00,23,2,86
2024-02-21 01:50:00,13,2,87
2024-02-21 01:55:00,15,2,88
2024-02-21 02:00:00,13,2,85
2024-02-21 02:05:00,17,2,85
2024-02-21 02:10:00,8,1,82
2024-02-21 02:15:00,14,2,83
2024-02-21 02:20:00,19,3,81
2024-02-21 02:25:00,17,2,82
2024-02-21 02:30:00,22,3,84
2024-02-21 02:35:00,17,2,81
2024-02-21 02:40:00,14,1,90
2024-02-21 02:45:00,12,1,92
2024-02-21 02:50:00,15,2,86
2024-02-21 02:55:00,12,2,82
2024-02-21 03:00:00,17,2,89
2024-02-21 03:05:00,22,2,83
2024-02-21 03:10:00,12,2,87
2024-02-21 03:15:00,11,1,87
2024-02-21 03:20:00,12,2,87
2024-02-21 03:25:00,19,3,84
2024-02-21 03:30:00,15,2,86
2024-02-21 03:35:00,21,2,80
2024-02-21 03:40:00,18,2,86
2024-02-21 03:45:00,10,2,89
2024-02-21 03:50:00,20,2,83
2024-02-21 03:55:00,26,3,89
2024-02-21 04:00:00,25,2,82
2024-02-21 04:05:00,26,4,80
2024-02-21 04:10:00,19,2,79
2024-02-21 04:15:00,12,2,85
2024-02-21 04:20:00,16,2,81
2024-02-21 04:25:00,18,2,84
2024-02-21 04:30:00,22,2,78
2024-02-21 04:35:00,22,2,82
2024-02-21 04:40:00,23,3,78
2024-02-21 04:45:00,23,3,82
2024-02-21 04:50:00,30,3,82
2024-02-21 04:55:00,21,2,85
2024-02-21 05:00:00,29,3,81
2024-02-21 05:05:00,25,2,81
2024-02-21 05:10:00,25,2,82
2024-02-21 05:15:00,34,2,83
2024-02-21 05:20:00,42,4,82
2024-02-21 05:25:00,49,4,82
2024-02-21 05:30:00,50,4,82
2024-02-21 05:35:00,31,3,85
2024-02-21 05:40:00,36,2,83
2024-02-21 05:45:00,41,3,86
2024-02-21 05:50:00,44,3,79
2024-02-21 05:55:00,48,4,85
2024-02-21 06:00:00,39,3,86
2024-02-21 06:05:00,40,3,83
2024-02-21 06:10:00,47,3,84
2024-02-21 06:15:00,43,3,86
2024-02-21 06:20:00,46,3,85
2024-02-21 06:25:00,33,3,81
2024-02-21 06:30:00,53,3,85
2024-02-21 06:35:00,57,3,86
2024-02-21 06:40:00,57,3,86
2024-02-21 06:45:00,52,4,86
2024-02-21 06:50:00,54,3,87
2024-02-21 06:55:00,69,3,90
2024-02-21 07:00:00,50,2,90
2024-02-21 07:05:00,65,4,86
2024-02-21 07:10:00,55,3,89
2024-02-21 07:15:00,73,4,88
2024-02-21 07:20:00,73,3,91
2024-02-21 07:25:00,62,3,93
2024-02-21 07:30:00,72,3,93
2024-02-21 07:35:00,74,4,90
2024-02-21 07:40:00,66,3,90
2024-02-21 07:45:00,63,3,95
2024-02-21 07:50:00,66,3,89
2024-02-21 07:55:00,84,3,93
2024-02-21 08:00:00,71,2,97
2024-02-21 08:05:00,65,3,94
2024-02-21 08:10:00,75,3,96
2024-02-21 08:15:00,69,2,97
2024-02-21 08:20:00,80,3,96
2024-02-21 08:25:00,90,3,96
2024-02-21 08:30:00,76,3,94
2024-02-21 08:35:00,68,2,95
2024-02-21 08:40:00,91,3,98
2024-02-21 08:45:00,92,3,98
2024-02-21 08:50:00,95,4,94
2024-02-21 08:55:00,88,3,99
2024-02-21 09:00:00,89,3,95
2024-02-21 09:05:00,91,3,98
2024-02-21 09:10:00,91,4,96
2024-02-21 09:15:00,92,3,101
2024-02-21 09:20:00,94,3,96
2024-02-21 09:25:00,95,3,97
2024-02-21 09:30:00,97,3,97
2024-02-21 09:35:00,103,4,96
2024-02-21 09:40:00,96,3,98
2024-02-21 09:45:00,110,4,95
2024-02-21 09:50:00,97,3,98
2024-02-21 09:55:00,108,4,97
2024-02-21 10:00:00,96,4,95
2024-02-21 10:05:00,89,3,98
2024-02-21 10:10:00,121,4,99
2024-02-21 10:15:00,120,4,97
2024-02-21 10:20:00,115,4,97
2024-02-21 10:25:00,113,4,97
2024-02-21 10:30:00,93,3,97
2024-02-21 10:35:00,141,5,98
2024-02-21 10:40:00,114,3,104
2024-02-21 10:45:00,117,4,100
2024-02-21 10:50:00,109,4,94
2024-02-21 10:55:00,104,3,99
2024-02-21 11:00:00,110,3,98
2024-02-21 11:05:00,127,4,97
2024-02-21 11:10:00,125,4,98
2024-02-21 11:15:00,123,4,97
2024-02-21 11:20:00,114,4,101
2024-02-21 11:25:00,144,5,99
2024-02-21 11:30:00,117,4,97
2024-02-21 11:35:00,123,4,99
2024-02-21 11:40:00,147,5,100
2024-02-21 11:45:00,136,5,98
2024-02-21 11:50:00,114,4,99
2024-02-21 11:55:00,118,4,98
2024-02-21 12:00:00,135,5,97
2024-02-21 12:05:00,115,4,101
2024-02-21 12:10:00,130,5,96
2024-02-21 12:15:00,122,4,96
2024-02-21 12:20:00,122,4,98
2024-02-21 12:25:00,127,5,96
2024-02-21 12:30:00,119,5,95
2024-02-21 12:35:00,120,5,96
2024-02-21 12:40:00,129,4,101
2024-02-21 12:45:00,114,4,92
2024-02-21 12:50:00,106,4,97
2024-02-21 12:55:00,130,5,100
2024-02-21 13:00:00,110,4,101
2024-02-21 13:05:00,96,3,101
2024-02-21 13:10:00,125,5,96
2024-02-21 13:15:00,89,3,98
2024-02-21 13:20:00,131,5,95
2024-02-21 13:25:00,135,5,97
2024-02-21 13:30:00,114,4,97
2024-02-21 13:35:00,122,4,97
2024-02-21 13:40:00,141,5,97
2024-02-21 13:45:00,127,4,100
2024-02-21 13:50:00,103,4,98
2024-02-21 13:55:00,138,5,96
2024-02-21 14:00:00,121,5,97
2024-02-21 14:05:00,156,5,101
2024-02-21 14:10:00,137,5,99
2024-02-21 14:15:00,128,4,99
2024-02-21 14:20:00,136,5,98
2024-02-21 14:25:00,136,5,97
2024-02-21 14:30:00,140,5,100
2024-02-21 14:35:00,145,5,98
2024-02-21 14:40:00,121,4,98
2024-02-21 14:45:00,140,5,98
2024-02-21 14:50:00,127,4,98
2024-02-21 14:55:00,131,4,99
2024-02-21 15:00:00,151,5,98
2024-02-21 15:05:00,108,3,102
2024-02-21 15:10:00,112,3,100
2024-02-21 15:15:00,132,4,101
2024-02-21 15:20:00,105,3,101
2024-02-21 15:25:00,119,4,99
2024-02-21 15:30:00,125,4,104
2024-02-21 15:35:00,130,4,100
2024-02-21 15:40:00,108,3,102
2024-02-21 15:45:00,125,4,101
2024-02-21 15:50:00,126,4,101
2024-02-21 15:55:00,96,3,99
2024-02-21 16:00:00,132,4,101
2024-02-21 16:05:00,122,3,104
2024-02-21 16:10:00,121,4,97
2024-02-21 16:15:00,102,3,99
2024-02-21 16:20:00,111,3,102
2024-02-21 16:25:00,115,4,98
2024-02-21 16:30:00,115,3,102
2024-02-21 16:35:00,108,3,98
2024-02-21 16:40:00,121,4,99
2024-02-21 16:45:00,111,3,103
2024-02-21 16:50:00,135,5,99
2024-02-21 16:55:00,83,2,103
2024-02-21 17:00:00,120,4,103
2024-02-21 17:05:00,97,3,100
2024-02-21 17:10:00,82,3,98
2024-02-21 17:15:00,112,3,101
2024-02-21 17:20:00,101,3,101
2024-02-21 17:25:00,100,3,100
2024-02-21 17:30:00,107,4,99
2024-02-21 17:35:00,99,3,100
2024-02-21 17:40:00,94,3,99
2024-02-21 17:45:00,130,4,101
2024-02-21 17:50:00,85,3,97
2024-02-21 17:55:00,113,3,97
2024-02-21 18:00:00,89,3,97
2024-02-21 18:05:00,87,3,96
2024-02-21 18:10:00,105,3,102
2024-02-21 18:15:00,72,3,96
2024-02-21 18:20:00,97,4,92
2024-02-21 18:25:00,96,3,95
2024-02-21 18:30:00,73,3,97
2024-02-21 18:35:00,88,3,98
2024-02-21 18:40:00,89,4,93
2024-02-21 18:45:00,63,2,95
2024-02-21 18:50:00,86,3,96
2024-02-21 18:55:00,75,2,98
2024-02-21 19:00:00,86,3,95
2024-02-21 19:05:00,62,2,93
2024-02-21 19:10:00,93,3,96
2024-02-21 19:15:00,63,2,97
2024-02-21 19:20:00,69,3,97
2024-02-21 19:25:00,68,2,98
2024-02-21 19:30:00,68,2,96
2024-02-21 19:35:00,59,2,95
2024-02-21 19:40:00,66,2,98
2024-02-21 19:45:00,62,2,101
2024-02-21 19:50:00,67,2,98
2024-02-21 19:55:00,61,2,98
2024-02-21 20:00:00,59,3,93
2024-02-21 20:05:00,52,2,97
2024-02-21 20:10:00,63,2,97
2024-02-21 20:15:00,52,2,90
2024-02-21 20:20:00,58,2,97
2024-02-21 20:25:00,51,2,94
2024-02-21 20:30:00,38,1,98
2024-02-21 20:35:00,48,2,98
2024-02-21 20:40:00,49,2,98
2024-02-21 20:45:00,56,3,92
2024-02-21 20:50:00,53,2,97
2024-02-21 20:55:00,52,2,91
2024-02-21 21:00:00,51,2,100
2024-02-21 21:05:00,51,2,92
2024-02-21 21:10:00,45,2,96
2024-02-21 21:15:00,45,2,94
2024-02-21 21:20:00,32,2,95
2024-02-21 21:25:00,44,2,92
2024-02-21 21:30:00,48,2,90
2024-02-21 21:35:00,32,2,93
2024-02-21 21:40:00,32,2,92
2024-02-21 21:45:00,46,2,91
2024-02-21 21:50:00,52,3,95
2024-02-21 21:55:00,45,2,94
2024-02-21 22:00:00,47,2,91
2024-02-21 22:05:00,36,1,98
2024-02-21 22:10:00,29,2,88
2024-02-21 22:15:00,45,2,94
2024-02-21 22:20:00,38,2,100
2024-02-21 22:25:00,38,2,93
2024-02-21 22:30:00,36,2,94
2024-02-21 22:35:00,42,2,93
2024-02-21 22:40:00,37,1,96
2024-02-21 22:45:00,43,3,90
2024-02-21 22:50:00,35,1,96
2024-02-21 22:55:00,33,2,94
2024-02-21 23:00:00,40,2,96
2024-02-21 23:05:00,39,2,94
2024-02-21 23:10:00,30,2,90
2024-02-21 23:15:00,24,2,93
2024-02-21 23:20:00,35,3,86
2024-02-21 23:25:00,26,2,88
2024-02-21 23:30:00,41,2,89
2024-02-21 23:35:00,23,3,83
2024-02-21 23:40:00,28,2,86
2024-02-21 23:45:00,26,1,92
2024-02-21 23:50:00,25,1,95
2024-02-21 23:55:00,12,1,92
2024-02-22 00:00:00,30,2,84
2024-02-22 00:05:00,21,2,87
2024-02-22 00:10:00,25,2,87
2024-02-22 00:15:00,28,2,89
2024-02-22 00:20:00,14,1,89
2024-02-22 00:25:00,23,1,89
2024-02-22 00:30:00,29,2,89
2024-02-22 00:35:00,22,2,95
2024-02-22 00:40:00,14,1,97
2024-02-22 00:45:00,14,1,91
2024-02-22 00:50:00,23,2,84
2024-02-22 00:55:00,23,2,85
2024-02-22 01:00:00,20,2,86
2024-02-22 01:05:00,24,1,93
2024-02-22 01:10:00,19,2,85
2024-02-22 01:15:00,15,2,83
2024-02-22 01:20:00,24,2,89
2024-02-22 01:25:00,23,2,94
2024-02-22 01:30:00,18,2,83
2024-02-22 01:35:00,7,2,82
2024-02-22 01:40:00,21,2,83
2024-02-22 01:45:00,23,2,87
2024-02-22 01:50:00,23,1,95
2024-02-22 01:55:00,16,1,84
2024-02-22 02:00:00,18,1,86
2024-02-22 02:05:00,24,3,80
2024-02-22 02:10:00,15,2,83
2024-02-22 02:15:00,11,2,78
2024-02-22 02:20:00,14,1,86
2024-02-22 02:25:00,10,2,79
2024-02-22 02:30:00,11,1,83
2024-02-22 02:35:00,14,2,78
2024-02-22 02:40:00,18,2,85
2024-02-22 02:45:00,16,2,84
2024-02-22 02:50:00,16,2,90
2024-02-22 02:55:00,13,1,88
2024-02-22 03:00:00,11,2,87
2024-02-22 03:05:00,16,2,83
2024-02-22 03:10:00,11,1,87
2024-02-22 03:15:00,6,2,76
2024-02-22 03:20:00,11,1,85
2024-02-22 03:25:00,11,1,87
2024-02-22 03:30:00,14,2,76
2024-02-22 03:35:00,23,2,85
2024-02-22 03:40:00,21,3,82
2024-02-22 03:45:00,23,2,83
2024-02-22 03:50:00,20,2,81
2024-02-22 03:55:00,10,2,84
2024-02-22 04:00:00,22,2,87
2024-02-22 04:05:00,18,2,87
2024-02-22 04:10:00,21,2,83
2024-02-22 04:15:00,22,2,91
2024-02-22 04:20:00,20,2,86
2024-02-22 04:25:00,15,2,79
2024-02-22 04:30:00,18,2,87
2024-02-22 04:35:00,21,2,83
2024-02-22 04:40:00,29,3,83
2024-02-22 04:45:00,30,3,83
2024-02-22 04:50:00,28,2,85
2024-02-22 04:55:00,28,4,81
2024-02-22 05:00:00,25,3,84
2024-02-22 05:05:00,32,3,82
2024-02-22 05:10:00,29,3,83
2024-02-22 05:15:00,37,3,86
2024-02-22 05:20:00,36,3,83
2024-02-22 05:25:00,37,3,81
2024-02-22 05:30:00,34,3,84
2024-02-22 05:35:00,39,3,83
2024-02-22 05:40:00,43,3,85
2024-02-22 05:45:00,33,2,86
2024-02-22 05:50:00,38,3,86
2024-02-22 05:55:00,30,2,86
2024-02-22 06:00:00,33,3,82
2024-02-22 06:05:00,52,3,87
2024-02-22 06:10:00,41,2,88
2024-02-22 06:15:00,43,3,89
2024-02-22 06:20:00,39,4,83
2024-02-22 06:25:00,52,3,89
2024-02-22 06:30:00,47,2,91
2024-02-22 06:35:00,74,4,88
2024-02-22 06:40:00,53,2,91
2024-02-22 06:45:00,53,3,91
2024-02-22 06:50:00,55,3,91
2024-02-22 06:55:00,45,3,89
2024-02-22 07:00:00,76,4,86
2024-02-22 07:05:00,57,3,91
2024-02-22 07:10:00,63,3,92
2024-02-22 07:15:00,67,4,90
2024-02-22 07:20:00,74,3,96
2024-02-22 07:25:00,53,3,93
2024-02-22 07:30:00,62,2,97
2024-02-22 07:35:00,55,3,93
2024-02-22 07:40:00,66,3,96
2024-02-22 07:45:00,68,3,98
2024-02-22 07:50:00,87,3,96
2024-02-22 07:55:00,69,3,99
2024-02-22 08:00:00,73,2,103
2024-02-22 08:05:00,75,2,98
2024-02-22 08:10:00,69,3,95
2024-02-22 08:15:00,83,3,99
2024-02-22 08:20:00,71,2,100
2024-02-22 08:25:00,87,3,99
2024-02-22 08:30:00,79,3,101
2024-02-22 08:35:00,78,3,100
2024-02-22 08:40:00,91,3,98
2024-02-22 08:45:00,93,5,95
2024-02-22 08:50:00,98,3,97
2024-02-22 08:55:00,89,3,100
2024-02-22 09:00:00,100,3,99
2024-02-22 09:05:00,106,3,99
2024-02-22 09:10:00,97,3,98
2024-02-22 09:15:00,101,3,98
2024-02-22 09:20:00,102,4,98
2024-02-22 09:25:00,97,3,99
2024-02-22 09:30:00,92,3,101
2024-02-22 09:35:00,95,3,97
2024-02-22 09:40:00,117,4,95
2024-02-22 09:45:00,104,3,100
2024-02-22 09:50:00,117,4,98
2024-02-22 09:55:00,105,3,95
2024-02-22 10:00:00,106,3,93
2024-02-22 10:05:00,112,4,98
2024-02-22 10:10:00,124,4,96
2024-02-22 10:15:00,111,3,100
2024-02-22 10:20:00,116,3,99
2024-02-22 10:25:00,105,4,96
2024-02-22 10:30:00,119,4,99
2024-02-22 10:35:00,116,4,100
2024-02-22 10:40:00,136,5,97
2024-02-22 10:45:00,132,4,100
2024-02-22 10:50:00,140,4,98
2024-02-22 10:55:00,117,4,97
2024-02-22 11:00:00,146,5,97
2024-02-22 11:05:00,131,4,97
2024-02-22 11:10:00,118,3,101
2024-02-22 11:15:00,122,4,100
2024-02-22 11:20:00,104,4,99
2024-02-22 11:25:00,132,4,100
2024-02-22 11:30:00,164,5,98
2024-02-22 11:35:00,130,4,97
2024-02-22 11:40:00,131,4,99
2024-02-22 11:45:00,126,4,97
2024-02-22 11:50:00,134,4,98
2024-02-22 11:55:00,138,5,95
2024-02-22 12:00:00,125,5,98
2024-02-22 12:05:00,131,4,100
2024-02-22 12:10:00,113,4,97
2024-02-22 12:15:00,138,5,99
2024-02-22 12:20:00,119,4,97
2024-02-22 12:25:00,122,4,99
2024-02-22 12:30:00,119,4,98
2024-02-22 12:35:00,137,5,94
2024-02-22 12:40:00,119,4,98
2024-02-22 12:45:00,138,5,96
2024-02-22 12:50:00,132,5,96
2024-02-22 12:55:00,121,5,97
2024-02-22 13:00:00,132,5,98
2024-02-22 13:05:00,148,5,97
2024-02-22 13:10:00,131,4,97
2024-02-22 13:15:00,143,5,98
2024-02-22 13:20:00,137,5,100
2024-02-22 13:25:00,139,5,102
2024-02-22 13:30:00,133,4,98
2024-02-22 13:35:00,156,5,97
2024-02-22 13:40:00,155,5,97
2024-02-22 13:45:00,154,5,98
2024-02-22 13:50:00,148,5,96
2024-02-22 13:55:00,123,4,95
2024-02-22 14:00:00,142,5,99
2024-02-22 14:05:00,139,5,96
2024-02-22 14:10:00,135,5,101
2024-02-22 14:15:00,165,5,99
2024-02-22 14:20:00,152,5,95
2024-02-22 14:25:00,157,5,99
2024-02-22 14:30:00,149,5,98
2024-02-22 14:35:00,168,6,95
2024-02-22 14:40:00,160,6,98
2024-02-22 14:45:00,119,4,100
2024-02-22 14:50:00,152,5,97
2024-02-22 14:55:00,153,5,98
2024-02-22 15:00:00,160,5,98
2024-02-22 15:05:00,139,4,97
2024-02-22 15:10:00,143,4,103
2024-02-22 15:15:00,141,4,98
2024-02-22 15:20:00,159,5,100
2024-02-22 15:25:00,117,4,97
2024-02-22 15:30:00,121,3,99
2024-02-22 15:35:00,150,5,99
2024-02-22 15:40:00,126,4,99
2024-02-22 15:45:00,114,3,103
2024-02-22 15:50:00,127,4,103
2024-02-22 15:55:00,132,4,101
2024-02-22 16:00:00,112,3,105
2024-02-22 16:05:00,129,4,101
2024-02-22 16:10:00,134,4,105
2024-02-22 16:15:00,142,4,101
2024-02-22 16:20:00,130,4,106
2024-02-22 16:25:00,118,3,104
2024-02-22 16:30:00,129,5,100
2024-02-22 16:35:00,139,4,105
2024-02-22 16:40:00,108,3,106
2024-02-22 16:45:00,130,4,104
2024-02-22 16:50:00,133,4,105
2024-02-22 16:55:00,115,4,103
2024-02-22 17:00:00,127,4,101
2024-02-22 17:05:00,145,5,102
2024-02-22 17:10:00,106,3,106
2024-02-22 17:15:00,112,4,101
2024-02-22 17:20:00,104,3,107
2024-02-22 17:25:00,121,4,106
2024-02-22 17:30:00,101,3,102
2024-02-22 17:35:00,109,3,100
2024-02-22 17:40:00,118,4,102
2024-02-22 17:45:00,118,3,104
2024-02-22 17:50:00,108,4,101
2024-02-22 17:55:00,104,3,100
2024-02-22 18:00:00,92,3,105
2024-02-22 18:05:00,84,3,105
2024-02-22 18:10:00,90,3,100
2024-02-22 18:15:00,102,3,98
2024-02-22 18:20:00,79,3,97
2024-02-22 18:25:00,76,2,100
2024-02-22 18:30:00,82,3,95
2024-02-22 18:35:00,98,3,98
2024-02-22 18:40:00,102,4,100
2024-02-22 18:45:00,84,2,103
2024-02-22 18:50:00,81,3,96
2024-02-22 18:55:00,115,4,100
2024-02-22 19:00:00,103,4,99
2024-02-22 19:05:00,90,3,99
2024-02-22 19:10:00,75,3,98
2024-02-22 19:15:00,77,3,97
2024-02-22 19:20:00,76,3,97
2024-02-22 19:25:00,80,3,93
2024-02-22 19:30:00,78,3,98
2024-02-22 19:35:00,65,2,97
2024-02-22 19:40:00,68,2,103
2024-02-22 19:45:00,67,2,100
2024-02-22 19:50:00,82,3,98
2024-02-22 19:55:00,65,2,97
2024-02-22 20:00:00,66,2,97
2024-02-22 20:05:00,53,2,99
2024-02-22 20:10:00,73,2,98
2024-02-22 20:15:00,62,2,99
2024-02-22 20:20:00,52,2,99
2024-02-22 20:25:00,55,2,100
2024-02-22 20:30:00,55,2,97
2024-02-22 20:35:00,44,2,97
2024-02-22 20:40:00,47,2,95
2024-02-22 20:45:00,55,2,98
2024-02-22 20:50:00,66,2,102
2024-02-22 20:55:00,60,2,97
2024-02-22 21:00:00,63,3,96
2024-02-22 21:05:00,80,3,97
2024-02-22 21:10:00,53,2,96
2024-02-22 21:15:00,63,2,95
2024-02-22 21:20:00,37,2,101
2024-02-22 21:25:00,49,2,102
2024-02-22 21:30:00,51,2,98
2024-02-22 21:35:00,57,3,97
2024-02-22 21:40:00,38,1,100
2024-02-22 21:45:00,57,2,99
2024-02-22 21:50:00,59,3,99
2024-02-22 21:55:00,53,2,95
2024-02-22 22:00:00,42,2,97
2024-02-22 22:05:00,48,2,97
2024-02-22 22:10:00,57,3,95
2024-02-22 22:15:00,45,2,96
2024-02-22 22:20:00,41,1,98
2024-02-22 22:25:00,39,2,98
2024-02-22 22:30:00,54,2,99
2024-02-22 22:35:00,39,2,94
2024-02-22 22:40:00,42,1,99
2024-02-22 22:45:00,37,2,89
2024-02-22 22:50:00,38,2,96
2024-02-22 22:55:00,39,3,90
2024-02-22 23:00:00,37,2,95
2024-02-22 23:05:00,36,2,93
2024-02-22 23:10:00,32,2,97
2024-02-22 23:15:00,34,2,93
2024-02-22 23:20:00,29,2,90
2024-02-22 23:25:00,36,2,91
2024-02-22 23:30:00,32,2,97
2024-02-22 23:35:00,35,2,91
2024-02-22 23:40:00,35,2,97
2024-02-22 23:45:00,27,2,89
2024-02-22 23:50:00,33,2,90
2024-02-22 23:55:00,30,1,96
2024-02-23 00:00:00,23,2,100
2024-02-23 00:05:00,33,2,99
2024-02-23 00:10:00,28,2,96
2024-02-23 00:15:00,22,1,93
2024-02-23 00:20:00,26,2,87
2024-02-23 00:25:00,29,2,88
2024-02-23 00:30:00,24,2,93
2024-02-23 00:35:00,24,1,92
2024-02-23 00:40:00,21,2,89
2024-02-23 00:45:00,27,2,91
2024-02-23 00:50:00,20,2,92
2024-02-23 00:55:00,15,1,91
2024-02-23 01:00:00,14,2,88
2024-02-23 01:05:00,16,1,91
2024-02-23 01:10:00,22,2,90
2024-02-23 01:15:00,22,2,92
2024-02-23 01:20:00,18,1,90
2024-02-23 01:25:00,19,2,93
2024-02-23 01:30:00,22,2,89
2024-02-23 01:35:00,18,2,93
2024-02-23 01:40:00,14,1,86
2024-02-23 01:45:00,14,2,79
2024-02-23 01:50:00,22,2,88
2024-02-23 01:55:00,13,3,81
2024-02-23 02:00:00,21,2,95
2024-02-23 02:05:00,10,2,88
2024-02-23 02:10:00,14,2,78
2024-02-23 02:15:00,18,2,85
2024-02-23 02:20:00,16,2,85
2024-02-23 02:25:00,13,2,88
2024-02-23 02:30:00,15,2,82
2024-02-23 02:35:00,17,2,85
2024-02-23 02:40:00,18,2,86
2024-02-23 02:45:00,14,2,83
2024-02-23 02:50:00,16,2,85
2024-02-23 02:55:00,18,2,87
2024-02-23 03:00:00,17,2,89
2024-02-23 03:05:00,11,2,85
2024-02-23 03:10:00,13,2,86
2024-02-23 03:15:00,19,2,84
2024-02-23 03:20:00,18,2,86
2024-02-23 03:25:00,21,1,91
2024-02-23 03:30:00,18,2,84
2024-02-23 03:35:00,17,2,86
2024-02-23 03:40:00,27,2,86
2024-02-23 03:45:00,11,2,89
2024-02-23 03:50:00,17,2,98
2024-02-23 03:55:00,21,2,87
2024-02-23 04:00:00,19,2,82
2024-02-23 04:05:00,25,2,84
2024-02-23 04:10:00,20,2,82
2024-02-23 04:15:00,20,2,88
2024-02-23 04:20:00,27,3,83
2024-02-23 04:25:00,19,3,84
2024-02-23 04:30:00,21,3,84
2024-02-23 04:35:00,25,3,84
2024-02-23 04:40:00,22,2,86
2024-02-23 04:45:00,32,3,80
2024-02-23 04:50:00,22,2,83
2024-02-23 04:55:00,33,3,84
2024-02-23 05:00:00,29,2,86
2024-02-23 05:05:00,26,2,81
2024-02-23 05:10:00,34,3,81
2024-02-23 05:15:00,31,2,85
2024-02-23 05:20:00,40,3,85
2024-02-23 05:25:00,48,3,88
2024-02-23 05:30:00,51,3,85
2024-02-23 05:35:00,45,4,84
2024-02-23 05:40:00,47,3,88
2024-02-23 05:45:00,52,3,89
2024-02-23 05:50:00,61,3,88
2024-02-23 05:55:00,48,3,89
2024-02-23 06:00:00,41,3,84
2024-02-23 06:05:00,42,2,90
2024-02-23 06:10:00,61,4,86
2024-02-23 06:15:00,54,3,90
2024-02-23 06:20:00,61,4,90
2024-02-23 06:25:00,61,3,88
2024-02-23 06:30:00,61,4,91
2024-02-23 06:35:00,73,3,89
2024-02-23 06:40:00,79,4,91
2024-02-23 06:45:00,60,3,91
2024-02-23 06:50:00,68,4,87
2024-02-23 06:55:00,88,3,95
2024-02-23 07:00:00,67,3,92
2024-02-23 07:05:00,75,3,93
2024-02-23 07:10:00,74,3,91
2024-02-23 07:15:00,85,3,97
2024-02-23 07:20:00,74,3,99
2024-02-23 07:25:00,68,3,94
2024-02-23 07:30:00,73,3,94
2024-02-23 07:35:00,78,3,94
2024-02-23 07:40:00,87,4,97
2024-02-23 07:45:00,83,3,100
2024-02-23 07:50:00,76,3,100
2024-02-23 07:55:00,100,3,101
2024-02-23 08:00:00,95,3,102
2024-02-23 08:05:00,101,4,99
2024-02-23 08:10:00,99,3,101
2024-02-23 08:15:00,77,2,102
2024-02-23 08:20:00,70,2,102
2024-02-23 08:25:00,98,3,101
2024-02-23 08:30:00,82,2,102
2024-02-23 08:35:00,105,3,103
2024-02-23 08:40:00,78,2,104
2024-02-23 08:45:00,93,3,97
2024-02-23 08:50:00,91,4,97
2024-02-23 08:55:00,83,3,101
2024-02-23 09:00:00,109,4,96
2024-02-23 09:05:00,94,3,100
2024-02-23 09:10:00,110,3,101
2024-02-23 09:15:00,105,3,97
2024-02-23 09:20:00,114,4,100
2024-02-23 09:25:00,119,4,101
2024-02-23 09:30:00,119,4,99
2024-02-23 09:35:00,137,5,103
2024-02-23 09:40:00,125,4,100
2024-02-23 09:45:00,118,4,102
2024-02-23 09:50:00,115,4,100
2024-02-23 09:55:00,150,5,104
2024-02-23 10:00:00,111,3,101
2024-02-23 10:05:00,104,3,101
2024-02-23 10:10:00,123,4,100
2024-02-23 10:15:00,128,4,101
2024-02-23 10:20:00,122,4,99
2024-02-23 10:25:00,130,4,102
2024-02-23 10:30:00,140,4,98
2024-02-23 10:35:00,140,5,102
2024-02-23 10:40:00,138,4,100
2024-02-23 10:45:00,130,4,105
2024-02-23 10:50:00,131,4,102
2024-02-23 10:55:00,120,4,104
2024-02-23 11:00:00,146,4,101
2024-02-23 11:05:00,152,5,101
2024-02-23 11:10:00,124,4,102
2024-02-23 11:15:00,162,5,101
2024-02-23 11:20:00,131,5,98
2024-02-23 11:25:00,139,4,102
2024-02-23 11:30:00,154,5,99
2024-02-23 11:35:00,130,4,98
2024-02-23 11:40:00,166,5,101
2024-02-23 11:45:00,151,5,99
2024-02-23 11:50:00,148,5,100
2024-02-23 11:55:00,128,4,99
2024-02-23 12:00:00,177,6,98
2024-02-23 12:05:00,154,5,99
2024-02-23 12:10:00,170,6,100
2024-02-23 12:15:00,151,5,98
2024-02-23 12:20:00,133,5,97
2024-02-23 12:25:00,156,6,95
2024-02-23 12:30:00,172,6,96
2024-02-23 12:35:00,157,5,99
2024-02-23 12:40:00,143,5,100
2024-02-23 12:45:00,140,5,99
2024-02-23 12:50:00,133,4,98
2024-02-23 12:55:00,148,5,93
2024-02-23 13:00:00,174,6,98
2024-02-23 13:05:00,159,5,102
2024-02-23 13:10:00,149,5,102
2024-02-23 13:15:00,152,5,100
2024-02-23 13:20:00,174,6,97
2024-02-23 13:25:00,158,5,102
2024-02-23 13:30:00,150,5,98
2024-02-23 13:35:00,145,5,102
2024-02-23 13:40:00,154,5,101
2024-02-23 13:45:00,157,5,97
2024-02-23 13:50:00,137,5,99
2024-02-23 13:55:00,147,4,103
2024-02-23 14:00:00,144,5,100
2024-02-23 14:05:00,189,6,99
2024-02-23 14:10:00,143,5,100
2024-02-23 14:15:00,188,6,99
2024-02-23 14:20:00,183,6,101
2024-02-23 14:25:00,200,6,102
2024-02-23 14:30:00,163,6,100
2024-02-23 14:35:00,189,6,103
2024-02-23 14:40:00,174,6,102
2024-02-23 14:45:00,171,5,104
2024-02-23 14:50:00,163,5,100
2024-02-23 14:55:00,190,5,104
2024-02-23 15:00:00,179,6,100
2024-02-23 15:05:00,207,7,98
2024-02-23 15:10:00,192,6,100
2024-02-23 15:15:00,142,4,103
2024-02-23 15:20:00,203,6,103
2024-02-23 15:25:00,191,6,102
2024-02-23 15:30:00,178,5,105
2024-02-23 15:35:00,161,5,102
2024-02-23 15:40:00,214,6,100
2024-02-23 15:45:00,213,6,105
2024-02-23 15:50:00,160,5,102
2024-02-23 15:55:00,203,6,100
2024-02-23 16:00:00,177,5,102
2024-02-23 16:05:00,147,4,104
2024-02-23 16:10:00,154,4,106
2024-02-23 16:15:00,194,6,102
2024-02-23 16:20:00,150,4,106
2024-02-23 16:25:00,161,5,106
2024-02-23 16:30:00,180,5,102
2024-02-23 16:35:00,160,4,105
2024-02-23 16:40:00,171,5,103
2024-02-23 16:45:00,160,5,102
2024-02-23 16:50:00,181,5,105
2024-02-23 16:55:00,194,5,105
2024-02-23 17:00:00,187,5,101
2024-02-23 17:05:00,141,4,107
2024-02-23 17:10:00,205,6,109
2024-02-23 17:15:00,179,5,104
2024-02-23 17:20:00,175,5,104
2024-02-23 17:25:00,198,6,106
2024-02-23 17:30:00,217,6,102
2024-02-23 17:35:00,178,6,105
2024-02-23 17:40:00,172,5,107
2024-02-23 17:45:00,186,5,104
2024-02-23 17:50:00,179,5,101
2024-02-23 17:55:00,158,4,104
2024-02-23 18:00:00,138,4,107
2024-02-23 18:05:00,181,5,108
2024-02-23 18:10:00,144,4,101
2024-02-23 18:15:00,169,4,105
2024-02-23 18:20:00,167,5,102
2024-02-23 18:25:00,150,4,103
2024-02-23 18:30:00,156,5,101
2024-02-23 18:35:00,168,5,103
2024-02-23 18:40:00,158,5,103
2024-02-23 18:45:00,123,3,104
2024-02-23 18:50:00,135,4,101
2024-02-23 18:55:00,124,3,101
2024-02-23 19:00:00,130,4,105
2024-02-23 19:05:00,128,4,103
2024-02-23 19:10:00,153,4,102
2024-02-23 19:15:00,137,4,104
2024-02-23 19:20:00,113,3,106
2024-02-23 19:25:00,127,4,102
2024-02-23 19:30:00,124,4,101
2024-02-23 19:35:00,86,3,104
2024-02-23 19:40:00,115,3,108
2024-02-23 19:45:00,115,3,105
2024-02-23 19:50:00,91,2,107
2024-02-23 19:55:00,95,2,111
2024-02-23 20:00:00,91,3,103
2024-02-23 20:05:00,120,4,104
2024-02-23 20:10:00,93,3,101
2024-02-23 20:15:00,110,3,106
2024-02-23 20:20:00,90,3,106
2024-02-23 20:25:00,115,3,106
2024-02-23 20:30:00,106,3,104
2024-02-23 20:35:00,101,3,105
2024-02-23 20:40:00,104,3,102
2024-02-23 20:45:00,101,3,106
2024-02-23 20:50:00,91,3,105
2024-02-23 20:55:00,90,2,104
2024-02-23 21:00:00,101,3,106
2024-02-23 21:05:00,110,3,105
2024-02-23 21:10:00,105,3,104
2024-02-23 21:15:00,108,3,108
2024-02-23 21:20:00,90,3,103
2024-02-23 21:25:00,73,2,104
2024-02-23 21:30:00,87,3,104
2024-02-23 21:35:00,97,2,109
2024-02-23 21:40:00,99,3,107
2024-02-23 21:45:00,97,3,105
2024-02-23 21:50:00,81,2,103
2024-02-23 21:55:00,67,2,104
2024-02-23 22:00:00,92,3,106
2024-02-23 22:05:00,85,3,104
2024-02-23 22:10:00,99,3,107
2024-02-23 22:15:00,76,2,109
2024-02-23 22:20:00,66,2,100
2024-02-23 22:25:00,71,2,104
2024-02-23 22:30:00,66,2,104
2024-02-23 22:35:00,52,1,105
2024-02-23 22:40:00,70,2,100
2024-02-23 22:45:00,59,2,107
2024-02-23 22:50:00,60,2,109
2024-02-23 22:55:00,64,2,107
2024-02-23 23:00:00,66,2,105
2024-02-23 23:05:00,55,2,102
2024-02-23 23:10:00,50,2,103
2024-02-23 23:15:00,60,2,101
2024-02-23 23:20:00,60,2,98
2024-02-23 23:25:00,42,1,105
2024-02-23 23:30:00,59,2,102
2024-02-23 23:35:00,68,2,104
2024-02-23 23:40:00,50,2,107
2024-02-23 23:45:00,38,1,94
2024-02-23 23:50:00,52,2,99
2024-02-23 23:55:00,29,1,104
2024-02-24 00:00:00,36,2,105
2024-02-24 00:05:00,38,2,98
2024-02-24 00:10:00,38,1,104
2024-02-24 00:15:00,41,1,100
2024-02-24 00:20:00,29,1,100
2024-02-24 00:25:00,34,1,106
2024-02-24 00:30:00,31,1,101
2024-02-24 00:35:00,33,2,96
2024-02-24 00:40:00,29,2,95
2024-02-24 00:45:00,24,1,104
2024-02-24 00:50:00,26,2,91
2024-02-24 00:55:00,31,1,105
2024-02-24 01:00:00,39,2,99
2024-02-24 01:05:00,19,2,96
2024-02-24 01:10:00,31,2,93
2024-02-24 01:15:00,18,1,91
2024-02-24 01:20:00,18,1,95
2024-02-24 01:25:00,27,1,110
2024-02-24 01:30:00,19,2,87
2024-02-24 01:35:00,31,2,97
2024-02-24 01:40:00,22,1,100
2024-02-24 01:45:00,27,1,99
2024-02-24 01:50:00,16,1,95
2024-02-24 01:55:00,16,2,87
2024-02-24 02:00:00,24,2,93
2024-02-24 02:05:00,27,1,98
2024-02-24 02:10:00,13,1,96
2024-02-24 02:15:00,21,1,100
2024-02-24 02:20:00,20,2,86
2024-02-24 02:25:00,22,2,90
2024-02-24 02:30:00,21,1,92
2024-02-24 02:35:00,20,1,98
2024-02-24 02:40:00,19,2,99
2024-02-24 02:45:00,19,1,103
2024-02-24 02:50:00,20,1,92
2024-02-24 02:55:00,18,2,86
2024-02-24 03:00:00,24,2,89
2024-02-24 03:05:00,13,2,87
2024-02-24 03:10:00,21,2,94
2024-02-24 03:15:00,19,1,95
2024-02-24 03:20:00,21,2,86
2024-02-24 03:25:00,15,2,85
2024-02-24 03:30:00,16,2,85
2024-02-24 03:35:00,22,2,91
2024-02-24 03:40:00,24,2,87
2024-02-24 03:45:00,25,2,93
2024-02-24 03:50:00,20,2,87
2024-02-24 03:55:00,17,2,87
2024-02-24 04:00:00,13,1,93
2024-02-24 04:05:00,21,2,97
2024-02-24 04:10:00,15,1,88
2024-02-24 04:15:00,23,2,86
2024-02-24 04:20:00,26,2,89
2024-02-24 04:25:00,20,2,86
2024-02-24 04:30:00,18,2,82
2024-02-24 04:35:00,19,2,93
2024-02-24 04:40:00,24,3,88
2024-02-24 04:45:00,21,2,97
2024-02-24 04:50:00,27,3,89
2024-02-24 04:55:00,31,2,86
2024-02-24 05:00:00,27,2,86
2024-02-24 05:05:00,22,2,89
2024-02-24 05:10:00,25,2,91
2024-02-24 05:15:00,34,3,91
2024-02-24 05:20:00,31,2,90
2024-02-24 05:25:00,34,2,97
2024-02-24 05:30:00,40,2,92
2024-02-24 05:35:00,33,2,93
2024-02-24 05:40:00,24,2,95
2024-02-24 05:45:00,30,2,88
2024-02-24 05:50:00,32,2,96
2024-02-24 05:55:00,38,2,86
2024-02-24 06:00:00,38,2,96
2024-02-24 06:05:00,38,2,94
2024-02-24 06:10:00,46,2,91
2024-02-24 06:15:00,47,2,93
2024-02-24 06:20:00,37,2,92
2024-02-24 06:25:00,58,2,93
2024-02-24 06:30:00,50,2,94
2024-02-24 06:35:00,45,2,96
2024-02-24 06:40:00,44,2,96
2024-02-24 06:45:00,57,2,102
2024-02-24 06:50:00,59,2,95
2024-02-24 06:55:00,48,2,101
2024-02-24 07:00:00,54,3,95
2024-02-24 07:05:00,76,3,96
2024-02-24 07:10:00,53,2,99
2024-02-24 07:15:00,65,2,100
2024-02-24 07:20:00,62,2,101
2024-02-24 07:25:00,74,3,97
2024-02-24 07:30:00,63,2,99
2024-02-24 07:35:00,63,2,98
2024-02-24 07:40:00,55,2,97
2024-02-24 07:45:00,66,3,101
2024-02-24 07:50:00,59,2,107
2024-02-24 07:55:00,47,2,103
2024-02-24 08:00:00,68,3,100
2024-02-24 08:05:00,67,2,104
2024-02-24 08:10:00,59,2,100
2024-02-24 08:15:00,68,2,105
2024-02-24 08:20:00,55,2,103
2024-02-24 08:25:00,76,2,103
2024-02-24 08:30:00,83,2,100
2024-02-24 08:35:00,82,2,101
2024-02-24 08:40:00,69,2,101
2024-02-24 08:45:00,88,3,100
2024-02-24 08:50:00,102,3,104
2024-02-24 08:55:00,93,3,105
2024-02-24 09:00:00,103,3,103
2024-02-24 09:05:00,106,3,108
2024-02-24 09:10:00,108,3,106
2024-02-24 09:15:00,112,3,104
2024-02-24 09:20:00,116,3,106
2024-02-24 09:25:00,134,3,108
2024-02-24 09:30:00,121,4,104
2024-02-24 09:35:00,113,3,106
2024-02-24 09:40:00,139,4,104
2024-02-24 09:45:00,133,4,107
2024-02-24 09:50:00,127,3,106
2024-02-24 09:55:00,140,4,105
2024-02-24 10:00:00,137,4,105
2024-02-24 10:05:00,163,4,108
2024-02-24 10:10:00,137,4,103
2024-02-24 10:15:00,151,4,105
2024-02-24 10:20:00,152,4,109
2024-02-24 10:25:00,156,4,107
2024-02-24 10:30:00,151,4,105
2024-02-24 10:35:00,187,5,105
2024-02-24 10:40:00,181,5,105
2024-02-24 10:45:00,183,5,104
2024-02-24 10:50:00,183,5,103
2024-02-24 10:55:00,182,5,105
2024-02-24 11:00:00,201,5,105
2024-02-24 11:05:00,184,5,102
2024-02-24 11:10:00,207,6,106
2024-02-24 11:15:00,181,5,103
2024-02-24 11:20:00,183,5,103
2024-02-24 11:25:00,203,5,104
2024-02-24 11:30:00,166,4,106
2024-02-24 11:35:00,176,5,106
2024-02-24 11:40:00,197,5,104
2024-02-24 11:45:00,246,7,101
2024-02-24 11:50:00,196,5,106
2024-02-24 11:55:00,192,5,104
2024-02-24 12:00:00,209,5,104
2024-02-24 12:05:00,199,5,106
2024-02-24 12:10:00,178,4,110
2024-02-24 12:15:00,187,5,105
2024-02-24 12:20:00,195,5,104
2024-02-24 12:25:00,202,6,103
2024-02-24 12:30:00,165,4,107
2024-02-24 12:35:00,171,5,104
2024-02-24 12:40:00,164,4,105
2024-02-24 12:45:00,190,5,104
2024-02-24 12:50:00,166,4,104
2024-02-24 12:55:00,149,4,104
2024-02-24 13:00:00,184,5,102
2024-02-24 13:05:00,194,5,107
2024-02-24 13:10:00,189,5,107
2024-02-24 13:15:00,149,4,104
2024-02-24 13:20:00,190,5,106
2024-02-24 13:25:00,201,5,106
2024-02-24 13:30:00,172,5,104
2024-02-24 13:35:00,198,5,103
2024-02-24 13:40:00,151,4,105
2024-02-24 13:45:00,179,4,106
2024-02-24 13:50:00,176,5,104
2024-02-24 13:55:00,168,4,104
2024-02-24 14:00:00,191,5,103
2024-02-24 14:05:00,210,6,105
2024-02-24 14:10:00,176,5,106
2024-02-24 14:15:00,157,4,107
2024-02-24 14:20:00,193,5,107
2024-02-24 14:25:00,201,5,107
2024-02-24 14:30:00,182,4,109
2024-02-24 14:35:00,180,4,106
2024-02-24 14:40:00,159,4,106
2024-02-24 14:45:00,212,6,105
2024-02-24 14:50:00,176,5,106
2024-02-24 14:55:00,189,5,103
2024-02-24 15:00:00,198,5,101
2024-02-24 15:05:00,183,5,108
2024-02-24 15:10:00,184,5,107
2024-02-24 15:15:00,192,5,106
2024-02-24 15:20:00,204,5,105
2024-02-24 15:25:00,196,5,109
2024-02-24 15:30:00,193,5,106
2024-02-24 15:35:00,190,5,104
2024-02-24 15:40:00,181,5,108
2024-02-24 15:45:00,214,5,105
2024-02-24 15:50:00,222,6,106
2024-02-24 15:55:00,190,5,106
2024-02-24 16:00:00,174,4,104
2024-02-24 16:05:00,205,5,104
2024-02-24 16:10:00,194,5,110
2024-02-24 16:15:00,192,5,103
2024-02-24 16:20:00,174,4,107
2024-02-24 16:25:00,195,5,106
2024-02-24 16:30:00,193,5,104
2024-02-24 16:35:00,191,5,105
2024-02-24 16:40:00,222,6,107
2024-02-24 16:45:00,153,4,106
2024-02-24 16:50:00,164,4,105
2024-02-24 16:55:00,211,5,108
2024-02-24 17:00:00,178,4,107
2024-02-24 17:05:00,154,4,107
2024-02-24 17:10:00,166,4,108
2024-02-24 17:15:00,171,4,109
2024-02-24 17:20:00,137,4,108
2024-02-24 17:25:00,178,4,109
2024-02-24 17:30:00,150,4,106
2024-02-24 17:35:00,139,3,103
2024-02-24 17:40:00,149,4,106
2024-02-24 17:45:00,141,3,104
2024-02-24 17:50:00,150,4,108
2024-02-24 17:55:00,112,3,108
2024-02-24 18:00:00,118,3,107
2024-02-24 18:05:00,118,3,104
2024-02-24 18:10:00,131,3,106
2024-02-24 18:15:00,102,3,108
2024-02-24 18:20:00,92,2,109
2024-02-24 18:25:00,110,3,101
2024-02-24 18:30:00,127,3,104
2024-02-24 18:35:00,111,3,104
2024-02-24 18:40:00,110,3,105
2024-02-24 18:45:00,132,3,106
2024-02-24 18:50:00,116,3,104
2024-02-24 18:55:00,118,3,108
2024-02-24 19:00:00,92,2,107
2024-02-24 19:05:00,114,3,106
2024-02-24 19:10:00,127,3,105
2024-02-24 19:15:00,115,3,106
2024-02-24 19:20:00,95,2,108
2024-02-24 19:25:00,96,2,107
2024-02-24 19:30:00,96,2,107
2024-02-24 19:35:00,86,2,105
2024-02-24 19:40:00,73,2,103
2024-02-24 19:45:00,91,2,105
2024-02-24 19:50:00,90,2,105
2024-02-24 19:55:00,83,2,104
2024-02-24 20:00:00,89,2,102
2024-02-24 20:05:00,75,2,105
2024-02-24 20:10:00,67,2,103
2024-02-24 20:15:00,61,2,100
2024-02-24 20:20:00,59,2,107
2024-02-24 20:25:00,70,2,104
2024-02-24 20:30:00,72,2,103
2024-02-24 20:35:00,62,2,105
2024-02-24 20:40:00,74,2,99
2024-02-24 20:45:00,76,2,101
2024-02-24 20:50:00,66,2,103
2024-02-24 20:55:00,61,2,102
2024-02-24 21:00:00,65,2,104
2024-02-24 21:05:00,75,2,103
2024-02-24 21:10:00,66,2,100
2024-02-24 21:15:00,66,2,98
2024-02-24 21:20:00,45,1,101
2024-02-24 21:25:00,52,2,104
2024-02-24 21:30:00,48,1,103
2024-02-24 21:35:00,84,2,101
2024-02-24 21:40:00,45,1,102
2024-02-24 21:45:00,57,2,107
2024-02-24 21:50:00,54,1,99
2024-02-24 21:55:00,45,2,99
2024-02-24 22:00:00,41,1,101
2024-02-24 22:05:00,55,1,101
2024-02-24 22:10:00,41,1,101
2024-02-24 22:15:00,52,1,104
2024-02-24 22:20:00,38,1,96
2024-02-24 22:25:00,37,2,95
2024-02-24 22:30:00,49,2,101
2024-02-24 22:35:00,39,1,102
2024-02-24 22:40:00,44,1,104
2024-02-24 22:45:00,50,1,103
2024-02-24 22:50:00,46,2,98
2024-02-24 22:55:00,29,1,104
2024-02-24 23:00:00,32,1,95
2024-02-24 23:05:00,45,2,97
2024-02-24 23:10:00,25,1,96
2024-02-24 23:15:00,30,1,101
2024-02-24 23:20:00,30,1,101
2024-02-24 23:25:00,23,1,103
2024-02-24 23:30:00,34,1,98
2024-02-24 23:35:00,31,1,100
2024-02-24 23:40:00,25,1,100
2024-02-24 23:45:00,28,1,99
2024-02-24 23:50:00,22,1,96
2024-02-24 23:55:00,23,1,100
2024-02-25 00:00:00,20,1,105
2024-02-25 00:05:00,22,1,93
2024-02-25 00:10:00,23,1,99
2024-02-25 00:15:00,24,1,98
2024-02-25 00:20:00,19,1,100
2024-02-25 00:25:00,12,1,100
2024-02-25 00:30:00,13,1,111
2024-02-25 00:35:00,15,1,92
2024-02-25 00:40:00,20,1,103
2024-02-25 00:45:00,24,1,101
2024-02-25 00:50:00,15,1,100
2024-02-25 00:55:00,13,1,100
2024-02-25 01:00:00,13,1,96
2024-02-25 01:05:00,15,1,104
2024-02-25 01:10:00,16,1,98
2024-02-25 01:15:00,16,1,94
2024-02-25 01:20:00,12,1,93
2024-02-25 01:25:00,3,0,112
2024-02-25 01:30:00,13,1,97
2024-02-25 01:35:00,19,1,93
2024-02-25 01:40:00,10,1,101
2024-02-25 01:45:00,14,1,99
2024-02-25 01:50:00,7,0,92
2024-02-25 01:55:00,13,1,101
2024-02-25 02:00:00,12,1,97
2024-02-25 02:05:00,11,1,91
2024-02-25 02:10:00,13,1,100
2024-02-25 02:15:00,16,1,94
2024-02-25 02:20:00,5,1,98
2024-02-25 02:25:00,21,1,102
2024-02-25 02:30:00,7,1,92
2024-02-25 02:35:00,10,1,90
2024-02-25 02:40:00,8,1,88
2024-02-25 02:45:00,7,0,89
2024-02-25 02:50:00,11,1,93
2024-02-25 02:55:00,11,1,97
2024-02-25 03:00:00,6,1,99
2024-02-25 03:05:00,8,0,96
2024-02-25 03:10:00,10,1,97
2024-02-25 03:15:00,10,1,102
2024-02-25 03:20:00,12,1,91
2024-02-25 03:25:00,6,1,93
2024-02-25 03:30:00,6,1,101
2024-02-25 03:35:00,7,1,96
2024-02-25 03:40:00,8,1,98
2024-02-25 03:45:00,5,1,92
2024-02-25 03:50:00,6,1,99
2024-02-25 03:55:00,7,1,92
2024-02-25 04:00:00,7,1,97
2024-02-25 04:05:00,5,0,103
2024-02-25 04:10:00,12,1,86
2024-02-25 04:15:00,9,1,102
2024-02-25 04:20:00,3,1,100
2024-02-25 04:25:00,3,1,84
2024-02-25 04:30:00,5,0,119
2024-02-25 04:35:00,5,1,91
2024-02-25 04:40:00,5,1,90
2024-02-25 04:45:00,4,0,118
2024-02-25 04:50:00,9,1,91
2024-02-25 04:55:00,3,2,89
2024-02-25 05:00:00,9,1,103
2024-02-25 05:05:00,7,0,96
2024-02-25 05:10:00,5,1,81
2024-02-25 05:15:00,8,1,86
2024-02-25 05:20:00,12,1,90
2024-02-25 05:25:00,6,1,99
2024-02-25 05:30:00,13,1,101
2024-02-25 05:35:00,11,1,95
2024-02-25 05:40:00,12,1,90
2024-02-25 05:45:00,13,1,95
2024-02-25 05:50:00,22,1,97
2024-02-25 05:55:00,14,1,97
2024-02-25 06:00:00,15,1,95
2024-02-25 06:05:00,16,1,102
2024-02-25 06:10:00,14,1,99
2024-02-25 06:15:00,14,1,103
2024-02-25 06:20:00,26,1,95
2024-02-25 06:25:00,25,1,96
2024-02-25 06:30:00,23,1,101
2024-02-25 06:35:00,23,1,104
2024-02-25 06:40:00,25,1,104
2024-02-25 06:45:00,11,1,101
2024-02-25 06:50:00,24,1,104
2024-02-25 06:55:00,16,1,93
2024-02-25 07:00:00,19,1,105
2024-02-25 07:05:00,36,1,110
2024-02-25 07:10:00,32,1,103
2024-02-25 07:15:00,18,1,97
2024-02-25 07:20:00,31,1,105
2024-02-25 07:25:00,24,1,97
2024-02-25 07:30:00,23,1,98
2024-02-25 07:35:00,26,1,112
2024-02-25 07:40:00,28,1,102
2024-02-25 07:45:00,30,1,103
2024-02-25 07:50:00,33,1,101
2024-02-25 07:55:00,28,1,98
2024-02-25 08:00:00,36,1,100
2024-02-25 08:05:00,42,1,107
2024-02-25 08:10:00,30,1,113
2024-02-25 08:15:00,35,1,104
2024-02-25 08:20:00,31,1,103
2024-02-25 08:25:00,37,1,104
2024-02-25 08:30:00,49,1,105
2024-02-25 08:35:00,31,1,99
2024-02-25 08:40:00,35,2,101
2024-02-25 08:45:00,38,1,102
2024-02-25 08:50:00,50,2,100
2024-02-25 08:55:00,47,1,107
2024-02-25 09:00:00,67,2,106
2024-02-25 09:05:00,71,2,104
2024-02-25 09:10:00,59,2,101
2024-02-25 09:15:00,76,2,104
2024-02-25 09:20:00,78,2,102
2024-02-25 09:25:00,81,2,103
2024-02-25 09:30:00,66,2,103
2024-02-25 09:35:00,73,2,105
2024-02-25 09:40:00,70,2,103
2024-02-25 09:45:00,86,2,100
2024-02-25 09:50:00,90,2,103
2024-02-25 09:55:00,108,3,106
2024-02-25 10:00:00,90,2,104
2024-02-25 10:05:00,87,2,107
2024-02-25 10:10:00,112,3,102
2024-02-25 10:15:00,131,3,102
2024-02-25 10:20:00,114,3,103
2024-02-25 10:25:00,122,3,104
2024-02-25 10:30:00,141,4,105
2024-02-25 10:35:00,125,3,105
2024-02-25 10:40:00,134,3,107
2024-02-25 10:45:00,132,3,106
2024-02-25 10:50:00,111,3,107
2024-02-25 10:55:00,142,4,103
2024-02-25 11:00:00,148,4,105
2024-02-25 11:05:00,160,4,105
2024-02-25 11:10:00,156,4,107
2024-02-25 11:15:00,156,4,109
2024-02-25 11:20:00,152,4,106
2024-02-25 11:25:00,155,4,106
2024-02-25 11:30:00,154,4,106
2024-02-25 11:35:00,165,4,105
2024-02-25 11:40:00,159,4,104
2024-02-25 11:45:00,155,4,106
2024-02-25 11:50:00,184,4,106
2024-02-25 11:55:00,135,3,106
2024-02-25 12:00:00,146,4,107
2024-02-25 12:05:00,157,4,104
2024-02-25 12:10:00,170,4,109
2024-02-25 12:15:00,143,3,108
2024-02-25 12:20:00,166,4,104
2024-02-25 12:25:00,159,4,106
2024-02-25 12:30:00,168,4,106
2024-02-25 12:35:00,151,4,103
2024-02-25 12:40:00,162,4,107
2024-02-25 12:45:00,160,4,108
2024-02-25 12:50:00,133,3,111
2024-02-25 12:55:00,169,4,108
2024-02-25 13:00:00,154,4,107
2024-02-25 13:05:00,176,4,110
2024-02-25 13:10:00,142,3,105
2024-02-25 13:15:00,163,4,106
2024-02-25 13:20:00,168,4,106
2024-02-25 13:25:00,172,4,108
2024-02-25 13:30:00,143,3,106
2024-02-25 13:35:00,157,4,104
2024-02-25 13:40:00,189,5,106
2024-02-25 13:45:00,158,4,109
2024-02-25 13:50:00,162,4,105
2024-02-25 13:55:00,196,5,106
2024-02-25 14:00:00,202,5,106
2024-02-25 14:05:00,184,5,106
2024-02-25 14:10:00,202,5,105
2024-02-25 14:15:00,179,4,106
2024-02-25 14:20:00,166,4,106
2024-02-25 14:25:00,206,5,105
2024-02-25 14:30:00,162,4,104
2024-02-25 14:35:00,181,4,108
2024-02-25 14:40:00,169,4,105
2024-02-25 14:45:00,191,5,105
2024-02-25 14:50:00,168,4,105
2024-02-25 14:55:00,205,5,105
2024-02-25 15:00:00,194,5,108
2024-02-25 15:05:00,176,4,104
2024-02-25 15:10:00,182,4,107
2024-02-25 15:15:00,213,5,106
2024-02-25 15:20:00,202,5,105
2024-02-25 15:25:00,191,5,105
2024-02-25 15:30:00,180,5,106
2024-02-25 15:35:00,184,4,107
2024-02-25 15:40:00,179,4,106
2024-02-25 15:45:00,185,4,107
2024-02-25 15:50:00,181,4,106
2024-02-25 15:55:00,178,4,104
2024-02-25 16:00:00,215,5,106
2024-02-25 16:05:00,195,5,105
2024-02-25 16:10:00,217,5,106
2024-02-25 16:15:00,187,4,108
2024-02-25 16:20:00,206,5,107
2024-02-25 16:25:00,197,5,106
2024-02-25 16:30:00,212,5,105
2024-02-25 16:35:00,196,5,106
2024-02-25 16:40:00,207,5,104
2024-02-25 16:45:00,185,4,106
2024-02-25 16:50:00,193,5,104
2024-02-25 16:55:00,185,4,106
2024-02-25 17:00:00,189,5,107
2024-02-25 17:05:00,204,5,107
2024-02-25 17:10:00,190,5,107
2024-02-25 17:15:00,180,4,108
2024-02-25 17:20:00,209,5,109
2024-02-25 17:25:00,190,5,106
2024-02-25 17:30:00,176,4,107
2024-02-25 17:35:00,185,5,106
2024-02-25 17:40:00,180,4,108
2024-02-25 17:45:00,170,4,105
2024-02-25 17:50:00,146,3,108
2024-02-25 17:55:00,136,3,104
2024-02-25 18:00:00,151,4,106
2024-02-25 18:05:00,156,4,108
2024-02-25 18:10:00,117,3,104
2024-02-25 18:15:00,156,4,102
2024-02-25 18:20:00,155,4,105
2024-02-25 18:25:00,150,4,101
2024-02-25 18:30:00,154,4,103
2024-02-25 18:35:00,115,3,105
2024-02-25 18:40:00,138,4,102
2024-02-25 18:45:00,143,3,106
2024-02-25 18:50:00,114,3,103
2024-02-25 18:55:00,138,3,106
2024-02-25 19:00:00,111,3,103
2024-02-25 19:05:00,114,3,105
2024-02-25 19:10:00,102,2,102
2024-02-25 19:15:00,113,3,105
2024-02-25 19:20:00,92,2,105
2024-02-25 19:25:00,116,3,101
2024-02-25 19:30:00,126,3,104
2024-02-25 19:35:00,91,2,106
2024-02-25 19:40:00,103,3,103
2024-02-25 19:45:00,118,3,106
2024-02-25 19:50:00,96,2,107
2024-02-25 19:55:00,98,2,104
2024-02-25 20:00:00,109,3,99
2024-02-25 20:05:00,86,2,103
2024-02-25 20:10:00,106,3,101
2024-02-25 20:15:00,109,3,107
2024-02-25 20:20:00,106,3,108
2024-02-25 20:25:00,82,2,104
2024-02-25 20:30:00,86,2,107
2024-02-25 20:35:00,91,3,100
2024-02-25 20:40:00,78,2,103
2024-02-25 20:45:00,107,3,105
2024-02-25 20:50:00,90,2,103
2024-02-25 20:55:00,70,2,104
2024-02-25 21:00:00,103,2,108
2024-02-25 21:05:00,94,2,111
2024-02-25 21:10:00,77,2,105
2024-02-25 21:15:00,75,2,106
2024-02-25 21:20:00,92,3,105
2024-02-25 21:25:00,88,2,105
2024-02-25 21:30:00,89,2,109
2024-02-25 21:35:00,65,2,107
2024-02-25 21:40:00,91,2,108
2024-02-25 21:45:00,75,2,102
2024-02-25 21:50:00,71,2,104
2024-02-25 21:55:00,78,2,108
2024-02-25 22:00:00,73,2,103
2024-02-25 22:05:00,62,2,105
2024-02-25 22:10:00,73,2,106
2024-02-25 22:15:00,56,2,106
2024-02-25 22:20:00,57,2,106
2024-02-25 22:25:00,85,2,104
2024-02-25 22:30:00,58,2,109
2024-02-25 22:35:00,55,2,104
2024-02-25 22:40:00,52,2,101
2024-02-25 22:45:00,60,2,105
2024-02-25 22:50:00,43,1,102
2024-02-25 22:55:00,47,1,108
2024-02-25 23:00:00,48,1,99
2024-02-25 23:05:00,41,1,99
2024-02-25 23:10:00,41,1,105
2024-02-25 23:15:00,38,1,100
2024-02-25 23:20:00,53,2,107
2024-02-25 23:25:00,39,2,98
2024-02-25 23:30:00,30,2,99
2024-02-25 23:35:00,37,1,116
2024-02-25 23:40:00,30,2,96
2024-02-25 23:45:00,30,1,105
2024-02-25 23:50:00,33,1,99
2024-02-25 23:55:00,36,1,103
2024-02-26 00:00:00,34,1,97
2024-02-26 00:05:00,36,1,102
2024-02-26 00:10:00,29,1,103
2024-02-26 00:15:00,17,2,93
2024-02-26 00:20:00,16,1,92
2024-02-26 00:25:00,20,1,96
2024-02-26 00:30:00,18,2,97
2024-02-26 00:35:00,14,1,95
2024-02-26 00:40:00,28,1,103
2024-02-26 00:45:00,20,1,95
2024-02-26 00:50:00,25,1,97
2024-02-26 00:55:00,17,1,98
2024-02-26 01:00:00,16,1,97
2024-02-26 01:05:00,17,2,100
2024-02-26 01:10:00,19,2,88
2024-02-26 01:15:00,22,1,102
2024-02-26 01:20:00,11,2,91
2024-02-26 01:25:00,13,1,96
2024-02-26 01:30:00,11,1,92
2024-02-26 01:35:00,23,1,99
2024-02-26 01:40:00,14,1,90
2024-02-26 01:45:00,21,2,88
2024-02-26 01:50:00,18,2,91
2024-02-26 01:55:00,8,1,90
2024-02-26 02:00:00,12,1,88
2024-02-26 02:05:00,9,1,89
2024-02-26 02:10:00,16,1,96
2024-02-26 02:15:00,16,1,87
2024-02-26 02:20:00,12,1,88
2024-02-26 02:25:00,12,2,86
2024-02-26 02:30:00,13,1,94
2024-02-26 02:35:00,7,1,95
2024-02-26 02:40:00,17,1,90
2024-02-26 02:45:00,8,1,86
2024-02-26 02:50:00,9,1,93
2024-02-26 02:55:00,11,2,92
2024-02-26 03:00:00,15,2,88
2024-02-26 03:05:00,17,3,86
2024-02-26 03:10:00,17,2,97
2024-02-26 03:15:00,12,2,87
2024-02-26 03:20:00,20,2,91
2024-02-26 03:25:00,17,2,93
2024-02-26 03:30:00,16,1,91
2024-02-26 03:35:00,14,2,89
2024-02-26 03:40:00,11,1,83
2024-02-26 03:45:00,11,1,94
2024-02-26 03:50:00,10,1,93
2024-02-26 03:55:00,9,1,81
2024-02-26 04:00:00,16,2,87
2024-02-26 04:05:00,15,2,85
2024-02-26 04:10:00,20,1,87
2024-02-26 04:15:00,21,1,89
2024-02-26 04:20:00,19,2,87
2024-02-26 04:25:00,18,1,92
2024-02-26 04:30:00,20,1,90
2024-02-26 04:35:00,20,1,88
2024-02-26 04:40:00,21,1,89
2024-02-26 04:45:00,23,2,88
2024-02-26 04:50:00,21,2,87
2024-02-26 04:55:00,26,2,89
2024-02-26 05:00:00,37,2,92
2024-02-26 05:05:00,30,2,95
2024-02-26 05:10:00,22,2,88
2024-02-26 05:15:00,32,2,94
2024-02-26 05:20:00,46,2,96
2024-02-26 05:25:00,40,2,91
2024-02-26 05:30:00,53,2,97
2024-02-26 05:35:00,47,3,91
2024-02-26 05:40:00,53,2,97
2024-02-26 05:45:00,44,2,96
2024-02-26 05:50:00,53,2,96
2024-02-26 05:55:00,67,3,96
2024-02-26 06:00:00,60,3,97
2024-02-26 06:05:00,59,2,107
2024-02-26 06:10:00,59,2,97
2024-02-26 06:15:00,62,3,95
2024-02-26 06:20:00,79,3,99
2024-02-26 06:25:00,64,2,96
2024-02-26 06:30:00,86,4,96
2024-02-26 06:35:00,73,3,98
2024-02-26 06:40:00,82,3,100
2024-02-26 06:45:00,88,3,103
2024-02-26 06:50:00,84,3,102
2024-02-26 06:55:00,83,3,101
2024-02-26 07:00:00,76,3,98
2024-02-26 07:05:00,96,3,99
2024-02-26 07:10:00,90,3,101
2024-02-26 07:15:00,75,3,100
2024-02-26 07:20:00,87,3,100
2024-02-26 07:25:00,97,3,100
2024-02-26 07:30:00,81,3,98
2024-02-26 07:35:00,110,4,100
2024-02-26 07:40:00,97,3,102
2024-02-26 07:45:00,110,4,98
2024-02-26 07:50:00,93,3,105
2024-02-26 07:55:00,98,3,103
2024-02-26 08:00:00,107,3,104
2024-02-26 08:05:00,93,3,104
2024-02-26 08:10:00,95,3,104
2024-02-26 08:15:00,89,3,102
2024-02-26 08:20:00,107,3,105
2024-02-26 08:25:00,111,3,101
2024-02-26 08:30:00,108,3,106
2024-02-26 08:35:00,89,3,102
2024-02-26 08:40:00,83,3,104
2024-02-26 08:45:00,97,3,104
2024-02-26 08:50:00,94,3,104
2024-02-26 08:55:00,88,3,99
2024-02-26 09:00:00,96,3,105
2024-02-26 09:05:00,100,3,106
2024-02-26 09:10:00,97,3,102
2024-02-26 09:15:00,90,3,100
2024-02-26 09:20:00,111,3,105
2024-02-26 09:25:00,91,3,102
2024-02-26 09:30:00,97,3,109
2024-02-26 09:35:00,124,4,104
2024-02-26 09:40:00,115,4,101
2024-02-26 09:45:00,103,3,106
2024-02-26 09:50:00,117,3,106
2024-02-26 09:55:00,107,3,101
2024-02-26 10:00:00,132,4,105
2024-02-26 10:05:00,109,3,101
2024-02-26 10:10:00,103,3,101
2024-02-26 10:15:00,116,4,100
2024-02-26 10:20:00,109,4,99
2024-02-26 10:25:00,134,5,99
2024-02-26 10:30:00,124,4,104
2024-02-26 10:35:00,122,4,103
2024-02-26 10:40:00,117,4,102
2024-02-26 10:45:00,141,4,104
2024-02-26 10:50:00,155,4,104
2024-02-26 10:55:00,138,5,101
2024-02-26 11:00:00,148,5,103
2024-02-26 11:05:00,145,5,102
2024-02-26 11:10:00,164,5,104
2024-02-26 11:15:00,120,4,99
2024-02-26 11:20:00,120,4,103
2024-02-26 11:25:00,153,5,102
2024-02-26 11:30:00,134,4,102
2024-02-26 11:35:00,143,4,103
2024-02-26 11:40:00,158,5,100
2024-02-26 11:45:00,162,5,103
2024-02-26 11:50:00,139,4,103
2024-02-26 11:55:00,171,6,98
2024-02-26 12:00:00,196,7,98
2024-02-26 12:05:00,176,6,100
2024-02-26 12:10:00,154,5,102
2024-02-26 12:15:00,138,5,99
2024-02-26 12:20:00,160,6,100
2024-02-26 12:25:00,139,5,99
2024-02-26 12:30:00,136,5,100
2024-02-26 12:35:00,138,5,100
2024-02-26 12:40:00,154,5,99
2024-02-26 12:45:00,158,5,103
2024-02-26 12:50:00,134,4,102
2024-02-26 12:55:00,133,5,96
2024-02-26 13:00:00,148,5,99
2024-02-26 13:05:00,167,5,101
2024-02-26 13:10:00,133,4,102
2024-02-26 13:15:00,145,5,102
2024-02-26 13:20:00,155,5,100
2024-02-26 13:25:00,136,5,99
2024-02-26 13:30:00,156,5,98
2024-02-26 13:35:00,162,5,102
2024-02-26 13:40:00,143,4,101
2024-02-26 13:45:00,185,6,98
2024-02-26 13:50:00,121,4,100
2024-02-26 13:55:00,151,5,100
2024-02-26 14:00:00,166,5,102
2024-02-26 14:05:00,140,5,97
2024-02-26 14:10:00,158,5,100
2024-02-26 14:15:00,167,5,102
2024-02-26 14:20:00,163,5,99
2024-02-26 14:25:00,135,4,102
2024-02-26 14:30:00,201,6,98
2024-02-26 14:35:00,152,5,102
2024-02-26 14:40:00,155,5,101
2024-02-26 14:45:00,157,5,99
2024-02-26 14:50:00,170,5,107
2024-02-26 14:55:00,145,4,103
2024-02-26 15:00:00,143,4,105
2024-02-26 15:05:00,156,5,104
2024-02-26 15:10:00,162,5,104
2024-02-26 15:15:00,143,4,102
2024-02-26 15:20:00,151,4,103
2024-02-26 15:25:00,132,4,103
2024-02-26 15:30:00,153,5,102
2024-02-26 15:35:00,147,4,104
2024-02-26 15:40:00,137,4,102
2024-02-26 15:45:00,133,4,100
2024-02-26 15:50:00,148,4,102
2024-02-26 15:55:00,143,4,103
2024-02-26 16:00:00,130,4,100
2024-02-26 16:05:00,126,5,98
2024-02-26 16:10:00,144,4,106
2024-02-26 16:15:00,145,4,103
2024-02-26 16:20:00,112,3,105
2024-02-26 16:25:00,107,3,104
2024-02-26 16:30:00,115,3,105
2024-02-26 16:35:00,138,4,106
2024-02-26 16:40:00,132,4,103
2024-02-26 16:45:00,144,4,104
2024-02-26 16:50:00,129,4,103
2024-02-26 16:55:00,121,4,105
2024-02-26 17:00:00,116,4,101
2024-02-26 17:05:00,130,4,103
2024-02-26 17:10:00,119,3,102
2024-02-26 17:15:00,138,4,104
2024-02-26 17:20:00,135,4,107
2024-02-26 17:25:00,118,3,103
2024-02-26 17:30:00,127,3,104
2024-02-26 17:35:00,96,3,105
2024-02-26 17:40:00,127,4,106
2024-02-26 17:45:00,94,3,100
2024-02-26 17:50:00,110,3,107
2024-02-26 17:55:00,124,4,106
2024-02-26 18:00:00,116,4,101
2024-02-26 18:05:00,118,3,103
2024-02-26 18:10:00,122,4,103
2024-02-26 18:15:00,128,4,104
2024-02-26 18:20:00,110,4,102
2024-02-26 18:25:00,95,3,101
2024-02-26 18:30:00,98,3,99
2024-02-26 18:35:00,81,3,99
2024-02-26 18:40:00,101,3,100
2024-02-26 18:45:00,85,3,99
2024-02-26 18:50:00,93,3,101
2024-02-26 18:55:00,84,3,98
2024-02-26 19:00:00,97,3,97
2024-02-26 19:05:00,70,2,104
2024-02-26 19:10:00,88,3,99
2024-02-26 19:15:00,95,3,102
2024-02-26 19:20:00,80,3,101
2024-02-26 19:25:00,73,2,99
2024-02-26 19:30:00,83,3,96
2024-02-26 19:35:00,73,2,100
2024-02-26 19:40:00,66,2,95
2024-02-26 19:45:00,72,2,100
2024-02-26 19:50:00,65,3,100
2024-02-26 19:55:00,69,2,99
2024-02-26 20:00:00,53,2,97
2024-02-26 20:05:00,62,2,99
2024-02-26 20:10:00,70,2,98
2024-02-26 20:15:00,84,3,96
2024-02-26 20:20:00,69,2,99
2024-02-26 20:25:00,62,2,98
2024-02-26 20:30:00,72,2,105
2024-02-26 20:35:00,53,3,93
2024-02-26 20:40:00,69,2,104
2024-02-26 20:45:00,78,3,99
2024-02-26 20:50:00,58,2,101
2024-02-26 20:55:00,57,2,103
2024-02-26 21:00:00,52,2,99
2024-02-26 21:05:00,53,2,98
2024-02-26 21:10:00,52,3,91
2024-02-26 21:15:00,57,2,98
2024-02-26 21:20:00,35,1,102
2024-02-26 21:25:00,56,2,100
2024-02-26 21:30:00,45,2,95
2024-02-26 21:35:00,48,2,100
2024-02-26 21:40:00,50,2,94
2024-02-26 21:45:00,44,2,97
2024-02-26 21:50:00,51,2,95
2024-02-26 21:55:00,34,1,97
2024-02-26 22:00:00,57,3,96
2024-02-26 22:05:00,56,2,96
2024-02-26 22:10:00,55,2,96
2024-02-26 22:15:00,60,3,95
2024-02-26 22:20:00,48,3,92
2024-02-26 22:25:00,37,1,95
2024-02-26 22:30:00,54,2,94
2024-02-26 22:35:00,43,2,97
2024-02-26 22:40:00,45,2,95
2024-02-26 22:45:00,33,2,101
2024-02-26 22:50:00,51,2,94
2024-02-26 22:55:00,38,2,93
2024-02-26 23:00:00,34,2,96
2024-02-26 23:05:00,41,2,93
2024-02-26 23:10:00,41,2,95
2024-02-26 23:15:00,45,2,96
2024-02-26 23:20:00,38,3,86
2024-02-26 23:25:00,26,1,94
2024-02-26 23:30:00,27,2,91
2024-02-26 23:35:00,37,2,95
2024-02-26 23:40:00,33,2,94
2024-02-26 23:45:00,30,2,94
2024-02-26 23:50:00,30,2,94
2024-02-26 23:55:00,36,2,92
2024-02-27 00:00:00,40,2,92
2024-02-27 00:05:00,33,2,95
2024-02-27 00:10:00,29,2,90
2024-02-27 00:15:00,22,1,98
2024-02-27 00:20:00,25,1,92
2024-02-27 00:25:00,20,2,86
2024-02-27 00:30:00,24,1,102
2024-02-27 00:35:00,16,1,99
2024-02-27 00:40:00,20,2,91
2024-02-27 00:45:00,26,2,91
2024-02-27 00:50:00,23,2,87
2024-02-27 00:55:00,26,2,91
2024-02-27 01:00:00,17,2,93
2024-02-27 01:05:00,18,2,91
2024-02-27 01:10:00,20,2,84
2024-02-27 01:15:00,27,2,92
2024-02-27 01:20:00,25,1,98
2024-02-27 01:25:00,12,1,92
2024-02-27 01:30:00,12,1,91
2024-02-27 01:35:00,25,2,86
2024-02-27 01:40:00,21,1,88
2024-02-27 01:45:00,21,2,88
2024-02-27 01:50:00,17,2,99
2024-02-27 01:55:00,19,1,93
2024-02-27 02:00:00,10,2,79
2024-02-27 02:05:00,24,3,87
2024-02-27 02:10:00,22,2,92
2024-02-27 02:15:00,21,2,94
2024-02-27 02:20:00,20,2,98
2024-02-27 02:25:00,12,2,81
2024-02-27 02:30:00,16,3,84
2024-02-27 02:35:00,14,2,86
2024-02-27 02:40:00,15,2,89
2024-02-27 02:45:00,17,2,85
2024-02-27 02:50:00,10,2,83
2024-02-27 02:55:00,16,2,91
2024-02-27 03:00:00,20,2,90
2024-02-27 03:05:00,23,2,86
2024-02-27 03:10:00,26,2,83
2024-02-27 03:15:00,17,2,86
2024-02-27 03:20:00,11,2,83
2024-02-27 03:25:00,13,1,88
2024-02-27 03:30:00,18,2,86
2024-02-27 03:35:00,15,2,81
2024-02-27 03:40:00,25,3,87
2024-02-27 03:45:00,26,3,82
2024-02-27 03:50:00,17,3,84
2024-02-27 03:55:00,22,3,83
2024-02-27 04:00:00,17,2,84
2024-02-27 04:05:00,25,2,87
2024-02-27 04:10:00,27,2,88
2024-02-27 04:15:00,30,4,80
2024-02-27 04:20:00,26,3,82
2024-02-27 04:25:00,23,2,82
2024-02-27 04:30:00,20,2,84
2024-02-27 04:35:00,23,3,85
2024-02-27 04:40:00,41,4,84
2024-02-27 04:45:00,30,2,91
2024-02-27 04:50:00,21,2,84
2024-02-27 04:55:00,35,3,85
2024-02-27 05:00:00,40,3,84
2024-02-27 05:05:00,36,3,87
2024-02-27 05:10:00,31,3,89
2024-02-27 05:15:00,29,2,85
2024-02-27 05:20:00,40,3,88
2024-02-27 05:25:00,49,3,88
2024-02-27 05:30:00,45,4,88
2024-02-27 05:35:00,41,3,86
2024-02-27 05:40:00,53,3,92
2024-02-27 05:45:00,54,3,91
2024-02-27 05:50:00,53,3,89
2024-02-27 05:55:00,62,4,92
2024-02-27 06:00:00,67,4,89
2024-02-27 06:05:00,62,3,92
2024-02-27 06:10:00,47,2,91
2024-02-27 06:15:00,62,4,92
2024-02-27 06:20:00,63,4,90
2024-02-27 06:25:00,56,3,91
2024-02-27 06:30:00,95,4,92
2024-02-27 06:35:00,77,4,91
2024-02-27 06:40:00,78,3,95
2024-02-27 06:45:00,69,3,95
2024-02-27 06:50:00,83,4,94
2024-02-27 06:55:00,64,3,93
2024-02-27 07:00:00,73,4,95
2024-02-27 07:05:00,83,4,91
2024-02-27 07:10:00,86,3,93
2024-02-27 07:15:00,93,4,95
2024-02-27 07:20:00,72,4,93
2024-02-27 07:25:00,80,3,97
2024-02-27 07:30:00,67,3,96
2024-02-27 07:35:00,100,4,96
2024-02-27 07:40:00,94,3,97
2024-02-27 07:45:00,90,3,98
2024-02-27 07:50:00,81,3,96
2024-02-27 07:55:00,80,3,97
2024-02-27 08:00:00,88,3,102
2024-02-27 08:05:00,66,2,104
2024-02-27 08:10:00,88,3,99
2024-02-27 08:15:00,80,3,102
2024-02-27 08:20:00,87,3,101
2024-02-27 08:25:00,67,2,100
2024-02-27 08:30:00,78,3,100
2024-02-27 08:35:00,97,3,100
2024-02-27 08:40:00,93,3,97
2024-02-27 08:45:00,82,3,101
2024-02-27 08:50:00,93,3,100
2024-02-27 08:55:00,96,3,100
2024-02-27 09:00:00,102,4,98
2024-02-27 09:05:00,105,3,101
2024-02-27 09:10:00,110,3,104
2024-02-27 09:15:00,99,3,98
2024-02-27 09:20:00,104,4,99
2024-02-27 09:25:00,104,3,101
2024-02-27 09:30:00,93,3,103
2024-02-27 09:35:00,114,4,103
2024-02-27 09:40:00,114,4,97
2024-02-27 09:45:00,101,3,99
2024-02-27 09:50:00,144,5,98
2024-02-27 09:55:00,125,4,99
2024-02-27 10:00:00,132,4,100
2024-02-27 10:05:00,144,5,102
2024-02-27 10:10:00,119,4,98
2024-02-27 10:15:00,129,4,101
2024-02-27 10:20:00,126,4,101
2024-02-27 10:25:00,125,5,99
2024-02-27 10:30:00,136,4,102
2024-02-27 10:35:00,138,4,101
2024-02-27 10:40:00,130,4,99
2024-02-27 10:45:00,129,4,102
2024-02-27 10:50:00,133,4,97
2024-02-27 10:55:00,133,4,102
2024-02-27 11:00:00,141,4,102
2024-02-27 11:05:00,126,4,101
2024-02-27 11:10:00,142,4,101
2024-02-27 11:15:00,146,5,101
2024-02-27 11:20:00,172,6,101
2024-02-27 11:25:00,136,5,101
2024-02-27 11:30:00,152,5,103
2024-02-27 11:35:00,111,3,100
2024-02-27 11:40:00,168,5,101
2024-02-27 11:45:00,155,5,102
2024-02-27 11:50:00,152,5,97
2024-02-27 11:55:00,175,6,100
2024-02-27 12:00:00,156,5,98
2024-02-27 12:05:00,186,6,97
2024-02-27 12:10:00,171,6,101
2024-02-27 12:15:00,157,6,98
2024-02-27 12:20:00,168,5,99
2024-02-27 12:25:00,145,5,100
2024-02-27 12:30:00,176,6,101
2024-02-27 12:35:00,144,5,98
2024-02-27 12:40:00,166,6,99
2024-02-27 12:45:00,157,6,99
2024-02-27 12:50:00,134,4,99
2024-02-27 12:55:00,141,5,95
2024-02-27 13:00:00,131,4,98
2024-02-27 13:05:00,173,6,99
2024-02-27 13:10:00,157,6,97
2024-02-27 13:15:00,149,5,98
2024-02-27 13:20:00,166,6,99
2024-02-27 13:25:00,166,6,100
2024-02-27 13:30:00,149,6,99
2024-02-27 13:35:00,129,4,99
2024-02-27 13:40:00,156,6,98
2024-02-27 13:45:00,164,6,98
2024-02-27 13:50:00,173,6,100
2024-02-27 13:55:00,174,6,98
2024-02-27 14:00:00,150,5,97
2024-02-27 14:05:00,153,5,100
2024-02-27 14:10:00,139,4,101
2024-02-27 14:15:00,143,5,97
2024-02-27 14:20:00,161,6,98
2024-02-27 14:25:00,185,6,100
2024-02-27 14:30:00,152,5,101
2024-02-27 14:35:00,148,5,100
2024-02-27 14:40:00,159,5,101
2024-02-27 14:45:00,149,4,103
2024-02-27 14:50:00,149,5,102
2024-02-27 14:55:00,155,5,103
2024-02-27 15:00:00,154,4,104
2024-02-27 15:05:00,146,5,102
2024-02-27 15:10:00,132,4,100
2024-02-27 15:15:00,115,4,101
2024-02-27 15:20:00,113,4,104
2024-02-27 15:25:00,154,5,102
2024-02-27 15:30:00,144,4,105
2024-02-27 15:35:00,133,4,101
2024-02-27 15:40:00,147,4,104
2024-02-27 15:45:00,119,4,103
2024-02-27 15:50:00,131,4,99
2024-02-27 15:55:00,156,5,104
2024-02-27 16:00:00,148,4,104
2024-02-27 16:05:00,111,3,104
2024-02-27 16:10:00,145,4,106
2024-02-27 16:15:00,128,4,105
2024-02-27 16:20:00,121,4,101
2024-02-27 16:25:00,136,4,105
2024-02-27 16:30:00,150,4,107
2024-02-27 16:35:00,160,4,106
2024-02-27 16:40:00,115,4,101
2024-02-27 16:45:00,166,5,103
2024-02-27 16:50:00,124,4,104
2024-02-27 16:55:00,121,3,105
2024-02-27 17:00:00,139,4,101
2024-02-27 17:05:00,173,5,104
2024-02-27 17:10:00,136,4,102
2024-02-27 17:15:00,149,4,102
2024-02-27 17:20:00,123,4,101
2024-02-27 17:25:00,138,4,101
2024-02-27 17:30:00,136,4,103
2024-02-27 17:35:00,127,4,102
2024-02-27 17:40:00,97,3,103
2024-02-27 17:45:00,119,4,104
2024-02-27 17:50:00,128,4,104
2024-02-27 17:55:00,105,3,110
2024-02-27 18:00:00,95,3,101
2024-02-27 18:05:00,111,3,100
2024-02-27 18:10:00,106,3,104
2024-02-27 18:15:00,117,4,103
2024-02-27 18:20:00,111,4,100
2024-02-27 18:25:00,89,3,104
2024-02-27 18:30:00,108,4,100
2024-02-27 18:35:00,96,3,101
2024-02-27 18:40:00,93,3,98
2024-02-27 18:45:00,95,3,96
2024-02-27 18:50:00,113,3,99
2024-02-27 18:55:00,109,4,99
2024-02-27 19:00:00,96,3,101
2024-02-27 19:05:00,91,3,101
2024-02-27 19:10:00,99,4,96
2024-02-27 19:15:00,90,3,101
2024-02-27 19:20:00,90,3,102
2024-02-27 19:25:00,114,4,100
2024-02-27 19:30:00,88,3,98
2024-02-27 19:35:00,73,3,95
2024-02-27 19:40:00,72,3,96
2024-02-27 19:45:00,84,3,100
2024-02-27 19:50:00,86,3,103
2024-02-27 19:55:00,64,2,101
2024-02-27 20:00:00,84,3,100
2024-02-27 20:05:00,51,2,97
2024-02-27 20:10:00,47,2,98
2024-02-27 20:15:00,68,3,92
2024-02-27 20:20:00,64,2,97
2024-02-27 20:25:00,62,3,98
2024-02-27 20:30:00,55,2,97
2024-02-27 20:35:00,71,3,97
2024-02-27 20:40:00,62,2,96
2024-02-27 20:45:00,56,2,97
2024-02-27 20:50:00,72,3,102
2024-02-27 20:55:00,54,2,101
2024-02-27 21:00:00,58,2,97
2024-02-27 21:05:00,66,2,98
2024-02-27 21:10:00,53,2,95
2024-02-27 21:15:00,53,2,102
2024-02-27 21:20:00,43,2,97
2024-02-27 21:25:00,42,2,100
2024-02-27 21:30:00,53,2,96
2024-02-27 21:35:00,58,3,95
2024-02-27 21:40:00,41,2,97
2024-02-27 21:45:00,53,3,94
2024-02-27 21:50:00,69,3,98
2024-02-27 21:55:00,59,2,94
2024-02-27 22:00:00,50,2,95
2024-02-27 22:05:00,63,2,99
2024-02-27 22:10:00,33,2,98
2024-02-27 22:15:00,44,2,95
2024-02-27 22:20:00,38,2,95
2024-02-27 22:25:00,49,3,96
2024-02-27 22:30:00,35,2,90
2024-02-27 22:35:00,39,2,95
2024-02-27 22:40:00,50,2,94
2024-02-27 22:45:00,49,2,94
2024-02-27 22:50:00,36,1,102
2024-02-27 22:55:00,41,2,97
2024-02-27 23:00:00,47,2,91
2024-02-27 23:05:00,38,2,93
2024-02-27 23:10:00,26,2,89
2024-02-27 23:15:00,45,3,90
2024-02-27 23:20:00,36,2,93
2024-02-27 23:25:00,40,2,88
2024-02-27 23:30:00,42,3,95
2024-02-27 23:35:00,35,2,97
2024-02-27 23:40:00,28,2,90
2024-02-27 23:45:00,34,2,90
2024-02-27 23:50:00,30,1,96
2024-02-27 23:55:00,21,2,91
2024-02-28 00:00:00,36,2,88
2024-02-28 00:05:00,22,2,89
2024-02-28 00:10:00,35,2,90
2024-02-28 00:15:00,33,3,89
2024-02-28 00:20:00,26,2,89
2024-02-28 00:25:00,15,1,85
2024-02-28 00:30:00,19,1,95
2024-02-28 00:35:00,20,1,96
2024-02-28 00:40:00,26,1,93
2024-02-28 00:45:00,21,2,88
2024-02-28 00:50:00,27,2,92
2024-02-28 00:55:00,18,2,93
2024-02-28 01:00:00,16,2,82
2024-02-28 01:05:00,19,2,88
2024-02-28 01:10:00,28,2,92
2024-02-28 01:15:00,20,2,92
2024-02-28 01:20:00,21,2,88
2024-02-28 01:25:00,23,2,86
2024-02-28 01:30:00,14,2,85
2024-02-28 01:35:00,19,2,90
2024-02-28 01:40:00,21,3,84
2024-02-28 01:45:00,21,2,88
2024-02-28 01:50:00,24,2,87
2024-02-28 01:55:00,14,2,84
2024-02-28 02:00:00,22,2,85
2024-02-28 02:05:00,22,2,87
2024-02-28 02:10:00,16,2,85
2024-02-28 02:15:00,20,2,86
2024-02-28 02:20:00,12,2,86
2024-02-28 02:25:00,20,3,88
2024-02-28 02:30:00,21,3,84
2024-02-28 02:35:00,12,2,89
2024-02-28 02:40:00,14,2,82
2024-02-28 02:45:00,11,1,93
2024-02-28 02:50:00,15,2,86
2024-02-28 02:55:00,11,2,85
2024-02-28 03:00:00,16,2,85
2024-02-28 03:05:00,17,2,86
2024-02-28 03:10:00,15,2,85
2024-02-28 03:15:00,16,2,92
2024-02-28 03:20:00,16,1,93
2024-02-28 03:25:00,23,3,79
2024-02-28 03:30:00,14,2,84
2024-02-28 03:35:00,21,2,90
2024-02-28 03:40:00,21,3,83
2024-02-28 03:45:00,13,1,88
2024-02-28 03:50:00,24,1,93
2024-02-28 03:55:00,16,1,85
2024-02-28 04:00:00,23,3,82
2024-02-28 04:05:00,23,2,91
2024-02-28 04:10:00,24,2,85
2024-02-28 04:15:00,30,3,81
2024-02-28 04:20:00,31,2,89
2024-02-28 04:25:00,39,3,82
2024-02-28 04:30:00,38,3,85
2024-02-28 04:35:00,31,3,87
2024-02-28 04:40:00,29,2,90
2024-02-28 04:45:00,31,2,82
2024-02-28 04:50:00,32,2,92
2024-02-28 04:55:00,34,3,84
2024-02-28 05:00:00,35,2,89
2024-02-28 05:05:00,40,3,85
2024-02-28 05:10:00,41,3,92
2024-02-28 05:15:00,53,4,87
2024-02-28 05:20:00,42,3,85
2024-02-28 05:25:00,46,3,87
2024-02-28 05:30:00,47,3,89
2024-02-28 05:35:00,36,3,85
2024-02-28 05:40:00,47,3,88
2024-02-28 05:45:00,40,3,88
2024-02-28 05:50:00,60,4,88
2024-02-28 05:55:00,51,3,92
2024-02-28 06:00:00,55,3,93
2024-02-28 06:05:00,59,3,93
2024-02-28 06:10:00,59,4,89
2024-02-28 06:15:00,59,3,91
2024-02-28 06:20:00,52,3,90
2024-02-28 06:25:00,64,4,92
2024-02-28 06:30:00,64,3,92
2024-02-28 06:35:00,73,4,91
2024-02-28 06:40:00,67,3,99
2024-02-28 06:45:00,74,3,97
2024-02-28 06:50:00,62,3,93
2024-02-28 06:55:00,75,4,95
2024-02-28 07:00:00,75,4,93
2024-02-28 07:05:00,70,3,96
2024-02-28 07:10:00,76,3,95
2024-02-28 07:15:00,83,4,93
2024-02-28 07:20:00,74,3,96
2024-02-28 07:25:00,78,3,100
2024-02-28 07:30:00,60,3,94
2024-02-28 07:35:00,75,3,98
2024-02-28 07:40:00,77,3,100
2024-02-28 07:45:00,92,4,99
2024-02-28 07:50:00,82,3,99
2024-02-28 07:55:00,74,3,99
2024-02-28 08:00:00,86,3,104
2024-02-28 08:05:00,81,3,100
2024-02-28 08:10:00,84,3,101
2024-02-28 08:15:00,87,3,104
2024-02-28 08:20:00,74,2,102
2024-02-28 08:25:00,116,4,99
2024-02-28 08:30:00,83,3,100
2024-02-28 08:35:00,87,2,103
2024-02-28 08:40:00,90,3,104
2024-02-28 08:45:00,100,3,104
2024-02-28 08:50:00,99,3,100
2024-02-28 08:55:00,103,3,105
2024-02-28 09:00:00,103,3,103
2024-02-28 09:05:00,88,3,100
2024-02-28 09:10:00,105,3,103
2024-02-28 09:15:00,105,3,102
2024-02-28 09:20:00,108,4,101
2024-02-28 09:25:00,120,4,99
2024-02-28 09:30:00,91,3,104
2024-02-28 09:35:00,122,4,104
2024-02-28 09:40:00,102,3,102
2024-02-28 09:45:00,114,3,101
2024-02-28 09:50:00,129,4,100
2024-02-28 09:55:00,137,4,104
2024-02-28 10:00:00,138,5,99
2024-02-28 10:05:00,137,4,99
2024-02-28 10:10:00,141,4,103
2024-02-28 10:15:00,146,5,102
2024-02-28 10:20:00,136,4,101
2024-02-28 10:25:00,158,5,101
2024-02-28 10:30:00,153,5,101
2024-02-28 10:35:00,143,4,101
2024-02-28 10:40:00,141,4,104
2024-02-28 10:45:00,145,4,101
2024-02-28 10:50:00,163,5,100
2024-02-28 10:55:00,166,5,105
2024-02-28 11:00:00,155,5,104
2024-02-28 11:05:00,158,5,102
2024-02-28 11:10:00,183,6,101
2024-02-28 11:15:00,157,5,100
2024-02-28 11:20:00,178,5,104
2024-02-28 11:25:00,172,5,101
2024-02-28 11:30:00,169,5,102
2024-02-28 11:35:00,189,6,102
2024-02-28 11:40:00,177,6,101
2024-02-28 11:45:00,210,7,101
2024-02-28 11:50:00,181,6,100
2024-02-28 11:55:00,192,7,98
2024-02-28 12:00:00,205,6,102
2024-02-28 12:05:00,175,6,101
2024-02-28 12:10:00,163,6,98
2024-02-28 12:15:00,186,7,99
2024-02-28 12:20:00,185,6,99
2024-02-28 12:25:00,182,6,100
2024-02-28 12:30:00,172,7,97
2024-02-28 12:35:00,157,5,102
2024-02-28 12:40:00,157,5,99
2024-02-28 12:45:00,169,6,101
2024-02-28 12:50:00,159,6,97
2024-02-28 12:55:00,181,7,97
2024-02-28 13:00:00,153,5,103
2024-02-28 13:05:00,167,5,104
2024-02-28 13:10:00,143,5,103
2024-02-28 13:15:00,180,6,101
2024-02-28 13:20:00,161,6,99
2024-02-28 13:25:00,176,6,99
2024-02-28 13:30:00,172,6,101
2024-02-28 13:35:00,129,4,101
2024-02-28 13:40:00,168,6,98
2024-02-28 13:45:00,188,6,97
2024-02-28 13:50:00,156,5,98
2024-02-28 13:55:00,150,6,92
2024-02-28 14:00:00,198,7,94
2024-02-28 14:05:00,146,5,100
2024-02-28 14:10:00,227,8,99
2024-02-28 14:15:00,158,5,100
2024-02-28 14:20:00,178,6,102
2024-02-28 14:25:00,201,7,101
2024-02-28 14:30:00,158,6,97
2024-02-28 14:35:00,201,7,99
2024-02-28 14:40:00,178,6,100
2024-02-28 14:45:00,176,6,102
2024-02-28 14:50:00,171,5,105
2024-02-28 14:55:00,201,6,100
2024-02-28 15:00:00,221,7,105
2024-02-28 15:05:00,195,6,103
2024-02-28 15:10:00,141,4,105
2024-02-28 15:15:00,189,6,104
2024-02-28 15:20:00,161,5,104
2024-02-28 15:25:00,132,4,106
2024-02-28 15:30:00,183,6,103
2024-02-28 15:35:00,163,5,108
2024-02-28 15:40:00,173,5,107
2024-02-28 15:45:00,146,5,106
2024-02-28 15:50:00,163,5,106
2024-02-28 15:55:00,160,4,106
2024-02-28 16:00:00,142,4,101
2024-02-28 16:05:00,154,4,106
2024-02-28 16:10:00,116,3,106
2024-02-28 16:15:00,151,4,106
2024-02-28 16:20:00,111,3,104
2024-02-28 16:25:00,163,5,103
2024-02-28 16:30:00,165,5,107
2024-02-28 16:35:00,144,4,100
2024-02-28 16:40:00,151,4,104
2024-02-28 16:45:00,166,5,107
2024-02-28 16:50:00,131,4,106
2024-02-28 16:55:00,139,4,105
2024-02-28 17:00:00,165,5,106
2024-02-28 17:05:00,148,4,108
2024-02-28 17:10:00,161,5,103
2024-02-28 17:15:00,145,4,105
2024-02-28 17:20:00,128,4,104
2024-02-28 17:25:00,150,4,106
2024-02-28 17:30:00,144,4,105
2024-02-28 17:35:00,118,3,107
2024-02-28 17:40:00,146,5,101
2024-02-28 17:45:00,129,4,105
2024-02-28 17:50:00,145,4,103
2024-02-28 17:55:00,131,4,103
2024-02-28 18:00:00,121,4,99
2024-02-28 18:05:00,115,4,103
2024-02-28 18:10:00,134,4,102
2024-02-28 18:15:00,126,4,104
2024-02-28 18:20:00,117,4,102
2024-02-28 18:25:00,97,3,100
2024-02-28 18:30:00,101,3,102
2024-02-28 18:35:00,106,4,98
2024-02-28 18:40:00,99,3,101
2024-02-28 18:45:00,107,4,98
2024-02-28 18:50:00,87,3,100
2024-02-28 18:55:00,94,3,101
2024-02-28 19:00:00,81,3,103
2024-02-28 19:05:00,117,4,103
2024-02-28 19:10:00,91,3,101
2024-02-28 19:15:00,98,3,101
2024-02-28 19:20:00,80,2,101
2024-02-28 19:25:00,92,3,105
2024-02-28 19:30:00,90,3,102
2024-02-28 19:35:00,77,2,113
2024-02-28 19:40:00,107,4,99
2024-02-28 19:45:00,88,3,104
2024-02-28 19:50:00,85,3,99
2024-02-28 19:55:00,60,2,97
2024-02-28 20:00:00,80,3,99
2024-02-28 20:05:00,73,2,97
2024-02-28 20:10:00,91,3,100
2024-02-28 20:15:00,80,2,103
2024-02-28 20:20:00,59,2,97
2024-02-28 20:25:00,74,2,104
2024-02-28 20:30:00,71,3,104
2024-02-28 20:35:00,69,2,100
2024-02-28 20:40:00,68,3,98
2024-02-28 20:45:00,86,3,101
2024-02-28 20:50:00,56,2,99
2024-02-28 20:55:00,66,2,102
2024-02-28 21:00:00,62,2,103
2024-02-28 21:05:00,69,2,101
2024-02-28 21:10:00,66,2,100
2024-02-28 21:15:00,76,3,94
2024-02-28 21:20:00,66,2,95
2024-02-28 21:25:00,71,3,97
2024-02-28 21:30:00,42,1,98
2024-02-28 21:35:00,45,1,102
2024-02-28 21:40:00,45,2,99
2024-02-28 21:45:00,63,2,99
2024-02-28 21:50:00,69,3,100
2024-02-28 21:55:00,72,3,100
2024-02-28 22:00:00,48,2,101
2024-02-28 22:05:00,58,2,100
2024-02-28 22:10:00,77,3,104
2024-02-28 22:15:00,62,3,96
2024-02-28 22:20:00,54,2,99
2024-02-28 22:25:00,64,3,99
2024-02-28 22:30:00,50,2,104
2024-02-28 22:35:00,61,2,98
2024-02-28 22:40:00,57,2,98
2024-02-28 22:45:00,47,2,102
2024-02-28 22:50:00,40,2,95
2024-02-28 22:55:00,43,2,96
2024-02-28 23:00:00,61,3,100
2024-02-28 23:05:00,32,1,98
2024-02-28 23:10:00,46,2,98
2024-02-28 23:15:00,36,1,100
2024-02-28 23:20:00,37,1,97
2024-02-28 23:25:00,40,2,98
2024-02-28 23:30:00,38,2,92
2024-02-28 23:35:00,44,2,94
2024-02-28 23:40:00,35,2,92
2024-02-28 23:45:00,41,2,95
2024-02-28 23:50:00,30,2,90
2024-02-28 23:55:00,35,2,93
2024-02-29 00:00:00,38,2,98
2024-02-29 00:05:00,26,1,93
2024-02-29 00:10:00,31,2,93
2024-02-29 00:15:00,28,1,94
2024-02-29 00:20:00,33,2,93
2024-02-29 00:25:00,16,1,95
2024-02-29 00:30:00,24,2,88
2024-02-29 00:35:00,24,2,90
2024-02-29 00:40:00,35,1,104
2024-02-29 00:45:00,30,3,97
2024-02-29 00:50:00,22,2,90
2024-02-29 00:55:00,29,1,95
2024-02-29 01:00:00,22,2,88
2024-02-29 01:05:00,23,1,94
2024-02-29 01:10:00,32,1,102
2024-02-29 01:15:00,24,2,88
2024-02-29 01:20:00,19,2,87
2024-02-29 01:25:00,31,2,96
2024-02-29 01:30:00,12,1,97
2024-02-29 01:35:00,21,2,92
2024-02-29 01:40:00,13,2,87
2024-02-29 01:45:00,21,2,89
2024-02-29 01:50:00,24,1,91
2024-02-29 01:55:00,19,2,84
2024-02-29 02:00:00,26,2,91
2024-02-29 02:05:00,14,1,94
2024-02-29 02:10:00,17,1,95
2024-02-29 02:15:00,16,2,85
2024-02-29 02:20:00,29,2,89
2024-02-29 02:25:00,14,2,84
2024-02-29 02:30:00,20,2,88
2024-02-29 02:35:00,16,1,93
2024-02-29 02:40:00,19,2,90
2024-02-29 02:45:00,14,1,92
2024-02-29 02:50:00,25,3,86
2024-02-29 02:55:00,21,2,90
2024-02-29 03:00:00,15,2,86
2024-02-29 03:05:00,19,2,89
2024-02-29 03:10:00,14,2,85
2024-02-29 03:15:00,15,2,80
2024-02-29 03:20:00,15,1,89
2024-02-29 03:25:00,22,2,81
2024-02-29 03:30:00,16,3,87
2024-02-29 03:35:00,21,2,84
2024-02-29 03:40:00,13,1,92
2024-02-29 03:45:00,29,3,86
2024-02-29 03:50:00,20,2,87
2024-02-29 03:55:00,22,2,83
2024-02-29 04:00:00,19,2,89
2024-02-29 04:05:00,23,1,92
2024-02-29 04:10:00,27,3,79
2024-02-29 04:15:00,20,2,84
2024-02-29 04:20:00,25,2,88
2024-02-29 04:25:00,27,2,87
2024-02-29 04:30:00,20,3,84
2024-02-29 04:35:00,29,3,84
2024-02-29 04:40:00,23,2,85
2024-02-29 04:45:00,26,3,89
2024-02-29 04:50:00,26,3,85
2024-02-29 04:55:00,31,3,88
2024-02-29 05:00:00,36,3,90
2024-02-29 05:05:00,29,3,83
2024-02-29 05:10:00,41,3,82
2024-02-29 05:15:00,35,3,88
2024-02-29 05:20:00,42,2,86
2024-02-29 05:25:00,44,4,86
2024-02-29 05:30:00,45,4,87
2024-02-29 05:35:00,32,3,91
2024-02-29 05:40:00,43,2,90
2024-02-29 05:45:00,51,3,86
2024-02-29 05:50:00,47,3,92
2024-02-29 05:55:00,60,3,95
2024-02-29 06:00:00,46,3,89
2024-02-29 06:05:00,52,2,92
2024-02-29 06:10:00,42,3,89
2024-02-29 06:15:00,61,4,89
2024-02-29 06:20:00,60,3,89
2024-02-29 06:25:00,57,3,90
2024-02-29 06:30:00,84,4,94
2024-02-29 06:35:00,70,4,90
2024-02-29 06:40:00,73,3,95
2024-02-29 06:45:00,61,3,93
2024-02-29 06:50:00,64,4,93
2024-02-29 06:55:00,73,4,94
2024-02-29 07:00:00,69,4,92
2024-02-29 07:05:00,64,3,96
2024-02-29 07:10:00,69,3,94
2024-02-29 07:15:00,57,2,95
2024-02-29 07:20:00,72,3,97
2024-02-29 07:25:00,73,3,95
2024-02-29 07:30:00,65,3,98
2024-02-29 07:35:00,54,3,96
2024-02-29 07:40:00,80,4,96
2024-02-29 07:45:00,72,3,100
2024-02-29 07:50:00,64,2,103
2024-02-29 07:55:00,68,3,95
2024-02-29 08:00:00,85,3,98
2024-02-29 08:05:00,71,3,100
2024-02-29 08:10:00,72,3,97
2024-02-29 08:15:00,75,3,100
2024-02-29 08:20:00,80,3,101
2024-02-29 08:25:00,90,2,104
2024-02-29 08:30:00,86,3,100
2024-02-29 08:35:00,95,3,101
2024-02-29 08:40:00,79,3,99
2024-02-29 08:45:00,109,4,99
2024-02-29 08:50:00,85,4,98
2024-02-29 08:55:00,77,2,102
2024-02-29 09:00:00,117,4,99
2024-02-29 09:05:00,90,3,102
2024-02-29 09:10:00,98,4,101
2024-02-29 09:15:00,93,3,101
2024-02-29 09:20:00,101,3,99
2024-02-29 09:25:00,98,3,102
2024-02-29 09:30:00,91,3,100
2024-02-29 09:35:00,106,3,101
2024-02-29 09:40:00,124,4,102
2024-02-29 09:45:00,113,3,102
2024-02-29 09:50:00,109,3,103
2024-02-29 09:55:00,120,4,101
2024-02-29 10:00:00,144,5,104
2024-02-29 10:05:00,117,4,100
2024-02-29 10:10:00,133,5,102
2024-02-29 10:15:00,112,3,103
2024-02-29 10:20:00,141,5,101
2024-02-29 10:25:00,104,3,103
2024-02-29 10:30:00,140,4,99
2024-02-29 10:35:00,120,3,102
2024-02-29 10:40:00,121,4,99
2024-02-29 10:45:00,135,4,99
2024-02-29 10:50:00,134,4,99
2024-02-29 10:55:00,148,5,98
2024-02-29 11:00:00,124,4,101
2024-02-29 11:05:00,134,4,99
2024-02-29 11:10:00,152,5,100
2024-02-29 11:15:00,142,4,98
2024-02-29 11:20:00,152,5,97
2024-02-29 11:25:00,164,5,102
2024-02-29 11:30:00,159,5,102
2024-02-29 11:35:00,150,5,101
2024-02-29 11:40:00,165,6,98
2024-02-29 11:45:00,160,5,99
2024-02-29 11:50:00,154,5,101
2024-02-29 11:55:00,154,5,100
2024-02-29 12:00:00,143,5,99
2024-02-29 12:05:00,160,5,97
2024-02-29 12:10:00,135,5,97
2024-02-29 12:15:00,160,5,99
2024-02-29 12:20:00,187,6,100
2024-02-29 12:25:00,170,6,98
2024-02-29 12:30:00,197,7,98
2024-02-29 12:35:00,148,5,96
2024-02-29 12:40:00,163,5,100
2024-02-29 12:45:00,166,5,97
2024-02-29 12:50:00,146,5,96
2024-02-29 12:55:00,177,6,95
2024-02-29 13:00:00,175,6,96
2024-02-29 13:05:00,142,5,94
2024-02-29 13:10:00,184,6,98
2024-02-29 13:15:00,147,5,97
2024-02-29 13:20:00,167,6,97
2024-02-29 13:25:00,171,6,99
2024-02-29 13:30:00,180,6,96
2024-02-29 13:35:00,174,6,98
2024-02-29 13:40:00,173,6,100
2024-02-29 13:45:00,180,6,98
2024-02-29 13:50:00,151,5,101
2024-02-29 13:55:00,167,6,99
2024-02-29 14:00:00,168,5,100
2024-02-29 14:05:00,186,6,98
2024-02-29 14:10:00,171,5,98
2024-02-29 14:15:00,177,6,100
2024-02-29 14:20:00,188,6,96
2024-02-29 14:25:00,162,5,100
2024-02-29 14:30:00,174,6,98
2024-02-29 14:35:00,203,6,100
2024-02-29 14:40:00,194,6,98
2024-02-29 14:45:00,173,5,99
2024-02-29 14:50:00,199,7,100
2024-02-29 14:55:00,190,6,103
2024-02-29 15:00:00,170,6,100
2024-02-29 15:05:00,170,5,101
2024-02-29 15:10:00,206,7,96
2024-02-29 15:15:00,181,5,100
2024-02-29 15:20:00,167,5,101
2024-02-29 15:25:00,183,5,101
2024-02-29 15:30:00,201,6,102
2024-02-29 15:35:00,215,6,101
2024-02-29 15:40:00,201,6,102
2024-02-29 15:45:00,201,6,104
2024-02-29 15:50:00,192,6,101
2024-02-29 15:55:00,184,5,101
2024-02-29 16:00:00,153,4,102
2024-02-29 16:05:00,179,5,105
2024-02-29 16:10:00,187,5,101
2024-02-29 16:15:00,186,5,101
2024-02-29 16:20:00,187,6,102
2024-02-29 16:25:00,186,6,99
2024-02-29 16:30:00,175,5,105
2024-02-29 16:35:00,191,5,102
2024-02-29 16:40:00,160,5,102
2024-02-29 16:45:00,205,6,101
2024-02-29 16:50:00,144,4,102
2024-02-29 16:55:00,190,5,105
2024-02-29 17:00:00,224,6,100
2024-02-29 17:05:00,151,5,100
2024-02-29 17:10:00,141,4,100
2024-02-29 17:15:00,141,4,103
2024-02-29 17:20:00,123,3,101
2024-02-29 17:25:00,128,3,104
2024-02-29 17:30:00,130,4,102
2024-02-29 17:35:00,142,4,103
2024-02-29 17:40:00,148,4,102
2024-02-29 17:45:00,129,4,101
2024-02-29 17:50:00,164,5,104
2024-02-29 17:55:00,187,6,101
2024-02-29 18:00:00,177,5,105
2024-02-29 18:05:00,203,6,100
2024-02-29 18:10:00,258,8,97
2024-02-29 18:15:00,177,5,101
2024-02-29 18:20:00,237,7,99
2024-02-29 18:25:00,199,6,100
2024-02-29 18:30:00,173,5,99
2024-02-29 18:35:00,188,6,99
2024-02-29 18:40:00,166,5,99
2024-02-29 18:45:00,135,4,98
2024-02-29 18:50:00,148,4,101
2024-02-29 18:55:00,133,4,104
2024-02-29 19:00:00,209,6,98
2024-02-29 19:05:00,162,5,100
2024-02-29 19:10:00,165,5,102
2024-02-29 19:15:00,168,5,102
2024-02-29 19:20:00,152,4,101
2024-02-29 19:25:00,182,6,99
2024-02-29 19:30:00,164,5,101
2024-02-29 19:35:00,152,4,100
2024-02-29 19:40:00,181,5,97
2024-02-29 19:45:00,186,6,96
2024-02-29 19:50:00,174,5,100
2024-02-29 19:55:00,199,6,100
2024-02-29 20:00:00,181,5,103
2024-02-29 20:05:00,133,4,99
2024-02-29 20:10:00,159,4,104
2024-02-29 20:15:00,166,5,102
2024-02-29 20:20:00,111,3,101
2024-02-29 20:25:00,133,3,105
2024-02-29 20:30:00,148,4,105
2024-02-29 20:35:00,119,3,104
2024-02-29 20:40:00,116,3,104
2024-02-29 20:45:00,132,4,99
2024-02-29 20:50:00,127,4,99
2024-02-29 20:55:00,105,3,102
2024-02-29 21:00:00,123,3,104
2024-02-29 21:05:00,108,3,102
2024-02-29 21:10:00,127,4,102
2024-02-29 21:15:00,128,4,104
2024-02-29 21:20:00,112,3,102
2024-02-29 21:25:00,106,3,102
2024-02-29 21:30:00,122,3,106
2024-02-29 21:35:00,73,2,100
2024-02-29 21:40:00,114,3,105
2024-02-29 21:45:00,104,3,104
2024-02-29 21:50:00,116,3,105
2024-02-29 21:55:00,91,2,103
2024-02-29 22:00:00,96,3,105
2024-02-29 22:05:00,94,2,105
2024-02-29 22:10:00,108,3,103
2024-02-29 22:15:00,108,3,104
2024-02-29 22:20:00,112,4,100
2024-02-29 22:25:00,108,3,101
2024-02-29 22:30:00,97,3,104
2024-02-29 22:35:00,105,3,105
2024-02-29 22:40:00,97,3,102
2024-02-29 22:45:00,94,3,104
2024-02-29 22:50:00,83,2,103
2024-02-29 22:55:00,85,2,106
2024-02-29 23:00:00,109,3,106
2024-02-29 23:05:00,94,3,102
2024-02-29 23:10:00,84,2,101
2024-02-29 23:15:00,93,2,103
2024-02-29 23:20:00,78,2,110
2024-02-29 23:25:00,79,2,108
2024-02-29 23:30:00,90,2,104
2024-02-29 23:35:00,71,2,102
2024-02-29 23:40:00,98,3,104
2024-02-29 23:45:00,66,2,100
2024-02-29 23:50:00,69,2,99
2024-02-29 23:55:00,66,2,108
2024-03-01 00:00:00,72,2,104
2024-03-01 00:05:00,70,2,103
2024-03-01 00:10:00,68,2,109
2024-03-01 00:15:00,61,2,101
2024-03-01 00:20:00,52,1,103
2024-03-01 00:25:00,60,2,105
2024-03-01 00:30:00,45,2,102
2024-03-01 00:35:00,52,1,106
2024-03-01 00:40:00,59,2,102
2024-03-01 00:45:00,52,2,100
2024-03-01 00:50:00,53,2,101
2024-03-01 00:55:00,51,2,97
2024-03-01 01:00:00,31,2,98
2024-03-01 01:05:00,36,1,101
2024-03-01 01:10:00,47,1,101
2024-03-01 01:15:00,47,2,101
2024-03-01 01:20:00,38,1,105
2024-03-01 01:25:00,33,1,97
2024-03-01 01:30:00,31,1,99
2024-03-01 01:35:00,35,2,98
2024-03-01 01:40:00,20,1,89
2024-03-01 01:45:00,27,1,100
2024-03-01 01:50:00,26,1,95
2024-03-01 01:55:00,29,1,97
2024-03-01 02:00:00,23,1,97
2024-03-01 02:05:00,20,1,99
2024-03-01 02:10:00,18,1,97
2024-03-01 02:15:00,22,2,89
2024-03-01 02:20:00,27,2,90
2024-03-01 02:25:00,12,1,93
2024-03-01 02:30:00,28,1,94
2024-03-01 02:35:00,30,2,94
2024-03-01 02:40:00,22,1,93
2024-03-01 02:45:00,21,1,90
2024-03-01 02:50:00,26,1,105
2024-03-01 02:55:00,20,2,90
2024-03-01 03:00:00,18,1,110
2024-03-01 03:05:00,17,1,95
2024-03-01 03:10:00,18,1,97
2024-03-01 03:15:00,12,1,89
2024-03-01 03:20:00,17,1,95
2024-03-01 03:25:00,12,1,100
2024-03-01 03:30:00,17,2,94
2024-03-01 03:35:00,24,2,94
2024-03-01 03:40:00,20,2,83
2024-03-01 03:45:00,30,2,91
2024-03-01 03:50:00,11,1,102
2024-03-01 03:55:00,24,2,95
2024-03-01 04:00:00,25,1,93
2024-03-01 04:05:00,20,1,90
2024-03-01 04:10:00,21,2,90
2024-03-01 04:15:00,14,1,93
2024-03-01 04:20:00,22,2,92
2024-03-01 04:25:00,20,2,86
2024-03-01 04:30:00,21,2,90
2024-03-01 04:35:00,19,2,85
2024-03-01 04:40:00,18,1,98
2024-03-01 04:45:00,21,2,88
2024-03-01 04:50:00,26,3,92
2024-03-01 04:55:00,25,2,87
2024-03-01 05:00:00,22,1,92
2024-03-01 05:05:00,30,2,90
2024-03-01 05:10:00,18,1,95
2024-03-01 05:15:00,35,2,95
2024-03-01 05:20:00,34,2,92
2024-03-01 05:25:00,42,2,94
2024-03-01 05:30:00,34,2,95
2024-03-01 05:35:00,45,3,92
2024-03-01 05:40:00,36,2,93
2024-03-01 05:45:00,43,2,90
2024-03-01 05:50:00,44,2,99
2024-03-01 05:55:00,43,2,93
2024-03-01 06:00:00,42,1,102
2024-03-01 06:05:00,44,2,97
2024-03-01 06:10:00,29,1,103
2024-03-01 06:15:00,54,2,100
2024-03-01 06:20:00,57,2,98
2024-03-01 06:25:00,48,2,97
2024-03-01 06:30:00,49,2,94
2024-03-01 06:35:00,64,2,102
2024-03-01 06:40:00,67,2,100
2024-03-01 06:45:00,53,2,94
2024-03-01 06:50:00,58,2,100
2024-03-01 06:55:00,71,3,96
2024-03-01 07:00:00,62,2,96
2024-03-01 07:05:00,51,2,105
2024-03-01 07:10:00,62,2,100
2024-03-01 07:15:00,67,2,107
2024-03-01 07:20:00,65,2,103
2024-03-01 07:25:00,65,2,100
2024-03-01 07:30:00,59,2,101
2024-03-01 07:35:00,70,2,105
2024-03-01 07:40:00,62,2,106
2024-03-01 07:45:00,75,2,110
2024-03-01 07:50:00,78,2,111
2024-03-01 07:55:00,74,2,103
2024-03-01 08:00:00,72,2,109
2024-03-01 08:05:00,87,3,105
2024-03-01 08:10:00,62,2,105
2024-03-01 08:15:00,94,2,107
2024-03-01 08:20:00,102,2,107
2024-03-01 08:25:00,78,2,103
2024-03-01 08:30:00,91,3,106
2024-03-01 08:35:00,119,3,107
2024-03-01 08:40:00,119,3,107
2024-03-01 08:45:00,104,3,109
2024-03-01 08:50:00,103,3,107
2024-03-01 08:55:00,101,3,106
2024-03-01 09:00:00,129,4,107
2024-03-01 09:05:00,113,3,109
2024-03-01 09:10:00,138,3,112
2024-03-01 09:15:00,131,3,108
2024-03-01 09:20:00,138,3,108
2024-03-01 09:25:00,155,4,106
2024-03-01 09:30:00,180,5,107
2024-03-01 09:35:00,185,5,107
2024-03-01 09:40:00,200,5,106
2024-03-01 09:45:00,204,5,106
2024-03-01 09:50:00,202,5,109
2024-03-01 09:55:00,209,5,106
2024-03-01 10:00:00,235,6,104
2024-03-01 10:05:00,235,6,105
2024-03-01 10:10:00,227,6,107
2024-03-01 10:15:00,238,6,106
2024-03-01 10:20:00,227,5,109
2024-03-01 10:25:00,249,6,106
2024-03-01 10:30:00,278,8,105
2024-03-01 10:35:00,266,7,104
2024-03-01 10:40:00,265,7,103
2024-03-01 10:45:00,311,9,103
2024-03-01 10:50:00,278,7,103
2024-03-01 10:55:00,279,7,104
2024-03-01 11:00:00,268,7,106
2024-03-01 11:05:00,302,8,103
2024-03-01 11:10:00,287,8,105
2024-03-01 11:15:00,240,6,108
2024-03-01 11:20:00,288,7,104
2024-03-01 11:25:00,320,9,103
2024-03-01 11:30:00,300,8,104
2024-03-01 11:35:00,257,6,109
2024-03-01 11:40:00,298,8,104
2024-03-01 11:45:00,260,7,105
2024-03-01 11:50:00,313,8,103
2024-03-01 11:55:00,283,8,105
2024-03-01 12:00:00,308,8,105
2024-03-01 12:05:00,275,7,106
2024-03-01 12:10:00,339,9,100
2024-03-01 12:15:00,311,8,101
2024-03-01 12:20:00,334,9,104
2024-03-01 12:25:00,279,7,106
2024-03-01 12:30:00,315,8,106
2024-03-01 12:35:00,253,7,105
2024-03-01 12:40:00,261,7,105
2024-03-01 12:45:00,276,7,107
2024-03-01 12:50:00,199,5,110
2024-03-01 12:55:00,202,5,106
2024-03-01 13:00:00,250,7,107
2024-03-01 13:05:00,210,5,108
2024-03-01 13:10:00,223,6,107
2024-03-01 13:15:00,222,5,111
2024-03-01 13:20:00,223,6,112
2024-03-01 13:25:00,226,6,109
2024-03-01 13:30:00,260,7,106
2024-03-01 13:35:00,270,7,107
2024-03-01 13:40:00,241,6,109
2024-03-01 13:45:00,217,5,110
2024-03-01 13:50:00,273,8,100
2024-03-01 13:55:00,328,8,106
2024-03-01 14:00:00,226,6,107
2024-03-01 14:05:00,250,6,107
2024-03-01 14:10:00,251,7,105
2024-03-01 14:15:00,228,6,111
2024-03-01 14:20:00,222,5,110
2024-03-01 14:25:00,252,7,107
2024-03-01 14:30:00,250,7,108
2024-03-01 14:35:00,274,7,106
2024-03-01 14:40:00,241,6,108
2024-03-01 14:45:00,210,5,110
2024-03-01 14:50:00,236,6,109
2024-03-01 14:55:00,221,5,107
2024-03-01 15:00:00,255,7,110
2024-03-01 15:05:00,240,6,107
2024-03-01 15:10:00,224,6,111
2024-03-01 15:15:00,248,6,109
2024-03-01 15:20:00,198,5,111
2024-03-01 15:25:00,266,7,108
2024-03-01 15:30:00,249,6,109
2024-03-01 15:35:00,199,5,110
2024-03-01 15:40:00,255,6,110
2024-03-01 15:45:00,265,7,108
2024-03-01 15:50:00,252,6,113
2024-03-01 15:55:00,247,6,108
2024-03-01 16:00:00,210,5,110
2024-03-01 16:05:00,239,6,109
2024-03-01 16:10:00,275,7,107
2024-03-01 16:15:00,227,6,110
2024-03-01 16:20:00,235,6,108
2024-03-01 16:25:00,230,6,107
2024-03-01 16:30:00,203,5,108
2024-03-01 16:35:00,224,5,111
2024-03-01 16:40:00,222,6,106
2024-03-01 16:45:00,217,5,106
2024-03-01 16:50:00,224,6,107
2024-03-01 16:55:00,228,5,110
2024-03-01 17:00:00,231,6,106
2024-03-01 17:05:00,232,6,111
2024-03-01 17:10:00,249,6,106
2024-03-01 17:15:00,234,6,107
2024-03-01 17:20:00,213,5,107
2024-03-01 17:25:00,209,5,108
2024-03-01 17:30:00,215,5,110
2024-03-01 17:35:00,213,5,108
2024-03-01 17:40:00,214,5,106
2024-03-01 17:45:00,267,7,104
2024-03-01 17:50:00,206,5,107
2024-03-01 17:55:00,204,5,109
2024-03-01 18:00:00,182,4,109
2024-03-01 18:05:00,192,5,111
2024-03-01 18:10:00,180,5,106
2024-03-01 18:15:00,195,5,109
2024-03-01 18:20:00,176,5,106
2024-03-01 18:25:00,155,4,106
2024-03-01 18:30:00,179,5,105
2024-03-01 18:35:00,138,3,106
2024-03-01 18:40:00,133,4,108
2024-03-01 18:45:00,153,4,104
2024-03-01 18:50:00,131,3,105
2024-03-01 18:55:00,151,4,107
2024-03-01 19:00:00,145,4,104
2024-03-01 19:05:00,141,4,106
2024-03-01 19:10:00,122,3,107
2024-03-01 19:15:00,138,3,110
2024-03-01 19:20:00,136,4,109
2024-03-01 19:25:00,128,3,106
2024-03-01 19:30:00,133,3,107
2024-03-01 19:35:00,116,3,106
2024-03-01 19:40:00,110,3,109
2024-03-01 19:45:00,133,3,106
2024-03-01 19:50:00,122,3,109
2024-03-01 19:55:00,103,3,105
2024-03-01 20:00:00,103,3,103
2024-03-01 20:05:00,117,3,106
2024-03-01 20:10:00,82,2,109
2024-03-01 20:15:00,103,2,106
2024-03-01 20:20:00,107,3,105
2024-03-01 20:25:00,85,2,106
2024-03-01 20:30:00,133,4,105
2024-03-01 20:35:00,98,2,104
2024-03-01 20:40:00,98,2,105
2024-03-01 20:45:00,91,2,107
2024-03-01 20:50:00,107,3,105
2024-03-01 20:55:00,81,2,103
2024-03-01 21:00:00,84,2,106
2024-03-01 21:05:00,92,2,103
2024-03-01 21:10:00,70,2,104
2024-03-01 21:15:00,92,2,105
2024-03-01 21:20:00,79,2,105
2024-03-01 21:25:00,69,2,106
2024-03-01 21:30:00,80,2,106
2024-03-01 21:35:00,73,2,109
2024-03-01 21:40:00,73,2,107
2024-03-01 21:45:00,66,2,103
2024-03-01 21:50:00,67,2,106
2024-03-01 21:55:00,63,2,105
2024-03-01 22:00:00,52,2,101
2024-03-01 22:05:00,63,2,106
2024-03-01 22:10:00,75,2,106
2024-03-01 22:15:00,55,2,99
2024-03-01 22:20:00,68,2,105
2024-03-01 22:25:00,45,2,99
2024-03-01 22:30:00,48,2,106
2024-03-01 22:35:00,52,2,105
2024-03-01 22:40:00,40,2,96
2024-03-01 22:45:00,48,1,93
2024-03-01 22:50:00,42,2,97
2024-03-01 22:55:00,45,1,93
2024-03-01 23:00:00,48,2,100
2024-03-01 23:05:00,42,3,93
2024-03-01 23:10:00,33,1,95
2024-03-01 23:15:00,41,1,104
2024-03-01 23:20:00,26,1,106
2024-03-01 23:25:00,36,1,103
2024-03-01 23:30:00,25,1,98
2024-03-01 23:35:00,26,1,98
2024-03-01 23:40:00,33,2,97
2024-03-01 23:45:00,35,1,97
2024-03-01 23:50:00,25,1,96
2024-03-01 23:55:00,13,0,100
2024-03-02 00:00:00,25,1,102
2024-03-02 00:05:00,27,1,99
2024-03-02 00:10:00,18,1,97
2024-03-02 00:15:00,26,1,102
2024-03-02 00:20:00,17,1,104
2024-03-02 00:25:00,24,1,100
2024-03-02 00:30:00,16,1,97
2024-03-02 00:35:00,21,1,108
2024-03-02 00:40:00,27,1,105
2024-03-02 00:45:00,19,1,101
2024-03-02 00:50:00,7,1,107
2024-03-02 00:55:00,22,1,107
2024-03-02 01:00:00,21,1,96
2024-03-02 01:05:00,13,1,104
2024-03-02 01:10:00,15,1,104
2024-03-02 01:15:00,16,1,104
2024-03-02 01:20:00,15,1,100
2024-03-02 01:25:00,12,1,92
2024-03-02 01:30:00,15,1,103
2024-03-02 01:35:00,17,1,97
2024-03-02 01:40:00,12,1,95
2024-03-02 01:45:00,9,1,104
2024-03-02 01:50:00,18,1,97
2024-03-02 01:55:00,10,1,104
2024-03-02 02:00:00,8,1,92
2024-03-02 02:05:00,11,1,96
2024-03-02 02:10:00,14,1,110
2024-03-02 02:15:00,8,1,96
2024-03-02 02:20:00,16,1,95
2024-03-02 02:25:00,4,2,93
2024-03-02 02:30:00,4,1,95
2024-03-02 02:35:00,10,1,91
2024-03-02 02:40:00,8,1,91
2024-03-02 02:45:00,11,1,97
2024-03-02 02:50:00,11,1,97
2024-03-02 02:55:00,8,1,97
2024-03-02 03:00:00,9,1,113
2024-03-02 03:05:00,10,1,90
2024-03-02 03:10:00,14,1,95
2024-03-02 03:15:00,14,1,95
2024-03-02 03:20:00,6,1,95
2024-03-02 03:25:00,10,1,100
2024-03-02 03:30:00,10,1,89
2024-03-02 03:35:00,11,1,98
2024-03-02 03:40:00,12,1,100
2024-03-02 03:45:00,13,1,89
2024-03-02 03:50:00,12,1,98
2024-03-02 03:55:00,14,2,91
2024-03-02 04:00:00,18,1,94
2024-03-02 04:05:00,9,1,94
2024-03-02 04:10:00,17,2,90
2024-03-02 04:15:00,16,2,86
2024-03-02 04:20:00,10,1,89
2024-03-02 04:25:00,20,1,93
2024-03-02 04:30:00,10,1,93
2024-03-02 04:35:00,12,1,94
2024-03-02 04:40:00,11,1,103
2024-03-02 04:45:00,10,1,88
2024-03-02 04:50:00,17,2,86
2024-03-02 04:55:00,7,1,88
2024-03-02 05:00:00,14,1,88
2024-03-02 05:05:00,16,1,84
2024-03-02 05:10:00,9,2,85
2024-03-02 05:15:00,15,1,93
2024-03-02 05:20:00,9,1,97
2024-03-02 05:25:00,18,1,99
2024-03-02 05:30:00,28,2,90
2024-03-02 05:35:00,20,1,94
2024-03-02 05:40:00,19,2,86
2024-03-02 05:45:00,26,1,97
2024-03-02 05:50:00,27,1,102
2024-03-02 05:55:00,38,2,99
2024-03-02 06:00:00,26,2,92
2024-03-02 06:05:00,21,1,99
2024-03-02 06:10:00,30,1,98
2024-03-02 06:15:00,32,1,101
2024-03-02 06:20:00,36,2,96
2024-03-02 06:25:00,25,2,89
2024-03-02 06:30:00,38,2,92
2024-03-02 06:35:00,35,1,106
2024-03-02 06:40:00,41,2,93
2024-03-02 06:45:00,39,2,97
2024-03-02 06:50:00,42,2,98
2024-03-02 06:55:00,47,2,99
2024-03-02 07:00:00,32,1,101
2024-03-02 07:05:00,36,2,96
2024-03-02 07:10:00,52,2,101
2024-03-02 07:15:00,37,1,104
2024-03-02 07:20:00,38,1,105
2024-03-02 07:25:00,34,1,105
2024-03-02 07:30:00,37,2,100
2024-03-02 07:35:00,42,1,106
2024-03-02 07:40:00,48,2,104
2024-03-02 07:45:00,43,1,106
2024-03-02 07:50:00,52,1,105
2024-03-02 07:55:00,41,1,100
2024-03-02 08:00:00,50,2,104
2024-03-02 08:05:00,63,2,102
2024-03-02 08:10:00,54,1,107
2024-03-02 08:15:00,58,2,110
2024-03-02 08:20:00,57,2,105
2024-03-02 08:25:00,58,2,109
2024-03-02 08:30:00,66,2,108
2024-03-02 08:35:00,46,1,112
2024-03-02 08:40:00,59,2,100
2024-03-02 08:45:00,66,2,110
2024-03-02 08:50:00,58,2,107
2024-03-02 08:55:00,63,2,107
2024-03-02 09:00:00,95,2,109
2024-03-02 09:05:00,88,3,104
2024-03-02 09:10:00,89,2,106
2024-03-02 09:15:00,86,2,107
2024-03-02 09:20:00,101,2,111
2024-03-02 09:25:00,102,3,109
2024-03-02 09:30:00,99,3,101
2024-03-02 09:35:00,94,2,107
2024-03-02 09:40:00,105,3,108
2024-03-02 09:45:00,117,3,107
2024-03-02 09:50:00,142,4,109
2024-03-02 09:55:00,123,3,109
2024-03-02 10:00:00,112,3,106
2024-03-02 10:05:00,155,4,107
2024-03-02 10:10:00,144,4,106
2024-03-02 10:15:00,140,4,107
2024-03-02 10:20:00,142,3,111
2024-03-02 10:25:00,151,4,108
2024-03-02 10:30:00,159,4,111
2024-03-02 10:35:00,171,4,107
2024-03-02 10:40:00,165,4,109
2024-03-02 10:45:00,179,5,107
2024-03-02 10:50:00,174,4,111
2024-03-02 10:55:00,176,4,106
2024-03-02 11:00:00,203,5,106
2024-03-02 11:05:00,174,4,108
2024-03-02 11:10:00,185,5,107
2024-03-02 11:15:00,169,4,109
2024-03-02 11:20:00,199,5,106
2024-03-02 11:25:00,181,4,108
2024-03-02 11:30:00,186,4,108
2024-03-02 11:35:00,185,5,107
2024-03-02 11:40:00,191,5,107
2024-03-02 11:45:00,183,5,109
2024-03-02 11:50:00,184,4,105
2024-03-02 11:55:00,193,5,109
2024-03-02 12:00:00,191,5,109
2024-03-02 12:05:00,194,5,111
2024-03-02 12:10:00,199,5,111
2024-03-02 12:15:00,182,5,106
2024-03-02 12:20:00,201,5,108
2024-03-02 12:25:00,163,4,107
2024-03-02 12:30:00,172,4,105
2024-03-02 12:35:00,180,4,108
2024-03-02 12:40:00,191,5,108
2024-03-02 12:45:00,197,5,108
2024-03-02 12:50:00,170,4,106
2024-03-02 12:55:00,158,4,110
2024-03-02 13:00:00,200,5,110
2024-03-02 13:05:00,174,4,110
2024-03-02 13:10:00,169,4,112
2024-03-02 13:15:00,183,4,105
2024-03-02 13:20:00,185,4,109
2024-03-02 13:25:00,175,4,106
2024-03-02 13:30:00,183,5,109
2024-03-02 13:35:00,188,4,107
2024-03-02 13:40:00,190,5,110
2024-03-02 13:45:00,189,5,110
2024-03-02 13:50:00,186,5,107
2024-03-02 13:55:00,201,5,111
2024-03-02 14:00:00,165,4,111
2024-03-02 14:05:00,187,4,110
2024-03-02 14:10:00,174,4,106
2024-03-02 14:15:00,175,4,109
2024-03-02 14:20:00,215,5,109
2024-03-02 14:25:00,179,4,109
2024-03-02 14:30:00,197,5,106
2024-03-02 14:35:00,172,4,112
2024-03-02 14:40:00,207,5,110
2024-03-02 14:45:00,192,5,106
2024-03-02 14:50:00,206,5,115
2024-03-02 14:55:00,211,5,110
2024-03-02 15:00:00,218,5,108
2024-03-02 15:05:00,204,5,110
2024-03-02 15:10:00,191,5,110
2024-03-02 15:15:00,213,5,111
2024-03-02 15:20:00,184,4,109
2024-03-02 15:25:00,216,5,109
2024-03-02 15:30:00,200,5,107
2024-03-02 15:35:00,237,6,109
2024-03-02 15:40:00,197,5,110
2024-03-02 15:45:00,193,5,107
2024-03-02 15:50:00,193,4,112
2024-03-02 15:55:00,227,5,111
2024-03-02 16:00:00,246,6,109
2024-03-02 16:05:00,235,6,110
2024-03-02 16:10:00,214,5,111
2024-03-02 16:15:00,197,5,106
2024-03-02 16:20:00,197,5,106
2024-03-02 16:25:00,205,5,107
2024-03-02 16:30:00,234,9,88
2024-03-02 16:35:00,216,5,106
2024-03-02 16:40:00,226,5,111
2024-03-02 16:45:00,216,5,106
2024-03-02 16:50:00,240,6,104
2024-03-02 16:55:00,235,6,106
2024-03-02 17:00:00,217,5,108
2024-03-02 17:05:00,226,6,106
2024-03-02 17:10:00,262,6,106
2024-03-02 17:15:00,250,6,108
2024-03-02 17:20:00,240,6,106
2024-03-02 17:25:00,210,5,111
2024-03-02 17:30:00,205,5,107
2024-03-02 17:35:00,203,5,106
2024-03-02 17:40:00,208,5,108
2024-03-02 17:45:00,205,5,107
2024-03-02 17:50:00,214,5,105
2024-03-02 17:55:00,214,5,106
2024-03-02 18:00:00,157,4,108
2024-03-02 18:05:00,167,4,106
2024-03-02 18:10:00,158,4,103
2024-03-02 18:15:00,159,4,106
2024-03-02 18:20:00,156,4,108
2024-03-02 18:25:00,187,5,106
2024-03-02 18:30:00,152,4,108
2024-03-02 18:35:00,181,4,105
2024-03-02 18:40:00,145,4,104
2024-03-02 18:45:00,156,4,104
2024-03-02 18:50:00,116,3,105
2024-03-02 18:55:00,134,3,105
2024-03-02 19:00:00,142,3,104
2024-03-02 19:05:00,119,3,103
2024-03-02 19:10:00,138,4,105
2024-03-02 19:15:00,124,3,104
2024-03-02 19:20:00,140,3,108
2024-03-02 19:25:00,112,3,105
2024-03-02 19:30:00,101,2,104
2024-03-02 19:35:00,118,3,104
2024-03-02 19:40:00,117,3,103
2024-03-02 19:45:00,141,4,106
2024-03-02 19:50:00,102,2,110
2024-03-02 19:55:00,97,2,107
2024-03-02 20:00:00,104,2,106
2024-03-02 20:05:00,99,3,103
2024-03-02 20:10:00,102,3,106
2024-03-02 20:15:00,97,2,111
2024-03-02 20:20:00,115,3,105
2024-03-02 20:25:00,105,2,106
2024-03-02 20:30:00,101,2,103
2024-03-02 20:35:00,105,3,105
2024-03-02 20:40:00,70,2,106
2024-03-02 20:45:00,94,2,110
2024-03-02 20:50:00,100,3,107
2024-03-02 20:55:00,86,2,108
2024-03-02 21:00:00,76,2,107
2024-03-02 21:05:00,81,2,109
2024-03-02 21:10:00,77,2,104
2024-03-02 21:15:00,80,2,108
2024-03-02 21:20:00,81,2,106
2024-03-02 21:25:00,81,2,105
2024-03-02 21:30:00,72,2,103
2024-03-02 21:35:00,79,2,107
2024-03-02 21:40:00,62,2,109
2024-03-02 21:45:00,63,2,103
2024-03-02 21:50:00,55,1,103
2024-03-02 21:55:00,54,1,107
2024-03-02 22:00:00,59,2,106
2024-03-02 22:05:00,65,1,107
2024-03-02 22:10:00,39,1,111
2024-03-02 22:15:00,53,1,106
2024-03-02 22:20:00,49,1,104
2024-03-02 22:25:00,41,1,102
2024-03-02 22:30:00,39,1,106
2024-03-02 22:35:00,41,1,103
2024-03-02 22:40:00,44,2,108
2024-03-02 22:45:00,44,1,102
2024-03-02 22:50:00,48,1,110
2024-03-02 22:55:00,40,1,103
2024-03-02 23:00:00,30,1,108
2024-03-02 23:05:00,39,1,104
2024-03-02 23:10:00,40,1,104
2024-03-02 23:15:00,38,1,103
2024-03-02 23:20:00,30,1,100
2024-03-02 23:25:00,35,1,101
2024-03-02 23:30:00,22,1,107
2024-03-02 23:35:00,32,1,109
2024-03-02 23:40:00,27,1,100
2024-03-02 23:45:00,31,1,107
2024-03-02 23:50:00,26,1,109
2024-03-02 23:55:00,20,1,107
2024-03-03 00:00:00,30,1,105
2024-03-03 00:05:00,24,1,106
2024-03-03 00:10:00,23,1,104
2024-03-03 00:15:00,19,1,98
2024-03-03 00:20:00,26,1,101
2024-03-03 00:25:00,25,1,103
2024-03-03 00:30:00,13,1,96
2024-03-03 00:35:00,17,1,91
2024-03-03 00:40:00,24,1,111
2024-03-03 00:45:00,14,1,96
2024-03-03 00:50:00,13,0,92
2024-03-03 00:55:00,18,1,100
2024-03-03 01:00:00,20,1,106
2024-03-03 01:05:00,22,1,103
2024-03-03 01:10:00,11,1,103
2024-03-03 01:15:00,11,1,111
2024-03-03 01:20:00,6,1,92
2024-03-03 01:25:00,13,1,107
2024-03-03 01:30:00,16,1,105
2024-03-03 01:35:00,13,1,97
2024-03-03 01:40:00,8,1,97
2024-03-03 01:45:00,7,0,108
2024-03-03 01:50:00,14,1,106
2024-03-03 01:55:00,13,1,96
2024-03-03 02:00:00,5,0,110
2024-03-03 02:05:00,7,0,97
2024-03-03 02:10:00,19,1,111
2024-03-03 02:15:00,11,1,96
2024-03-03 02:20:00,9,1,106
2024-03-03 02:25:00,11,1,99
2024-03-03 02:30:00,7,0,99
2024-03-03 02:35:00,15,0,118
2024-03-03 02:40:00,9,1,100
2024-03-03 02:45:00,6,2,87
2024-03-03 02:50:00,5,1,91
2024-03-03 02:55:00,6,1,94
2024-03-03 03:00:00,5,1,97
2024-03-03 03:05:00,10,1,109
2024-03-03 03:10:00,13,1,102
2024-03-03 03:15:00,3,1,101
2024-03-03 03:20:00,3,1,90
2024-03-03 03:25:00,5,1,98
2024-03-03 03:30:00,6,1,121
2024-03-03 03:35:00,4,1,98
2024-03-03 03:40:00,6,1,94
2024-03-03 03:45:00,5,0,92
2024-03-03 03:50:00,7,2,91
2024-03-03 03:55:00,5,1,107
2024-03-03 04:00:00,8,1,91
2024-03-03 04:05:00,6,1,86
2024-03-03 04:10:00,4,1,84
2024-03-03 04:15:00,9,2,89
2024-03-03 04:20:00,8,1,96
2024-03-03 04:25:00,4,1,99
2024-03-03 04:30:00,8,1,96
2024-03-03 04:35:00,4,1,96
2024-03-03 04:40:00,7,1,95
2024-03-03 04:45:00,11,1,102
2024-03-03 04:50:00,8,1,99
2024-03-03 04:55:00,6,1,95
2024-03-03 05:00:00,6,1,93
2024-03-03 05:05:00,6,1,101
2024-03-03 05:10:00,5,1,80
2024-03-03 05:15:00,10,1,96
2024-03-03 05:20:00,13,1,94
2024-03-03 05:25:00,8,1,94
2024-03-03 05:30:00,11,1,88
2024-03-03 05:35:00,14,1,98
2024-03-03 05:40:00,9,1,93
2024-03-03 05:45:00,14,2,84
2024-03-03 05:50:00,14,1,104
2024-03-03 05:55:00,12,1,99
2024-03-03 06:00:00,19,1,90
2024-03-03 06:05:00,11,1,94
2024-03-03 06:10:00,19,1,103
2024-03-03 06:15:00,24,1,100
2024-03-03 06:20:00,17,1,104
2024-03-03 06:25:00,13,1,97
2024-03-03 06:30:00,20,1,103
2024-03-03 06:35:00,26,1,107
2024-03-03 06:40:00,29,1,106
2024-03-03 06:45:00,16,1,99
2024-03-03 06:50:00,21,1,105
2024-03-03 06:55:00,23,1,105
2024-03-03 07:00:00,19,1,108
2024-03-03 07:05:00,18,1,106
2024-03-03 07:10:00,28,1,106
2024-03-03 07:15:00,32,1,108
2024-03-03 07:20:00,14,0,100
2024-03-03 07:25:00,18,1,100
2024-03-03 07:30:00,25,1,109
2024-03-03 07:35:00,23,1,112
2024-03-03 07:40:00,31,1,106
2024-03-03 07:45:00,35,1,116
2024-03-03 07:50:00,37,1,104
2024-03-03 07:55:00,25,1,103
2024-03-03 08:00:00,34,1,112
2024-03-03 08:05:00,39,1,111
2024-03-03 08:10:00,26,1,106
2024-03-03 08:15:00,44,1,105
2024-03-03 08:20:00,36,1,101
2024-03-03 08:25:00,32,1,105
2024-03-03 08:30:00,37,1,104
2024-03-03 08:35:00,44,1,108
2024-03-03 08:40:00,51,1,109
2024-03-03 08:45:00,61,1,107
2024-03-03 08:50:00,59,2,107
2024-03-03 08:55:00,54,2,104
2024-03-03 09:00:00,59,2,103
2024-03-03 09:05:00,62,2,110
2024-03-03 09:10:00,55,2,106
2024-03-03 09:15:00,63,2,104
2024-03-03 09:20:00,65,2,102
2024-03-03 09:25:00,78,2,106
2024-03-03 09:30:00,71,2,106
2024-03-03 09:35:00,81,2,110
2024-03-03 09:40:00,87,2,107
2024-03-03 09:45:00,89,2,108
2024-03-03 09:50:00,93,3,109
2024-03-03 09:55:00,98,2,111
2024-03-03 10:00:00,77,2,107
2024-03-03 10:05:00,130,3,109
2024-03-03 10:10:00,119,3,108
2024-03-03 10:15:00,128,3,111
2024-03-03 10:20:00,114,3,112
2024-03-03 10:25:00,117,3,109
2024-03-03 10:30:00,116,3,109
2024-03-03 10:35:00,114,3,108
2024-03-03 10:40:00,128,3,107
2024-03-03 10:45:00,120,3,109
2024-03-03 10:50:00,135,3,107
2024-03-03 10:55:00,155,4,110
2024-03-03 11:00:00,130,3,109
2024-03-03 11:05:00,155,3,109
2024-03-03 11:10:00,150,4,110
2024-03-03 11:15:00,147,4,108
2024-03-03 11:20:00,179,4,108
2024-03-03 11:25:00,145,3,108
2024-03-03 11:30:00,154,4,109
2024-03-03 11:35:00,161,4,107
2024-03-03 11:40:00,173,4,108
2024-03-03 11:45:00,154,4,110
2024-03-03 11:50:00,168,4,109
2024-03-03 11:55:00,155,4,108
2024-03-03 12:00:00,147,4,106
2024-03-03 12:05:00,146,3,109
2024-03-03 12:10:00,137,3,108
2024-03-03 12:15:00,160,4,106
2024-03-03 12:20:00,181,5,107
2024-03-03 12:25:00,146,3,107
2024-03-03 12:30:00,168,4,106
2024-03-03 12:35:00,182,4,107
2024-03-03 12:40:00,151,4,108
2024-03-03 12:45:00,145,3,108
2024-03-03 12:50:00,171,4,109
2024-03-03 12:55:00,165,4,108
2024-03-03 13:00:00,163,4,107
2024-03-03 13:05:00,192,5,109
2024-03-03 13:10:00,187,5,106
2024-03-03 13:15:00,164,4,109
2024-03-03 13:20:00,170,4,110
2024-03-03 13:25:00,157,4,108
2024-03-03 13:30:00,170,4,109
2024-03-03 13:35:00,148,4,108
2024-03-03 13:40:00,173,4,107
2024-03-03 13:45:00,164,4,105
2024-03-03 13:50:00,189,5,106
2024-03-03 13:55:00,174,4,108
2024-03-03 14:00:00,160,4,107
2024-03-03 14:05:00,176,4,103
2024-03-03 14:10:00,204,5,108
2024-03-03 14:15:00,214,5,108
2024-03-03 14:20:00,173,4,108
2024-03-03 14:25:00,216,5,110
2024-03-03 14:30:00,179,4,111
2024-03-03 14:35:00,182,4,108
2024-03-03 14:40:00,214,5,108
2024-03-03 14:45:00,214,5,109
2024-03-03 14:50:00,191,4,108
2024-03-03 14:55:00,187,5,107
2024-03-03 15:00:00,236,6,110
2024-03-03 15:05:00,207,5,105
2024-03-03 15:10:00,201,5,113
2024-03-03 15:15:00,234,6,108
2024-03-03 15:20:00,190,4,109
2024-03-03 15:25:00,230,6,105
2024-03-03 15:30:00,234,6,107
2024-03-03 15:35:00,240,6,107
2024-03-03 15:40:00,224,6,106
2024-03-03 15:45:00,241,6,106
2024-03-03 15:50:00,221,5,110
2024-03-03 15:55:00,227,6,106
2024-03-03 16:00:00,244,6,105
2024-03-03 16:05:00,226,6,108
2024-03-03 16:10:00,218,5,109
2024-03-03 16:15:00,236,6,109
2024-03-03 16:20:00,246,6,109
2024-03-03 16:25:00,263,6,108
2024-03-03 16:30:00,245,6,110
2024-03-03 16:35:00,226,5,108
2024-03-03 16:40:00,244,6,109
2024-03-03 16:45:00,228,6,109
2024-03-03 16:50:00,247,6,107
2024-03-03 16:55:00,209,5,111
2024-03-03 17:00:00,212,5,107
2024-03-03 17:05:00,216,5,104
2024-03-03 17:10:00,238,6,109
2024-03-03 17:15:00,219,5,110
2024-03-03 17:20:00,206,5,112
2024-03-03 17:25:00,199,5,109
2024-03-03 17:30:00,204,5,110
2024-03-03 17:35:00,207,5,108
2024-03-03 17:40:00,163,4,109
2024-03-03 17:45:00,235,6,108
2024-03-03 17:50:00,188,4,105
2024-03-03 17:55:00,165,4,107
2024-03-03 18:00:00,163,4,111
2024-03-03 18:05:00,168,4,107
2024-03-03 18:10:00,190,5,107
2024-03-03 18:15:00,163,4,106
2024-03-03 18:20:00,174,4,105
2024-03-03 18:25:00,139,4,104
2024-03-03 18:30:00,138,3,110
2024-03-03 18:35:00,174,4,105
2024-03-03 18:40:00,142,3,109
2024-03-03 18:45:00,144,4,106
2024-03-03 18:50:00,149,4,105
2024-03-03 18:55:00,148,4,104
2024-03-03 19:00:00,139,3,105
2024-03-03 19:05:00,153,4,108
2024-03-03 19:10:00,124,3,107
2024-03-03 19:15:00,138,3,108
2024-03-03 19:20:00,157,4,107
2024-03-03 19:25:00,137,3,105
2024-03-03 19:30:00,104,3,106
2024-03-03 19:35:00,144,4,106
2024-03-03 19:40:00,125,3,107
2024-03-03 19:45:00,134,3,105
2024-03-03 19:50:00,130,3,107
2024-03-03 19:55:00,102,2,110
2024-03-03 20:00:00,129,3,110
2024-03-03 20:05:00,130,3,110
2024-03-03 20:10:00,129,3,107
2024-03-03 20:15:00,128,3,108
2024-03-03 20:20:00,128,3,107
2024-03-03 20:25:00,109,2,106
2024-03-03 20:30:00,108,2,107
2024-03-03 20:35:00,122,3,104
2024-03-03 20:40:00,105,2,108
2024-03-03 20:45:00,89,2,108
2024-03-03 20:50:00,97,2,109
2024-03-03 20:55:00,98,2,108
2024-03-03 21:00:00,104,2,108
2024-03-03 21:05:00,106,3,112
2024-03-03 21:10:00,129,3,110
2024-03-03 21:15:00,100,2,108
2024-03-03 21:20:00,84,2,105
2024-03-03 21:25:00,92,2,107
2024-03-03 21:30:00,90,2,105
2024-03-03 21:35:00,100,3,108
2024-03-03 21:40:00,88,2,103
2024-03-03 21:45:00,101,2,107
2024-03-03 21:50:00,84,2,106
2024-03-03 21:55:00,70,2,108
2024-03-03 22:00:00,74,2,105
2024-03-03 22:05:00,66,2,103
2024-03-03 22:10:00,63,2,103
2024-03-03 22:15:00,59,2,102
2024-03-03 22:20:00,83,2,104
2024-03-03 22:25:00,54,2,100
2024-03-03 22:30:00,69,2,104
2024-03-03 22:35:00,42,1,100
2024-03-03 22:40:00,70,2,106
2024-03-03 22:45:00,55,1,100
2024-03-03 22:50:00,48,1,107
2024-03-03 22:55:00,46,1,101
2024-03-03 23:00:00,53,1,106
2024-03-03 23:05:00,42,1,101
2024-03-03 23:10:00,36,1,109
2024-03-03 23:15:00,41,1,106
2024-03-03 23:20:00,50,2,104
2024-03-03 23:25:00,39,1,103
2024-03-03 23:30:00,37,1,104
2024-03-03 23:35:00,35,1,105
2024-03-03 23:40:00,32,1,106
2024-03-03 23:45:00,34,1,108
2024-03-03 23:50:00,25,1,92
2024-03-03 23:55:00,40,2,97
2024-03-04 00:00:00,30,2,96
2024-03-04 00:05:00,29,1,101
2024-03-04 00:10:00,14,1,103
2024-03-04 00:15:00,20,1,111
2024-03-04 00:20:00,24,1,101
2024-03-04 00:25:00,27,1,108
2024-03-04 00:30:00,30,2,96
2024-03-04 00:35:00,20,1,96
2024-03-04 00:40:00,21,1,95
2024-03-04 00:45:00,19,1,94
2024-03-04 00:50:00,17,1,102
2024-03-04 00:55:00,17,1,101
2024-03-04 01:00:00,28,1,103
2024-03-04 01:05:00,21,1,97
2024-03-04 01:10:00,20,1,105
2024-03-04 01:15:00,30,2,95
2024-03-04 01:20:00,18,1,100
2024-03-04 01:25:00,18,1,97
2024-03-04 01:30:00,15,1,98
2024-03-04 01:35:00,18,1,93
2024-03-04 01:40:00,12,1,92
2024-03-04 01:45:00,9,1,91
2024-03-04 01:50:00,15,1,97
2024-03-04 01:55:00,10,1,108
2024-03-04 02:00:00,12,1,95
2024-03-04 02:05:00,13,2,98
2024-03-04 02:10:00,10,1,94
2024-03-04 02:15:00,13,2,85
2024-03-04 02:20:00,10,1,88
2024-03-04 02:25:00,3,1,85
2024-03-04 02:30:00,6,1,99
2024-03-04 02:35:00,9,2,88
2024-03-04 02:40:00,9,1,102
2024-03-04 02:45:00,14,1,87
2024-03-04 02:50:00,11,2,86
2024-03-04 02:55:00,17,2,84
2024-03-04 03:00:00,13,2,87
2024-03-04 03:05:00,15,2,89
2024-03-04 03:10:00,14,1,99
2024-03-04 03:15:00,10,2,97
2024-03-04 03:20:00,11,1,93
2024-03-04 03:25:00,12,1,87
2024-03-04 03:30:00,18,1,88
2024-03-04 03:35:00,12,1,95
2024-03-04 03:40:00,14,1,89
2024-03-04 03:45:00,15,1,105
2024-03-04 03:50:00,15,2,92
2024-03-04 03:55:00,22,3,87
2024-03-04 04:00:00,17,1,92
2024-03-04 04:05:00,14,1,90
2024-03-04 04:10:00,28,4,90
2024-03-04 04:15:00,20,2,88
2024-03-04 04:20:00,18,1,96
2024-03-04 04:25:00,19,2,89
2024-03-04 04:30:00,15,2,91
2024-03-04 04:35:00,21,2,97
2024-03-04 04:40:00,31,2,94
2024-03-04 04:45:00,29,3,87
2024-03-04 04:50:00,17,1,89
2024-03-04 04:55:00,27,2,97
2024-03-04 05:00:00,30,2,91
2024-03-04 05:05:00,27,2,90
2024-03-04 05:10:00,23,2,88
2024-03-04 05:15:00,42,2,92
2024-03-04 05:20:00,33,2,98
2024-03-04 05:25:00,36,2,93
2024-03-04 05:30:00,42,2,95
2024-03-04 05:35:00,46,3,97
2024-03-04 05:40:00,45,2,103
2024-03-04 05:45:00,43,2,94
2024-03-04 05:50:00,69,3,96
2024-03-04 05:55:00,43,2,94
2024-03-04 06:00:00,78,3,94
2024-03-04 06:05:00,70,3,97
2024-03-04 06:10:00,51,2,101
2024-03-04 06:15:00,74,3,96
2024-03-04 06:20:00,69,3,97
2024-03-04 06:25:00,63,2,97
2024-03-04 06:30:00,65,2,101
2024-03-04 06:35:00,66,2,101
2024-03-04 06:40:00,75,2,104
2024-03-04 06:45:00,83,3,99
2024-03-04 06:50:00,66,2,103
2024-03-04 06:55:00,87,2,109
2024-03-04 07:00:00,71,2,104
2024-03-04 07:05:00,83,3,101
2024-03-04 07:10:00,94,3,103
2024-03-04 07:15:00,72,2,103
2024-03-04 07:20:00,75,2,102
2024-03-04 07:25:00,103,3,105
2024-03-04 07:30:00,106,3,104
2024-03-04 07:35:00,105,3,103
2024-03-04 07:40:00,94,3,104
2024-03-04 07:45:00,87,3,104
2024-03-04 07:50:00,91,3,103
2024-03-04 07:55:00,101,4,102
2024-03-04 08:00:00,91,3,105
2024-03-04 08:05:00,107,3,100
2024-03-04 08:10:00,75,2,110
2024-03-04 08:15:00,74,2,106
2024-03-04 08:20:00,110,4,105
2024-03-04 08:25:00,98,2,107
2024-03-04 08:30:00,91,3,106
2024-03-04 08:35:00,86,3,104
2024-03-04 08:40:00,92,3,107
2024-03-04 08:45:00,103,3,104
2024-03-04 08:50:00,83,3,108
2024-03-04 08:55:00,89,3,103
2024-03-04 09:00:00,92,3,104
2024-03-04 09:05:00,110,4,100
2024-03-04 09:10:00,83,2,107
2024-03-04 09:15:00,102,3,107
2024-03-04 09:20:00,90,3,102
2024-03-04 09:25:00,86,3,102
2024-03-04 09:30:00,83,3,102
2024-03-04 09:35:00,102,3,105
2024-03-04 09:40:00,88,3,102
2024-03-04 09:45:00,102,3,100
2024-03-04 09:50:00,97,3,101
2024-03-04 09:55:00,107,4,101
2024-03-04 10:00:00,89,3,101
2024-03-04 10:05:00,94,3,104
2024-03-04 10:10:00,107,3,104
2024-03-04 10:15:00,103,3,106
2024-03-04 10:20:00,118,4,106
2024-03-04 10:25:00,89,4,103
2024-03-04 10:30:00,119,4,102
2024-03-04 10:35:00,97,3,101
2024-03-04 10:40:00,118,4,103
2024-03-04 10:45:00,114,3,106
2024-03-04 10:50:00,119,4,103
2024-03-04 10:55:00,104,3,107
2024-03-04 11:00:00,106,3,104
2024-03-04 11:05:00,111,4,100
2024-03-04 11:10:00,107,4,98
2024-03-04 11:15:00,141,4,105
2024-03-04 11:20:00,115,4,100
2024-03-04 11:25:00,105,4,99
2024-03-04 11:30:00,117,4,102
2024-03-04 11:35:00,131,4,101
2024-03-04 11:40:00,114,4,98
2024-03-04 11:45:00,116,4,101
2024-03-04 11:50:00,128,4,100
2024-03-04 11:55:00,123,4,99
2024-03-04 12:00:00,105,3,105
2024-03-04 12:05:00,128,5,99
2024-03-04 12:10:00,118,4,98
2024-03-04 12:15:00,136,6,97
2024-03-04 12:20:00,124,5,99
2024-03-04 12:25:00,118,4,99
2024-03-04 12:30:00,135,5,100
2024-03-04 12:35:00,120,4,102
2024-03-04 12:40:00,134,5,101
2024-03-04 12:45:00,120,4,101
2024-03-04 12:50:00,130,4,100
2024-03-04 12:55:00,112,4,102
2024-03-04 13:00:00,127,4,102
2024-03-04 13:05:00,139,5,101
2024-03-04 13:10:00,100,3,102
2024-03-04 13:15:00,130,5,100
2024-03-04 13:20:00,115,4,101
2024-03-04 13:25:00,127,4,101
2024-03-04 13:30:00,116,5,98
2024-03-04 13:35:00,133,4,102
2024-03-04 13:40:00,131,5,101
2024-03-04 13:45:00,99,4,100
2024-03-04 13:50:00,112,3,104
2024-03-04 13:55:00,143,5,97
2024-03-04 14:00:00,150,5,100
2024-03-04 14:05:00,109,4,100
2024-03-04 14:10:00,129,4,103
2024-03-04 14:15:00,125,4,100
2024-03-04 14:20:00,119,4,104
2024-03-04 14:25:00,103,4,102
2024-03-04 14:30:00,133,5,100
2024-03-04 14:35:00,108,3,103
2024-03-04 14:40:00,126,4,100
2024-03-04 14:45:00,125,5,101
2024-03-04 14:50:00,118,4,106
2024-03-04 14:55:00,111,3,104
2024-03-04 15:00:00,130,4,102
2024-03-04 15:05:00,100,3,101
2024-03-04 15:10:00,104,3,104
2024-03-04 15:15:00,105,3,100
2024-03-04 15:20:00,110,4,102
2024-03-04 15:25:00,114,3,107
2024-03-04 15:30:00,120,4,104
2024-03-04 15:35:00,92,2,107
2024-03-04 15:40:00,94,3,106
2024-03-04 15:45:00,102,3,101
2024-03-04 15:50:00,105,3,103
2024-03-04 15:55:00,120,4,106
2024-03-04 16:00:00,110,4,104
2024-03-04 16:05:00,116,4,102
2024-03-04 16:10:00,109,3,105
2024-03-04 16:15:00,121,3,102
2024-03-04 16:20:00,102,3,99
2024-03-04 16:25:00,98,3,103
2024-03-04 16:30:00,110,3,106
2024-03-04 16:35:00,98,3,104
2024-03-04 16:40:00,109,3,103
2024-03-04 16:45:00,105,3,106
2024-03-04 16:50:00,107,3,103
2024-03-04 16:55:00,104,3,104
2024-03-04 17:00:00,98,3,102
2024-03-04 17:05:00,114,3,104
2024-03-04 17:10:00,103,3,106
2024-03-04 17:15:00,87,2,103
2024-03-04 17:20:00,98,3,106
2024-03-04 17:25:00,94,3,102
2024-03-04 17:30:00,86,3,102
2024-03-04 17:35:00,83,3,103
2024-03-04 17:40:00,125,4,102
2024-03-04 17:45:00,116,4,104
2024-03-04 17:50:00,93,3,101
2024-03-04 17:55:00,75,2,103
2024-03-04 18:00:00,84,3,98
2024-03-04 18:05:00,114,3,106
2024-03-04 18:10:00,80,3,102
2024-03-04 18:15:00,99,3,104
2024-03-04 18:20:00,90,3,102
2024-03-04 18:25:00,107,3,101
2024-03-04 18:30:00,90,3,99
2024-03-04 18:35:00,63,2,102
2024-03-04 18:40:00,91,3,97
2024-03-04 18:45:00,65,2,96
2024-03-04 18:50:00,73,2,100
2024-03-04 18:55:00,70,3,98
2024-03-04 19:00:00,65,2,100
2024-03-04 19:05:00,89,3,99
2024-03-04 19:10:00,78,3,98
2024-03-04 19:15:00,74,3,100
2024-03-04 19:20:00,62,2,99
2024-03-04 19:25:00,69,3,96
2024-03-04 19:30:00,75,2,98
2024-03-04 19:35:00,61,2,101
2024-03-04 19:40:00,65,3,101
2024-03-04 19:45:00,57,2,103
2024-03-04 19:50:00,54,2,93
2024-03-04 19:55:00,51,2,94
2024-03-04 20:00:00,63,2,102
2024-03-04 20:05:00,51,2,101
2024-03-04 20:10:00,42,2,96
2024-03-04 20:15:00,55,2,98
2024-03-04 20:20:00,51,2,97
2024-03-04 20:25:00,46,2,101
2024-03-04 20:30:00,43,2,98
2024-03-04 20:35:00,50,2,99
2024-03-04 20:40:00,48,2,94
2024-03-04 20:45:00,55,2,107
2024-03-04 20:50:00,57,3,94
2024-03-04 20:55:00,55,2,96
2024-03-04 21:00:00,54,2,98
2024-03-04 21:05:00,58,2,93
2024-03-04 21:10:00,45,2,96
2024-03-04 21:15:00,38,1,99
2024-03-04 21:20:00,48,2,94
2024-03-04 21:25:00,49,2,98
2024-03-04 21:30:00,44,2,92
2024-03-04 21:35:00,48,2,93
2024-03-04 21:40:00,54,2,99
2024-03-04 21:45:00,44,3,94
2024-03-04 21:50:00,43,2,91
2024-03-04 21:55:00,55,2,94
2024-03-04 22:00:00,35,2,96
2024-03-04 22:05:00,43,2,95
2024-03-04 22:10:00,54,3,93
2024-03-04 22:15:00,51,2,96
2024-03-04 22:20:00,39,2,96
2024-03-04 22:25:00,46,2,93
2024-03-04 22:30:00,30,2,93
2024-03-04 22:35:00,41,2,101
2024-03-04 22:40:00,37,2,96
2024-03-04 22:45:00,39,2,94
2024-03-04 22:50:00,37,2,92
2024-03-04 22:55:00,34,2,96
2024-03-04 23:00:00,34,2,94
2024-03-04 23:05:00,29,2,93
2024-03-04 23:10:00,31,2,94
2024-03-04 23:15:00,25,1,104
2024-03-04 23:20:00,27,3,86
2024-03-04 23:25:00,36,2,92
2024-03-04 23:30:00,27,2,89
2024-03-04 23:35:00,48,3,92
2024-03-04 23:40:00,35,3,90
2024-03-04 23:45:00,25,2,98
2024-03-04 23:50:00,31,2,96
2024-03-04 23:55:00,26,2,88
2024-03-05 00:00:00,32,2,88
2024-03-05 00:05:00,34,2,91
2024-03-05 00:10:00,26,1,92
2024-03-05 00:15:00,23,2,87
2024-03-05 00:20:00,24,2,91
2024-03-05 00:25:00,24,1,86
2024-03-05 00:30:00,19,1,92
2024-03-05 00:35:00,17,1,90
2024-03-05 00:40:00,32,2,87
2024-03-05 00:45:00,18,1,91
2024-03-05 00:50:00,23,2,90
2024-03-05 00:55:00,16,1,90
2024-03-05 01:00:00,14,1,89
2024-03-05 01:05:00,16,2,84
2024-03-05 01:10:00,17,2,83
2024-03-05 01:15:00,14,1,92
2024-03-05 01:20:00,22,3,83
2024-03-05 01:25:00,19,2,85
2024-03-05 01:30:00,18,3,82
2024-03-05 01:35:00,19,2,85
2024-03-05 01:40:00,8,1,90
2024-03-05 01:45:00,14,2,84
2024-03-05 01:50:00,12,2,90
2024-03-05 01:55:00,14,2,74
2024-03-05 02:00:00,16,2,90
2024-03-05 02:05:00,12,2,84
2024-03-05 02:10:00,21,2,87
2024-03-05 02:15:00,11,2,87
2024-03-05 02:20:00,15,3,84
2024-03-05 02:25:00,15,2,81
2024-03-05 02:30:00,11,2,82
2024-03-05 02:35:00,18,1,92
2024-03-05 02:40:00,17,2,83
2024-03-05 02:45:00,10,2,86
2024-03-05 02:50:00,13,2,83
2024-03-05 02:55:00,9,3,81
2024-03-05 03:00:00,17,2,84
2024-03-05 03:05:00,13,2,87
2024-03-05 03:10:00,15,2,86
2024-03-05 03:15:00,18,2,85
2024-03-05 03:20:00,13,2,85
2024-03-05 03:25:00,18,1,88
2024-03-05 03:30:00,15,2,83
2024-03-05 03:35:00,24,2,84
2024-03-05 03:40:00,18,3,83
2024-03-05 03:45:00,19,2,83
2024-03-05 03:50:00,23,2,88
2024-03-05 03:55:00,14,3,84
2024-03-05 04:00:00,24,3,83
2024-03-05 04:05:00,21,2,88
2024-03-05 04:10:00,20,2,81
2024-03-05 04:15:00,24,3,80
2024-03-05 04:20:00,29,3,80
2024-03-05 04:25:00,24,3,79
2024-03-05 04:30:00,29,3,85
2024-03-05 04:35:00,24,3,83
2024-03-05 04:40:00,22,2,82
2024-03-05 04:45:00,20,2,90
2024-03-05 04:50:00,29,3,84
2024-03-05 04:55:00,19,2,81
2024-03-05 05:00:00,23,2,81
2024-03-05 05:05:00,32,2,86
2024-03-05 05:10:00,37,2,84
2024-03-05 05:15:00,33,3,81
2024-03-05 05:20:00,28,3,82
2024-03-05 05:25:00,38,4,84
2024-03-05 05:30:00,37,3,87
2024-03-05 05:35:00,30,4,82
2024-03-05 05:40:00,35,3,82
2024-03-05 05:45:00,38,3,83
2024-03-05 05:50:00,47,3,83
2024-03-05 05:55:00,38,4,80
2024-03-05 06:00:00,42,3,85
2024-03-05 06:05:00,46,3,84
2024-03-05 06:10:00,52,3,89
2024-03-05 06:15:00,35,2,89
2024-03-05 06:20:00,51,3,86
2024-03-05 06:25:00,58,4,87
2024-03-05 06:30:00,65,4,85
2024-03-05 06:35:00,71,4,88
2024-03-05 06:40:00,67,4,85
2024-03-05 06:45:00,65,3,89
2024-03-05 06:50:00,66,4,89
2024-03-05 06:55:00,75,4,90
2024-03-05 07:00:00,57,4,87
2024-03-05 07:05:00,47,3,92
2024-03-05 07:10:00,63,3,93
2024-03-05 07:15:00,71,3,93
2024-03-05 07:20:00,59,2,96
2024-03-05 07:25:00,62,3,92
2024-03-05 07:30:00,71,3,97
2024-03-05 07:35:00,71,4,90
2024-03-05 07:40:00,64,4,91
2024-03-05 07:45:00,74,4,93
2024-03-05 07:50:00,70,3,94
2024-03-05 07:55:00,61,3,92
2024-03-05 08:00:00,69,3,94
2024-03-05 08:05:00,76,3,97
2024-03-05 08:10:00,65,2,100
2024-03-05 08:15:00,66,3,95
2024-03-05 08:20:00,98,3,99
2024-03-05 08:25:00,74,3,96
2024-03-05 08:30:00,63,2,103
2024-03-05 08:35:00,83,3,99
2024-03-05 08:40:00,67,3,95
2024-03-05 08:45:00,91,3,98
2024-03-05 08:50:00,76,3,99
2024-03-05 08:55:00,74,3,96
2024-03-05 09:00:00,59,3,90
2024-03-05 09:05:00,84,3,95
2024-03-05 09:10:00,84,3,99
2024-03-05 09:15:00,83,3,97
2024-03-05 09:20:00,85,3,99
2024-03-05 09:25:00,86,3,96
2024-03-05 09:30:00,87,3,94
2024-03-05 09:35:00,91,3,96
2024-03-05 09:40:00,112,4,98
2024-03-05 09:45:00,101,4,95
2024-03-05 09:50:00,108,4,96
2024-03-05 09:55:00,107,4,96
2024-03-05 10:00:00,115,4,95
2024-03-05 10:05:00,116,4,96
2024-03-05 10:10:00,113,4,97
2024-03-05 10:15:00,95,4,96
2024-03-05 10:20:00,105,4,95
2024-03-05 10:25:00,114,4,96
2024-03-05 10:30:00,97,4,96
2024-03-05 10:35:00,108,3,99
2024-03-05 10:40:00,119,4,95
2024-03-05 10:45:00,109,4,95
2024-03-05 10:50:00,119,4,97
2024-03-05 10:55:00,105,3,99
2024-03-05 11:00:00,112,4,97
2024-03-05 11:05:00,112,4,95
2024-03-05 11:10:00,131,5,96
2024-03-05 11:15:00,108,4,97
2024-03-05 11:20:00,119,4,94
2024-03-05 11:25:00,131,4,96
2024-03-05 11:30:00,104,4,97
2024-03-05 11:35:00,105,4,97
2024-03-05 11:40:00,124,4,95
2024-03-05 11:45:00,119,4,96
2024-03-05 11:50:00,126,5,96
2024-03-05 11:55:00,113,4,94
2024-03-05 12:00:00,135,5,98
2024-03-05 12:05:00,109,4,95
2024-03-05 12:10:00,111,5,93
2024-03-05 12:15:00,111,4,94
2024-03-05 12:20:00,106,4,94
2024-03-05 12:25:00,100,4,98
2024-03-05 12:30:00,113,5,94
2024-03-05 12:35:00,116,5,95
2024-03-05 12:40:00,91,3,95
2024-03-05 12:45:00,137,5,97
2024-03-05 12:50:00,112,5,93
2024-03-05 12:55:00,101,5,91
2024-03-05 13:00:00,124,5,95
2024-03-05 13:05:00,126,5,95
2024-03-05 13:10:00,105,4,93
2024-03-05 13:15:00,105,3,98
2024-03-05 13:20:00,100,4,96
2024-03-05 13:25:00,114,5,94
2024-03-05 13:30:00,123,5,95
2024-03-05 13:35:00,109,4,93
2024-03-05 13:40:00,131,5,94
2024-03-05 13:45:00,127,4,98
2024-03-05 13:50:00,91,4,93
2024-03-05 13:55:00,127,5,93
2024-03-05 14:00:00,115,4,95
2024-03-05 14:05:00,128,5,95
2024-03-05 14:10:00,123,5,94
2024-03-05 14:15:00,152,6,96
2024-03-05 14:20:00,104,4,94
2024-03-05 14:25:00,122,5,95
2024-03-05 14:30:00,112,4,95
2024-03-05 14:35:00,136,5,97
2024-03-05 14:40:00,109,3,99
2024-03-05 14:45:00,145,5,97
2024-03-05 14:50:00,123,4,97
2024-03-05 14:55:00,106,4,97
2024-03-05 15:00:00,117,5,94
2024-03-05 15:05:00,113,4,100
2024-03-05 15:10:00,95,3,98
2024-03-05 15:15:00,114,4,98
2024-03-05 15:20:00,117,4,97
2024-03-05 15:25:00,103,3,103
2024-03-05 15:30:00,123,4,97
2024-03-05 15:35:00,116,4,102
2024-03-05 15:40:00,107,3,105
2024-03-05 15:45:00,93,3,100
2024-03-05 15:50:00,101,3,100
2024-03-05 15:55:00,104,3,98
2024-03-05 16:00:00,110,3,100
2024-03-05 16:05:00,91,3,100
2024-03-05 16:10:00,104,4,95
2024-03-05 16:15:00,115,4,100
2024-03-05 16:20:00,102,3,98
2024-03-05 16:25:00,105,4,99
2024-03-05 16:30:00,81,3,99
2024-03-05 16:35:00,96,3,100
2024-03-05 16:40:00,104,3,102
2024-03-05 16:45:00,106,3,103
2024-03-05 16:50:00,95,3,102
2024-03-05 16:55:00,95,3,103
2024-03-05 17:00:00,106,3,102
2024-03-05 17:05:00,102,4,99
2024-03-05 17:10:00,90,3,100
2024-03-05 17:15:00,89,3,97
2024-03-05 17:20:00,86,2,103
2024-03-05 17:25:00,117,4,100
2024-03-05 17:30:00,81,3,98
2024-03-05 17:35:00,92,3,98
2024-03-05 17:40:00,106,4,99
2024-03-05 17:45:00,93,3,99
2024-03-05 17:50:00,81,3,96
2024-03-05 17:55:00,109,4,98
2024-03-05 18:00:00,106,3,99
2024-03-05 18:05:00,89,3,97
2024-03-05 18:10:00,101,3,98
2024-03-05 18:15:00,79,3,95
2024-03-05 18:20:00,95,3,98
2024-03-05 18:25:00,71,2,103
2024-03-05 18:30:00,86,3,97
2024-03-05 18:35:00,77,3,97
2024-03-05 18:40:00,85,3,100
2024-03-05 18:45:00,79,3,95
2024-03-05 18:50:00,84,3,96
2024-03-05 18:55:00,68,3,98
2024-03-05 19:00:00,71,3,95
2024-03-05 19:05:00,74,3,94
2024-03-05 19:10:00,73,3,94
2024-03-05 19:15:00,63,3,94
2024-03-05 19:20:00,80,3,93
2024-03-05 19:25:00,66,2,98
2024-03-05 19:30:00,64,2,95
2024-03-05 19:35:00,57,2,91
2024-03-05 19:40:00,58,3,90
2024-03-05 19:45:00,54,2,92
2024-03-05 19:50:00,64,2,96
2024-03-05 19:55:00,60,3,95
2024-03-05 20:00:00,65,3,98
2024-03-05 20:05:00,41,3,92
2024-03-05 20:10:00,72,3,96
2024-03-05 20:15:00,49,2,94
2024-03-05 20:20:00,51,3,96
2024-03-05 20:25:00,63,2,95
2024-03-05 20:30:00,64,2,95
2024-03-05 20:35:00,53,2,94
2024-03-05 20:40:00,67,2,95
2024-03-05 20:45:00,57,3,95
2024-03-05 20:50:00,42,3,94
2024-03-05 20:55:00,50,2,96
2024-03-05 21:00:00,52,2,94
2024-03-05 21:05:00,52,2,92
2024-03-05 21:10:00,39,2,103
2024-03-05 21:15:00,52,2,93
2024-03-05 21:20:00,48,2,94
2024-03-05 21:25:00,38,2,96
2024-03-05 21:30:00,31,2,95
2024-03-05 21:35:00,52,2,94
2024-03-05 21:40:00,43,3,89
2024-03-05 21:45:00,36,2,93
2024-03-05 21:50:00,60,2,93
2024-03-05 21:55:00,55,2,91
2024-03-05 22:00:00,35,3,87
2024-03-05 22:05:00,46,2,92
2024-03-05 22:10:00,47,3,87
2024-03-05 22:15:00,43,2,91
2024-03-05 22:20:00,34,2,93
2024-03-05 22:25:00,40,3,94
2024-03-05 22:30:00,29,2,89
2024-03-05 22:35:00,32,2,93
2024-03-05 22:40:00,34,2,84
2024-03-05 22:45:00,44,2,92
2024-03-05 22:50:00,43,2,89
2024-03-05 22:55:00,41,2,94
2024-03-05 23:00:00,27,2,90
2024-03-05 23:05:00,21,2,94
2024-03-05 23:10:00,25,2,89
2024-03-05 23:15:00,21,3,87
2024-03-05 23:20:00,36,2,91
2024-03-05 23:25:00,31,2,92
2024-03-05 23:30:00,27,2,87
2024-03-05 23:35:00,26,2,85
2024-03-05 23:40:00,25,2,89
2024-03-05 23:45:00,23,1,93
2024-03-05 23:50:00,28,2,91
2024-03-05 23:55:00,29,2,91
2024-03-06 00:00:00,32,2,100
2024-03-06 00:05:00,27,2,87
2024-03-06 00:10:00,30,2,95
2024-03-06 00:15:00,23,2,90
2024-03-06 00:20:00,20,2,88
2024-03-06 00:25:00,18,1,93
2024-03-06 00:30:00,15,1,99
2024-03-06 00:35:00,24,2,91
2024-03-06 00:40:00,22,2,89
2024-03-06 00:45:00,19,3,83
2024-03-06 00:50:00,12,3,85
2024-03-06 00:55:00,14,1,90
2024-03-06 01:00:00,14,1,95
2024-03-06 01:05:00,23,2,86
2024-03-06 01:10:00,19,1,89
2024-03-06 01:15:00,20,1,91
2024-03-06 01:20:00,18,1,98
2024-03-06 01:25:00,14,2,90
2024-03-06 01:30:00,18,1,89
2024-03-06 01:35:00,15,2,86
2024-03-06 01:40:00,14,2,91
2024-03-06 01:45:00,21,1,89
2024-03-06 01:50:00,27,2,92
2024-03-06 01:55:00,16,2,88
2024-03-06 02:00:00,16,2,90
2024-03-06 02:05:00,20,1,98
2024-03-06 02:10:00,22,2,87
2024-03-06 02:15:00,19,2,82
2024-03-06 02:20:00,16,2,97
2024-03-06 02:25:00,17,2,85
2024-03-06 02:30:00,13,2,87
2024-03-06 02:35:00,18,2,82
2024-03-06 02:40:00,11,1,85
2024-03-06 02:45:00,11,2,88
2024-03-06 02:50:00,14,2,82
2024-03-06 02:55:00,13,3,81
2024-03-06 03:00:00,9,2,83
2024-03-06 03:05:00,25,2,82
2024-03-06 03:10:00,23,3,87
2024-03-06 03:15:00,16,2,86
2024-03-06 03:20:00,17,2,85
2024-03-06 03:25:00,25,2,89
2024-03-06 03:30:00,13,1,87
2024-03-06 03:35:00,20,2,95
2024-03-06 03:40:00,12,3,85
2024-03-06 03:45:00,25,2,85
2024-03-06 03:50:00,23,2,82
2024-03-06 03:55:00,20,2,81
2024-03-06 04:00:00,22,2,84
2024-03-06 04:05:00,22,2,83
2024-03-06 04:10:00,22,2,87
2024-03-06 04:15:00,33,3,88
2024-03-06 04:20:00,21,3,84
2024-03-06 04:25:00,26,3,82
2024-03-06 04:30:00,29,4,82
2024-03-06 04:35:00,37,3,86
2024-03-06 04:40:00,24,3,84
2024-03-06 04:45:00,28,2,87
2024-03-06 04:50:00,29,3,88
2024-03-06 04:55:00,20,2,80
2024-03-06 05:00:00,42,2,88
2024-03-06 05:05:00,27,2,86
2024-03-06 05:10:00,38,5,81
2024-03-06 05:15:00,42,3,85
2024-03-06 05:20:00,41,2,90
2024-03-06 05:25:00,56,3,92
2024-03-06 05:30:00,38,3,85
2024-03-06 05:35:00,47,3,90
2024-03-06 05:40:00,57,3,87
2024-03-06 05:45:00,53,3,89
2024-03-06 05:50:00,43,3,87
2024-03-06 05:55:00,60,3,92
2024-03-06 06:00:00,71,4,90
2024-03-06 06:05:00,54,3,91
2024-03-06 06:10:00,47,3,93
2024-03-06 06:15:00,43,2,93
2024-03-06 06:20:00,58,3,90
2024-03-06 06:25:00,61,3,91
2024-03-06 06:30:00,77,4,89
2024-03-06 06:35:00,69,5,89
2024-03-06 06:40:00,63,3,93
2024-03-06 06:45:00,75,4,93
2024-03-06 06:50:00,56,3,88
2024-03-06 06:55:00,65,3,96
2024-03-06 07:00:00,71,3,95
2024-03-06 07:05:00,64,3,91
2024-03-06 07:10:00,74,3,98
2024-03-06 07:15:00,83,3,93
2024-03-06 07:20:00,72,4,94
2024-03-06 07:25:00,90,3,99
2024-03-06 07:30:00,63,2,94
2024-03-06 07:35:00,64,2,100
2024-03-06 07:40:00,75,2,101
2024-03-06 07:45:00,80,4,98
2024-03-06 07:50:00,66,3,94
2024-03-06 07:55:00,68,3,103
2024-03-06 08:00:00,84,3,97
2024-03-06 08:05:00,68,2,99
2024-03-06 08:10:00,71,3,100
2024-03-06 08:15:00,74,3,98
2024-03-06 08:20:00,69,2,105
2024-03-06 08:25:00,99,3,101
2024-03-06 08:30:00,89,3,102
2024-03-06 08:35:00,87,2,102
2024-03-06 08:40:00,85,3,103
2024-03-06 08:45:00,76,3,98
2024-03-06 08:50:00,89,3,98
2024-03-06 08:55:00,81,3,98
2024-03-06 09:00:00,78,3,105
2024-03-06 09:05:00,101,3,99
2024-03-06 09:10:00,89,4,96
2024-03-06 09:15:00,88,4,96
2024-03-06 09:20:00,119,4,99
2024-03-06 09:25:00,98,3,102
2024-03-06 09:30:00,109,4,99
2024-03-06 09:35:00,101,3,100
2024-03-06 09:40:00,95,3,101
2024-03-06 09:45:00,105,4,98
2024-03-06 09:50:00,122,4,97
2024-03-06 09:55:00,114,4,93
2024-03-06 10:00:00,156,5,97
2024-03-06 10:05:00,118,5,97
2024-03-06 10:10:00,109,4,96
2024-03-06 10:15:00,134,4,98
2024-03-06 10:20:00,127,4,99
2024-03-06 10:25:00,138,5,101
2024-03-06 10:30:00,157,5,98
2024-03-06 10:35:00,106,4,97
2024-03-06 10:40:00,137,4,100
2024-03-06 10:45:00,126,4,102
2024-03-06 10:50:00,130,4,102
2024-03-06 10:55:00,122,4,101
2024-03-06 11:00:00,148,5,97
2024-03-06 11:05:00,118,4,99
2024-03-06 11:10:00,121,4,97
2024-03-06 11:15:00,111,3,102
2024-03-06 11:20:00,138,5,97
2024-03-06 11:25:00,104,3,97
2024-03-06 11:30:00,109,4,96
2024-03-06 11:35:00,113,4,97
2024-03-06 11:40:00,125,4,101
2024-03-06 11:45:00,139,5,99
2024-03-06 11:50:00,137,5,100
2024-03-06 11:55:00,130,5,98
2024-03-06 12:00:00,136,5,96
2024-03-06 12:05:00,105,4,99
2024-03-06 12:10:00,93,4,96
2024-03-06 12:15:00,150,6,97
2024-03-06 12:20:00,105,4,99
2024-03-06 12:25:00,102,4,97
2024-03-06 12:30:00,128,5,95
2024-03-06 12:35:00,97,4,95
2024-03-06 12:40:00,127,5,97
2024-03-06 12:45:00,107,4,98
2024-03-06 12:50:00,126,5,95
2024-03-06 12:55:00,143,5,96
2024-03-06 13:00:00,140,6,95
2024-03-06 13:05:00,140,5,99
2024-03-06 13:10:00,111,4,98
2024-03-06 13:15:00,110,4,98
2024-03-06 13:20:00,107,4,96
2024-03-06 13:25:00,140,5,96
2024-03-06 13:30:00,123,5,98
2024-03-06 13:35:00,129,5,100
2024-03-06 13:40:00,124,5,97
2024-03-06 13:45:00,130,5,99
2024-03-06 13:50:00,120,4,97
2024-03-06 13:55:00,130,5,94
2024-03-06 14:00:00,137,5,102
2024-03-06 14:05:00,135,5,98
2024-03-06 14:10:00,114,4,101
2024-03-06 14:15:00,125,4,99
2024-03-06 14:20:00,109,4,99
2024-03-06 14:25:00,127,5,98
2024-03-06 14:30:00,98,4,97
2024-03-06 14:35:00,109,4,98
2024-03-06 14:40:00,102,4,97
2024-03-06 14:45:00,105,4,100
2024-03-06 14:50:00,119,4,99
2024-03-06 14:55:00,127,5,99
2024-03-06 15:00:00,129,4,103
2024-03-06 15:05:00,110,4,101
2024-03-06 15:10:00,123,4,102
2024-03-06 15:15:00,129,5,97
2024-03-06 15:20:00,124,4,100
2024-03-06 15:25:00,122,5,100
2024-03-06 15:30:00,118,4,104
2024-03-06 15:35:00,133,4,103
2024-03-06 15:40:00,104,3,101
2024-03-06 15:45:00,143,5,101
2024-03-06 15:50:00,111,4,97
2024-03-06 15:55:00,99,3,102
2024-03-06 16:00:00,112,3,102
2024-03-06 16:05:00,117,3,102
2024-03-06 16:10:00,124,4,102
2024-03-06 16:15:00,114,4,97
2024-03-06 16:20:00,112,3,106
2024-03-06 16:25:00,87,3,106
2024-03-06 16:30:00,95,3,101
2024-03-06 16:35:00,130,4,103
2024-03-06 16:40:00,109,4,101
2024-03-06 16:45:00,86,3,101
2024-03-06 16:50:00,137,4,109
2024-03-06 16:55:00,84,2,105
2024-03-06 17:00:00,89,3,105
2024-03-06 17:05:00,122,4,101
2024-03-06 17:10:00,108,4,101
2024-03-06 17:15:00,104,3,102
2024-03-06 17:20:00,83,2,103
2024-03-06 17:25:00,83,2,102
2024-03-06 17:30:00,113,3,106
2024-03-06 17:35:00,85,3,102
2024-03-06 17:40:00,75,2,104
2024-03-06 17:45:00,99,3,103
2024-03-06 17:50:00,82,3,101
2024-03-06 17:55:00,83,3,99
2024-03-06 18:00:00,90,3,105
2024-03-06 18:05:00,83,3,98
2024-03-06 18:10:00,88,3,100
2024-03-06 18:15:00,85,3,101
2024-03-06 18:20:00,98,3,101
2024-03-06 18:25:00,96,3,103
2024-03-06 18:30:00,96,3,102
2024-03-06 18:35:00,105,4,98
2024-03-06 18:40:00,84,3,100
2024-03-06 18:45:00,65,2,104
2024-03-06 18:50:00,80,3,98
2024-03-06 18:55:00,70,2,99
2024-03-06 19:00:00,72,2,96
2024-03-06 19:05:00,72,2,102
2024-03-06 19:10:00,82,3,97
2024-03-06 19:15:00,65,2,101
2024-03-06 19:20:00,67,3,96
2024-03-06 19:25:00,74,3,99
2024-03-06 19:30:00,64,3,96
2024-03-06 19:35:00,68,2,98
2024-03-06 19:40:00,55,2,97
2024-03-06 19:45:00,49,2,95
2024-03-06 19:50:00,59,2,97
2024-03-06 19:55:00,49,2,101
2024-03-06 20:00:00,66,3,94
2024-03-06 20:05:00,55,2,98
2024-03-06 20:10:00,67,3,98
2024-03-06 20:15:00,50,3,91
2024-03-06 20:20:00,54,2,102
2024-03-06 20:25:00,49,2,94
2024-03-06 20:30:00,66,3,94
2024-03-06 20:35:00,54,2,99
2024-03-06 20:40:00,54,2,98
2024-03-06 20:45:00,58,3,94
2024-03-06 20:50:00,50,2,98
2024-03-06 20:55:00,48,2,98
2024-03-06 21:00:00,54,2,103
2024-03-06 21:05:00,59,2,100
2024-03-06 21:10:00,45,2,95
2024-03-06 21:15:00,53,3,94
2024-03-06 21:20:00,47,2,97
2024-03-06 21:25:00,43,2,90
2024-03-06 21:30:00,44,3,96
2024-03-06 21:35:00,47,2,98
2024-03-06 21:40:00,54,2,100
2024-03-06 21:45:00,39,2,98
2024-03-06 21:50:00,45,2,96
2024-03-06 21:55:00,51,2,97
2024-03-06 22:00:00,49,3,92
2024-03-06 22:05:00,41,2,96
2024-03-06 22:10:00,37,2,97
2024-03-06 22:15:00,45,2,92
2024-03-06 22:20:00,53,3,91
2024-03-06 22:25:00,41,2,95
2024-03-06 22:30:00,51,2,96
2024-03-06 22:35:00,37,2,95
2024-03-06 22:40:00,33,2,93
2024-03-06 22:45:00,31,2,98
2024-03-06 22:50:00,35,2,99
2024-03-06 22:55:00,27,1,97
2024-03-06 23:00:00,39,2,91
2024-03-06 23:05:00,31,2,90
2024-03-06 23:10:00,39,2,88
2024-03-06 23:15:00,35,2,97
2024-03-06 23:20:00,25,2,90
2024-03-06 23:25:00,25,1,89
2024-03-06 23:30:00,40,2,91
2024-03-06 23:35:00,36,2,89
2024-03-06 23:40:00,30,2,92
2024-03-06 23:45:00,32,3,87
2024-03-06 23:50:00,27,2,90
2024-03-06 23:55:00,32,3,88
2024-03-07 00:00:00,18,3,87
2024-03-07 00:05:00,24,2,89
2024-03-07 00:10:00,21,1,94
2024-03-07 00:15:00,22,2,90
2024-03-07 00:20:00,29,2,95
2024-03-07 00:25:00,23,1,94
2024-03-07 00:30:00,14,2,82
2024-03-07 00:35:00,18,1,91
2024-03-07 00:40:00,20,2,93
2024-03-07 00:45:00,25,2,94
2024-03-07 00:50:00,23,2,91
2024-03-07 00:55:00,23,2,92
2024-03-07 01:00:00,14,2,95
2024-03-07 01:05:00,19,1,98
2024-03-07 01:10:00,17,2,88
2024-03-07 01:15:00,13,2,85
2024-03-07 01:20:00,13,2,92
2024-03-07 01:25:00,19,2,90
2024-03-07 01:30:00,16,1,97
2024-03-07 01:35:00,16,2,87
2024-03-07 01:40:00,19,2,84
2024-03-07 01:45:00,19,3,85
2024-03-07 01:50:00,9,1,87
2024-03-07 01:55:00,14,2,84
2024-03-07 02:00:00,17,2,89
2024-03-07 02:05:00,10,1,83
2024-03-07 02:10:00,24,2,94
2024-03-07 02:15:00,9,2,87
2024-03-07 02:20:00,16,2,82
2024-03-07 02:25:00,15,2,88
2024-03-07 02:30:00,11,2,86
2024-03-07 02:35:00,21,1,89
2024-03-07 02:40:00,18,2,88
2024-03-07 02:45:00,13,2,87
2024-03-07 02:50:00,20,3,84
2024-03-07 02:55:00,12,2,88
2024-03-07 03:00:00,17,2,88
2024-03-07 03:05:00,19,2,84
2024-03-07 03:10:00,24,3,85
2024-03-07 03:15:00,18,2,90
2024-03-07 03:20:00,15,2,82
2024-03-07 03:25:00,24,2,86
2024-03-07 03:30:00,20,2,86
2024-03-07 03:35:00,27,2,82
2024-03-07 03:40:00,14,3,79
2024-03-07 03:45:00,15,2,81
2024-03-07 03:50:00,14,2,83
2024-03-07 03:55:00,23,3,84
2024-03-07 04:00:00,28,3,87
2024-03-07 04:05:00,22,2,90
2024-03-07 04:10:00,21,2,82
2024-03-07 04:15:00,28,3,79
2024-03-07 04:20:00,21,3,85
2024-03-07 04:25:00,35,2,84
2024-03-07 04:30:00,25,3,84
2024-03-07 04:35:00,24,3,83
2024-03-07 04:40:00,24,3,84
2024-03-07 04:45:00,24,3,83
2024-03-07 04:50:00,26,2,87
2024-03-07 04:55:00,28,3,89
2024-03-07 05:00:00,35,3,88
2024-03-07 05:05:00,34,3,85
2024-03-07 05:10:00,32,3,87
2024-03-07 05:15:00,34,3,86
2024-03-07 05:20:00,46,3,86
2024-03-07 05:25:00,31,2,84
2024-03-07 05:30:00,44,4,86
2024-03-07 05:35:00,36,3,87
2024-03-07 05:40:00,46,3,86
2024-03-07 05:45:00,48,3,90
2024-03-07 05:50:00,51,2,89
2024-03-07 05:55:00,47,3,89
2024-03-07 06:00:00,50,3,91
2024-03-07 06:05:00,58,3,88
2024-03-07 06:10:00,42,2,89
2024-03-07 06:15:00,77,4,91
2024-03-07 06:20:00,65,3,89
2024-03-07 06:25:00,68,4,90
2024-03-07 06:30:00,69,2,98
2024-03-07 06:35:00,72,4,90
2024-03-07 06:40:00,61,3,90
2024-03-07 06:45:00,73,3,98
2024-03-07 06:50:00,74,4,95
2024-03-07 06:55:00,57,2,96
2024-03-07 07:00:00,88,4,94
2024-03-07 07:05:00,73,3,97
2024-03-07 07:10:00,82,3,99
2024-03-07 07:15:00,77,3,101
2024-03-07 07:20:00,69,3,97
2024-03-07 07:25:00,72,3,95
2024-03-07 07:30:00,90,3,96
2024-03-07 07:35:00,77,3,97
2024-03-07 07:40:00,78,3,98
2024-03-07 07:45:00,92,4,95
2024-03-07 07:50:00,80,3,100
2024-03-07 07:55:00,96,4,99
2024-03-07 08:00:00,76,3,98
2024-03-07 08:05:00,82,3,99
2024-03-07 08:10:00,72,3,98
2024-03-07 08:15:00,78,3,100
2024-03-07 08:20:00,77,2,101
2024-03-07 08:25:00,68,3,101
2024-03-07 08:30:00,73,3,102
2024-03-07 08:35:00,81,3,103
2024-03-07 08:40:00,92,3,103
2024-03-07 08:45:00,84,3,104
2024-03-07 08:50:00,102,4,97
2024-03-07 08:55:00,80,3,100
2024-03-07 09:00:00,68,2,97
2024-03-07 09:05:00,98,3,100
2024-03-07 09:10:00,97,3,99
2024-03-07 09:15:00,86,3,97
2024-03-07 09:20:00,106,4,100
2024-03-07 09:25:00,111,4,100
2024-03-07 09:30:00,106,3,98
2024-03-07 09:35:00,101,3,98
2024-03-07 09:40:00,93,3,102
2024-03-07 09:45:00,100,3,100
2024-03-07 09:50:00,106,3,101
2024-03-07 09:55:00,124,4,99
2024-03-07 10:00:00,111,4,96
2024-03-07 10:05:00,109,4,95
2024-03-07 10:10:00,112,4,98
2024-03-07 10:15:00,107,4,95
2024-03-07 10:20:00,119,4,97
2024-03-07 10:25:00,126,4,103
2024-03-07 10:30:00,115,4,100
2024-03-07 10:35:00,110,4,100
2024-03-07 10:40:00,120,4,98
2024-03-07 10:45:00,134,5,97
2024-03-07 10:50:00,106,3,100
2024-03-07 10:55:00,121,4,99
2024-03-07 11:00:00,104,4,99
2024-03-07 11:05:00,135,5,99
2024-03-07 11:10:00,116,4,98
2024-03-07 11:15:00,117,4,99
2024-03-07 11:20:00,137,5,102
2024-03-07 11:25:00,117,4,99
2024-03-07 11:30:00,126,4,99
2024-03-07 11:35:00,105,3,98
2024-03-07 11:40:00,132,4,99
2024-03-07 11:45:00,141,5,98
2024-03-07 11:50:00,146,5,100
2024-03-07 11:55:00,116,4,97
2024-03-07 12:00:00,147,5,96
2024-03-07 12:05:00,128,4,98
2024-03-07 12:10:00,123,4,99
2024-03-07 12:15:00,115,5,94
2024-03-07 12:20:00,136,5,96
2024-03-07 12:25:00,130,5,94
2024-03-07 12:30:00,140,5,97
2024-03-07 12:35:00,149,5,99
2024-03-07 12:40:00,119,5,97
2024-03-07 12:45:00,122,5,99
2024-03-07 12:50:00,101,3,98
2024-03-07 12:55:00,143,6,96
2024-03-07 13:00:00,141,5,95
2024-03-07 13:05:00,127,5,97
2024-03-07 13:10:00,136,5,98
2024-03-07 13:15:00,103,3,102
2024-03-07 13:20:00,108,4,100
2024-03-07 13:25:00,115,4,98
2024-03-07 13:30:00,118,5,96
2024-03-07 13:35:00,137,5,99
2024-03-07 13:40:00,120,5,95
2024-03-07 13:45:00,138,5,101
2024-03-07 13:50:00,115,5,94
2024-03-07 13:55:00,108,4,101
2024-03-07 14:00:00,143,5,97
2024-03-07 14:05:00,147,5,98
2024-03-07 14:10:00,128,5,100
2024-03-07 14:15:00,124,4,100
2024-03-07 14:20:00,126,4,100
2024-03-07 14:25:00,111,4,98
2024-03-07 14:30:00,127,4,98
2024-03-07 14:35:00,119,4,99
2024-03-07 14:40:00,148,5,104
2024-03-07 14:45:00,133,4,103
2024-03-07 14:50:00,134,5,100
2024-03-07 14:55:00,104,4,102
2024-03-07 15:00:00,125,4,101
2024-03-07 15:05:00,118,4,98
2024-03-07 15:10:00,132,5,101
2024-03-07 15:15:00,117,5,100
2024-03-07 15:20:00,106,3,106
2024-03-07 15:25:00,111,4,105
2024-03-07 15:30:00,122,4,102
2024-03-07 15:35:00,120,4,102
2024-03-07 15:40:00,110,3,104
2024-03-07 15:45:00,93,3,104
2024-03-07 15:50:00,148,5,105
2024-03-07 15:55:00,85,3,101
2024-03-07 16:00:00,105,3,105
2024-03-07 16:05:00,115,4,102
2024-03-07 16:10:00,87,3,102
2024-03-07 16:15:00,87,2,104
2024-03-07 16:20:00,97,3,101
2024-03-07 16:25:00,100,3,103
2024-03-07 16:30:00,86,3,98
2024-03-07 16:35:00,110,3,104
2024-03-07 16:40:00,105,3,102
2024-03-07 16:45:00,111,4,101
2024-03-07 16:50:00,100,3,100
2024-03-07 16:55:00,116,4,95
2024-03-07 17:00:00,128,4,96
2024-03-07 17:05:00,109,3,99
2024-03-07 17:10:00,112,4,97
2024-03-07 17:15:00,91,3,99
2024-03-07 17:20:00,82,2,103
2024-03-07 17:25:00,82,3,100
2024-03-07 17:30:00,98,4,96
2024-03-07 17:35:00,84,3,99
2024-03-07 17:40:00,99,4,96
2024-03-07 17:45:00,104,4,96
2024-03-07 17:50:00,95,3,100
2024-03-07 17:55:00,103,3,105
2024-03-07 18:00:00,98,3,101
2024-03-07 18:05:00,98,3,104
2024-03-07 18:10:00,95,3,105
2024-03-07 18:15:00,107,4,102
2024-03-07 18:20:00,73,2,102
2024-03-07 18:25:00,92,3,101
2024-03-07 18:30:00,79,3,95
2024-03-07 18:35:00,86,3,103
2024-03-07 18:40:00,64,2,97
2024-03-07 18:45:00,84,3,99
2024-03-07 18:50:00,83,3,97
2024-03-07 18:55:00,75,2,100
2024-03-07 19:00:00,77,3,97
2024-03-07 19:05:00,68,2,99
2024-03-07 19:10:00,76,3,96
2024-03-07 19:15:00,64,2,99
2024-03-07 19:20:00,68,3,99
2024-03-07 19:25:00,64,2,98
2024-03-07 19:30:00,84,3,93
2024-03-07 19:35:00,59,2,103
2024-03-07 19:40:00,73,2,100
2024-03-07 19:45:00,69,3,99
2024-03-07 19:50:00,69,3,97
2024-03-07 19:55:00,53,2,97
2024-03-07 20:00:00,59,3,96
2024-03-07 20:05:00,67,2,105
2024-03-07 20:10:00,55,2,100
2024-03-07 20:15:00,54,2,98
2024-03-07 20:20:00,50,2,96
2024-03-07 20:25:00,55,2,104
2024-03-07 20:30:00,52,2,98
2024-03-07 20:35:00,60,3,93
2024-03-07 20:40:00,59,2,98
2024-03-07 20:45:00,52,2,98
2024-03-07 20:50:00,73,3,94
2024-03-07 20:55:00,61,3,95
2024-03-07 21:00:00,47,2,97
2024-03-07 21:05:00,61,2,100
2024-03-07 21:10:00,55,2,101
2024-03-07 21:15:00,43,1,103
2024-03-07 21:20:00,35,2,91
2024-03-07 21:25:00,53,2,101
2024-03-07 21:30:00,54,2,96
2024-03-07 21:35:00,36,2,92
2024-03-07 21:40:00,39,2,92
2024-03-07 21:45:00,46,2,97
2024-03-07 21:50:00,52,3,94
2024-03-07 21:55:00,52,3,95
2024-03-07 22:00:00,47,2,98
2024-03-07 22:05:00,48,2,94
2024-03-07 22:10:00,50,3,93
2024-03-07 22:15:00,47,2,93
2024-03-07 22:20:00,44,2,94
2024-03-07 22:25:00,39,2,91
2024-03-07 22:30:00,28,2,91
2024-03-07 22:35:00,45,2,99
2024-03-07 22:40:00,34,2,99
2024-03-07 22:45:00,38,2,100
2024-03-07 22:50:00,39,2,95
2024-03-07 22:55:00,28,2,91
2024-03-07 23:00:00,27,2,98
2024-03-07 23:05:00,35,2,94
2024-03-07 23:10:00,29,2,94
2024-03-07 23:15:00,33,2,97
2024-03-07 23:20:00,31,2,95
2024-03-07 23:25:00,32,2,87
2024-03-07 23:30:00,37,2,91
2024-03-07 23:35:00,22,2,87
2024-03-07 23:40:00,36,2,93
2024-03-07 23:45:00,40,2,92
2024-03-07 23:50:00,25,2,93
2024-03-07 23:55:00,31,2,94
2024-03-08 00:00:00,27,2,92
2024-03-08 00:05:00,22,2,90
2024-03-08 00:10:00,21,2,89
2024-03-08 00:15:00,13,2,86
2024-03-08 00:20:00,21,2,95
2024-03-08 00:25:00,21,2,92
2024-03-08 00:30:00,16,2,90
2024-03-08 00:35:00,28,2,93
2024-03-08 00:40:00,18,1,100
2024-03-08 00:45:00,21,2,91
2024-03-08 00:50:00,14,1,94
2024-03-08 00:55:00,27,1,93
2024-03-08 01:00:00,23,2,86
2024-03-08 01:05:00,22,2,85
2024-03-08 01:10:00,20,2,86
2024-03-08 01:15:00,20,2,89
2024-03-08 01:20:00,22,2,88
2024-03-08 01:25:00,16,1,88
2024-03-08 01:30:00,14,2,85
2024-03-08 01:35:00,19,2,94
2024-03-08 01:40:00,15,2,92
2024-03-08 01:45:00,13,3,80
2024-03-08 01:50:00,15,2,86
2024-03-08 01:55:00,13,2,85
2024-03-08 02:00:00,16,1,91
2024-03-08 02:05:00,9,2,87
2024-03-08 02:10:00,14,1,83
2024-03-08 02:15:00,8,2,90
2024-03-08 02:20:00,15,2,82
2024-03-08 02:25:00,11,2,95
2024-03-08 02:30:00,14,2,91
2024-03-08 02:35:00,10,1,91
2024-03-08 02:40:00,17,2,89
2024-03-08 02:45:00,15,2,91
2024-03-08 02:50:00,19,3,84
2024-03-08 02:55:00,19,2,91
2024-03-08 03:00:00,21,2,86
2024-03-08 03:05:00,20,2,89
2024-03-08 03:10:00,14,2,89
2024-03-08 03:15:00,16,2,86
2024-03-08 03:20:00,16,2,92
2024-03-08 03:25:00,16,2,87
2024-03-08 03:30:00,23,3,85
2024-03-08 03:35:00,16,2,82
2024-03-08 03:40:00,20,2,91
2024-03-08 03:45:00,22,2,86
2024-03-08 03:50:00,25,2,89
2024-03-08 03:55:00,27,2,91
2024-03-08 04:00:00,22,2,95
2024-03-08 04:05:00,21,2,84
2024-03-08 04:10:00,19,2,89
2024-03-08 04:15:00,29,3,87
2024-03-08 04:20:00,27,3,85
2024-03-08 04:25:00,25,3,87
2024-03-08 04:30:00,22,2,97
2024-03-08 04:35:00,20,2,83
2024-03-08 04:40:00,28,2,81
2024-03-08 04:45:00,30,2,89
2024-03-08 04:50:00,35,3,86
2024-03-08 04:55:00,21,2,98
2024-03-08 05:00:00,35,4,85
2024-03-08 05:05:00,26,2,87
2024-03-08 05:10:00,40,3,89
2024-03-08 05:15:00,33,3,89
2024-03-08 05:20:00,42,3,88
2024-03-08 05:25:00,46,3,87
2024-03-08 05:30:00,49,4,84
2024-03-08 05:35:00,52,4,88
2024-03-08 05:40:00,33,3,89
2024-03-08 05:45:00,52,3,88
2024-03-08 05:50:00,64,4,91
2024-03-08 05:55:00,55,4,86
2024-03-08 06:00:00,51,3,93
2024-03-08 06:05:00,56,3,88
2024-03-08 06:10:00,50,3,93
2024-03-08 06:15:00,54,3,94
2024-03-08 06:20:00,51,2,93
2024-03-08 06:25:00,74,3,93
2024-03-08 06:30:00,55,3,97
2024-03-08 06:35:00,78,4,95
2024-03-08 06:40:00,75,3,95
2024-03-08 06:45:00,75,4,91
2024-03-08 06:50:00,62,4,94
2024-03-08 06:55:00,68,3,97
2024-03-08 07:00:00,62,3,96
2024-03-08 07:05:00,73,4,92
2024-03-08 07:10:00,79,4,93
2024-03-08 07:15:00,68,3,98
2024-03-08 07:20:00,104,4,101
2024-03-08 07:25:00,55,2,94
2024-03-08 07:30:00,92,4,97
2024-03-08 07:35:00,64,2,100
2024-03-08 07:40:00,83,3,99
2024-03-08 07:45:00,79,3,98
2024-03-08 07:50:00,72,3,96
2024-03-08 07:55:00,87,3,102
2024-03-08 08:00:00,72,2,100
2024-03-08 08:05:00,76,2,101
2024-03-08 08:10:00,89,3,101
2024-03-08 08:15:00,84,3,99
2024-03-08 08:20:00,78,3,100
2024-03-08 08:25:00,96,3,97
2024-03-08 08:30:00,84,3,98
2024-03-08 08:35:00,85,3,104
2024-03-08 08:40:00,75,3,99
2024-03-08 08:45:00,77,3,97
2024-03-08 08:50:00,79,3,104
2024-03-08 08:55:00,90,3,101
2024-03-08 09:00:00,84,3,103
2024-03-08 09:05:00,97,4,97
2024-03-08 09:10:00,118,4,103
2024-03-08 09:15:00,86,3,98
2024-03-08 09:20:00,118,4,102
2024-03-08 09:25:00,87,3,102
2024-03-08 09:30:00,121,4,101
2024-03-08 09:35:00,94,3,104
2024-03-08 09:40:00,108,4,104
2024-03-08 09:45:00,119,4,105
2024-03-08 09:50:00,78,3,104
2024-03-08 09:55:00,96,3,105
2024-03-08 10:00:00,105,3,104
2024-03-08 10:05:00,101,4,100
2024-03-08 10:10:00,101,3,105
2024-03-08 10:15:00,108,4,105
2024-03-08 10:20:00,112,4,102
2024-03-08 10:25:00,129,4,101
2024-03-08 10:30:00,105,3,103
2024-03-08 10:35:00,106,3,102
2024-03-08 10:40:00,101,3,102
2024-03-08 10:45:00,126,4,103
2024-03-08 10:50:00,138,4,102
2024-03-08 10:55:00,97,3,106
2024-03-08 11:00:00,116,4,101
2024-03-08 11:05:00,120,4,98
2024-03-08 11:10:00,112,4,105
2024-03-08 11:15:00,125,4,104
2024-03-08 11:20:00,149,5,104
2024-03-08 11:25:00,107,4,100
2024-03-08 11:30:00,137,4,102
2024-03-08 11:35:00,142,5,99
2024-03-08 11:40:00,125,4,107
2024-03-08 11:45:00,141,5,102
2024-03-08 11:50:00,131,5,103
2024-03-08 11:55:00,132,5,101
2024-03-08 12:00:00,123,5,98
2024-03-08 12:05:00,127,5,103
2024-03-08 12:10:00,144,5,99
2024-03-08 12:15:00,130,5,100
2024-03-08 12:20:00,148,6,101
2024-03-08 12:25:00,133,5,99
2024-03-08 12:30:00,137,5,99
2024-03-08 12:35:00,129,5,104
2024-03-08 12:40:00,122,4,103
2024-03-08 12:45:00,152,5,103
2024-03-08 12:50:00,133,5,101
2024-03-08 12:55:00,120,4,106
2024-03-08 13:00:00,125,5,100
2024-03-08 13:05:00,137,5,103
2024-03-08 13:10:00,139,5,104
2024-03-08 13:15:00,128,4,103
2024-03-08 13:20:00,142,5,105
2024-03-08 13:25:00,125,4,99
2024-03-08 13:30:00,94,3,102
2024-03-08 13:35:00,132,4,102
2024-03-08 13:40:00,128,4,103
2024-03-08 13:45:00,140,5,100
2024-03-08 13:50:00,138,5,101
2024-03-08 13:55:00,130,5,103
2024-03-08 14:00:00,144,5,103
2024-03-08 14:05:00,158,5,102
2024-03-08 14:10:00,130,4,102
2024-03-08 14:15:00,121,4,104
2024-03-08 14:20:00,154,5,104
2024-03-08 14:25:00,146,5,102
2024-03-08 14:30:00,153,5,105
2024-03-08 14:35:00,136,4,102
2024-03-08 14:40:00,164,5,106
2024-03-08 14:45:00,151,5,105
2024-03-08 14:50:00,152,5,107
2024-03-08 14:55:00,139,4,105
2024-03-08 15:00:00,156,5,105
2024-03-08 15:05:00,153,5,107
2024-03-08 15:10:00,175,6,106
2024-03-08 15:15:00,120,3,107
2024-03-08 15:20:00,178,6,104
2024-03-08 15:25:00,177,5,104
2024-03-08 15:30:00,169,5,107
2024-03-08 15:35:00,140,4,109
2024-03-08 15:40:00,158,5,106
2024-03-08 15:45:00,130,4,105
2024-03-08 15:50:00,170,5,108
2024-03-08 15:55:00,150,4,105
2024-03-08 16:00:00,161,5,106
2024-03-08 16:05:00,171,5,109
2024-03-08 16:10:00,176,5,103
2024-03-08 16:15:00,158,4,108
2024-03-08 16:20:00,137,4,104
2024-03-08 16:25:00,144,4,109
2024-03-08 16:30:00,172,5,105
2024-03-08 16:35:00,141,4,104
2024-03-08 16:40:00,152,4,107
2024-03-08 16:45:00,177,5,110
2024-03-08 16:50:00,147,4,106
2024-03-08 16:55:00,138,4,109
2024-03-08 17:00:00,154,4,108
2024-03-08 17:05:00,170,5,106
2024-03-08 17:10:00,195,6,103
2024-03-08 17:15:00,170,5,106
2024-03-08 17:20:00,155,4,107
2024-03-08 17:25:00,155,4,110
2024-03-08 17:30:00,130,3,107
2024-03-08 17:35:00,152,4,108
2024-03-08 17:40:00,137,4,107
2024-03-08 17:45:00,142,4,107
2024-03-08 17:50:00,185,5,105
2024-03-08 17:55:00,152,4,110
2024-03-08 18:00:00,136,3,110
2024-03-08 18:05:00,167,5,105
2024-03-08 18:10:00,145,4,105
2024-03-08 18:15:00,168,5,106
2024-03-08 18:20:00,145,4,107
2024-03-08 18:25:00,137,4,107
2024-03-08 18:30:00,160,5,104
2024-03-08 18:35:00,149,4,102
2024-03-08 18:40:00,178,5,103
2024-03-08 18:45:00,181,5,103
2024-03-08 18:50:00,166,5,106
2024-03-08 18:55:00,132,4,102
2024-03-08 19:00:00,125,3,106
2024-03-08 19:05:00,132,3,106
2024-03-08 19:10:00,113,3,109
2024-03-08 19:15:00,108,3,108
2024-03-08 19:20:00,135,4,103
2024-03-08 19:25:00,116,3,106
2024-03-08 19:30:00,133,4,106
2024-03-08 19:35:00,124,3,105
2024-03-08 19:40:00,137,4,104
2024-03-08 19:45:00,119,3,106
2024-03-08 19:50:00,139,4,107
2024-03-08 19:55:00,113,3,105
2024-03-08 20:00:00,123,3,106
2024-03-08 20:05:00,133,4,106
2024-03-08 20:10:00,105,3,109
2024-03-08 20:15:00,108,3,108
2024-03-08 20:20:00,99,3,106
2024-03-08 20:25:00,136,4,105
2024-03-08 20:30:00,84,2,107
2024-03-08 20:35:00,100,2,103
2024-03-08 20:40:00,104,3,104
2024-03-08 20:45:00,105,3,108
2024-03-08 20:50:00,88,2,108
2024-03-08 20:55:00,105,3,105
2024-03-08 21:00:00,91,3,106
2024-03-08 21:05:00,85,2,112
2024-03-08 21:10:00,93,3,104
2024-03-08 21:15:00,78,2,104
2024-03-08 21:20:00,108,3,106
2024-03-08 21:25:00,73,2,106
2024-03-08 21:30:00,64,2,103
2024-03-08 21:35:00,67,2,104
2024-03-08 21:40:00,73,2,103
2024-03-08 21:45:00,84,3,108
2024-03-08 21:50:00,65,2,104
2024-03-08 21:55:00,73,2,106
2024-03-08 22:00:00,66,2,104
2024-03-08 22:05:00,67,2,102
2024-03-08 22:10:00,63,2,104
2024-03-08 22:15:00,65,2,108
2024-03-08 22:20:00,54,2,104
2024-03-08 22:25:00,70,2,103
2024-03-08 22:30:00,52,2,104
2024-03-08 22:35:00,66,2,108
2024-03-08 22:40:00,61,2,102
2024-03-08 22:45:00,45,1,107
2024-03-08 22:50:00,54,2,105
2024-03-08 22:55:00,57,2,99
2024-03-08 23:00:00,62,2,100
2024-03-08 23:05:00,50,2,108
2024-03-08 23:10:00,53,2,105
2024-03-08 23:15:00,35,2,98
2024-03-08 23:20:00,46,1,108
2024-03-08 23:25:00,44,2,94
2024-03-08 23:30:00,43,1,102
2024-03-08 23:35:00,50,2,104
2024-03-08 23:40:00,49,2,99
2024-03-08 23:45:00,39,2,103
2024-03-08 23:50:00,43,1,109
2024-03-08 23:55:00,33,1,101
2024-03-09 00:00:00,33,1,98
2024-03-09 00:05:00,34,2,103
2024-03-09 00:10:00,31,1,103
2024-03-09 00:15:00,24,1,108
2024-03-09 00:20:00,38,1,101
2024-03-09 00:25:00,26,1,100
2024-03-09 00:30:00,24,1,103
2024-03-09 00:35:00,27,1,100
2024-03-09 00:40:00,28,1,99
2024-03-09 00:45:00,27,2,94
2024-03-09 00:50:00,23,1,95
2024-03-09 00:55:00,23,1,95
2024-03-09 01:00:00,25,1,99
2024-03-09 01:05:00,31,2,94
2024-03-09 01:10:00,23,1,95
2024-03-09 01:15:00,22,2,92
2024-03-09 01:20:00,18,1,92
2024-03-09 01:25:00,22,2,93
2024-03-09 01:30:00,18,2,91
2024-03-09 01:35:00,15,1,95
2024-03-09 01:40:00,18,1,97
2024-03-09 01:45:00,14,1,92
2024-03-09 01:50:00,12,1,94
2024-03-09 01:55:00,15,2,89
2024-03-09 02:00:00,12,1,92
2024-03-09 02:05:00,14,1,89
2024-03-09 02:10:00,19,1,97
2024-03-09 02:15:00,12,2,86
2024-03-09 02:20:00,21,1,95
2024-03-09 02:25:00,20,2,89
2024-03-09 02:30:00,21,2,87
2024-03-09 02:35:00,12,2,94
2024-03-09 02:40:00,26,2,99
2024-03-09 02:45:00,26,2,88
2024-03-09 02:50:00,10,1,87
2024-03-09 02:55:00,12,2,92
2024-03-09 03:00:00,9,1,91
2024-03-09 03:05:00,7,1,99
2024-03-09 03:10:00,19,2,83
2024-03-09 03:15:00,17,3,86
2024-03-09 03:20:00,21,2,92
2024-03-09 03:25:00,24,3,90
2024-03-09 03:30:00,19,2,91
2024-03-09 03:35:00,15,2,84
2024-03-09 03:40:00,16,2,88
2024-03-09 03:45:00,15,1,88
2024-03-09 03:50:00,14,2,85
2024-03-09 03:55:00,18,1,94
2024-03-09 04:00:00,18,2,91
2024-03-09 04:05:00,26,2,83
2024-03-09 04:10:00,25,2,93
2024-03-09 04:15:00,21,2,90
2024-03-09 04:20:00,13,1,86
2024-03-09 04:25:00,11,2,85
2024-03-09 04:30:00,15,2,87
2024-03-09 04:35:00,21,2,89
2024-03-09 04:40:00,18,2,93
2024-03-09 04:45:00,28,2,93
2024-03-09 04:50:00,20,2,92
2024-03-09 04:55:00,31,3,85
2024-03-09 05:00:00,13,2,79
2024-03-09 05:05:00,25,2,89
2024-03-09 05:10:00,26,2,95
2024-03-09 05:15:00,28,2,91
2024-03-09 05:20:00,24,2,89
2024-03-09 05:25:00,31,3,85
2024-03-09 05:30:00,24,2,90
2024-03-09 05:35:00,33,2,95
2024-03-09 05:40:00,40,2,95
2024-03-09 05:45:00,42,2,94
2024-03-09 05:50:00,35,3,89
2024-03-09 05:55:00,47,3,96
2024-03-09 06:00:00,35,2,97
2024-03-09 06:05:00,47,2,93
2024-03-09 06:10:00,34,2,98
2024-03-09 06:15:00,49,3,93
2024-03-09 06:20:00,52,2,97
2024-03-09 06:25:00,64,2,103
2024-03-09 06:30:00,45,2,95
2024-03-09 06:35:00,63,2,100
2024-03-09 06:40:00,61,2,99
2024-03-09 06:45:00,42,2,90
2024-03-09 06:50:00,57,2,96
2024-03-09 06:55:00,49,2,99
2024-03-09 07:00:00,42,2,103
2024-03-09 07:05:00,43,2,97
2024-03-09 07:10:00,55,2,99
2024-03-09 07:15:00,63,3,104
2024-03-09 07:20:00,57,2,104
2024-03-09 07:25:00,56,2,99
2024-03-09 07:30:00,56,2,105
2024-03-09 07:35:00,57,2,112
2024-03-09 07:40:00,71,3,102
2024-03-09 07:45:00,49,2,105
2024-03-09 07:50:00,56,2,105
2024-03-09 07:55:00,57,2,106
2024-03-09 08:00:00,74,2,107
2024-03-09 08:05:00,67,2,100
2024-03-09 08:10:00,63,2,104
2024-03-09 08:15:00,61,2,107
2024-03-09 08:20:00,70,2,107
2024-03-09 08:25:00,54,2,103
2024-03-09 08:30:00,71,2,111
2024-03-09 08:35:00,80,2,105
2024-03-09 08:40:00,94,3,106
2024-03-09 08:45:00,84,3,110
2024-03-09 08:50:00,89,2,108
2024-03-09 08:55:00,93,2,110
2024-03-09 09:00:00,102,3,106
2024-03-09 09:05:00,89,3,106
2024-03-09 09:10:00,91,2,112
2024-03-09 09:15:00,102,3,107
2024-03-09 09:20:00,125,3,109
2024-03-09 09:25:00,107,3,108
2024-03-09 09:30:00,109,3,108
2024-03-09 09:35:00,106,3,106
2024-03-09 09:40:00,119,3,109
2024-03-09 09:45:00,116,3,106
2024-03-09 09:50:00,119,3,105
2024-03-09 09:55:00,123,3,110
2024-03-09 10:00:00,131,3,106
2024-03-09 10:05:00,158,4,106
2024-03-09 10:10:00,138,4,108
2024-03-09 10:15:00,153,4,110
2024-03-09 10:20:00,148,4,107
2024-03-09 10:25:00,176,5,109
2024-03-09 10:30:00,157,4,108
2024-03-09 10:35:00,150,4,110
2024-03-09 10:40:00,150,4,104
2024-03-09 10:45:00,205,5,109
2024-03-09 10:50:00,166,4,106
2024-03-09 10:55:00,179,5,108
2024-03-09 11:00:00,174,4,110
2024-03-09 11:05:00,199,5,108
2024-03-09 11:10:00,173,4,108
2024-03-09 11:15:00,181,5,106
2024-03-09 11:20:00,169,4,106
2024-03-09 11:25:00,173,5,107
2024-03-09 11:30:00,185,5,109
2024-03-09 11:35:00,200,5,109
2024-03-09 11:40:00,163,4,111
2024-03-09 11:45:00,178,4,107
2024-03-09 11:50:00,184,5,109
2024-03-09 11:55:00,203,5,106
2024-03-09 12:00:00,195,5,106
2024-03-09 12:05:00,147,4,106
2024-03-09 12:10:00,172,5,106
2024-03-09 12:15:00,164,4,106
2024-03-09 12:20:00,160,5,106
2024-03-09 12:25:00,176,4,108
2024-03-09 12:30:00,180,5,107
2024-03-09 12:35:00,177,5,109
2024-03-09 12:40:00,154,4,107
2024-03-09 12:45:00,177,5,107
2024-03-09 12:50:00,154,4,111
2024-03-09 12:55:00,186,5,104
2024-03-09 13:00:00,177,4,109
2024-03-09 13:05:00,172,4,107
2024-03-09 13:10:00,143,3,108
2024-03-09 13:15:00,156,4,112
2024-03-09 13:20:00,157,4,109
2024-03-09 13:25:00,166,4,111
2024-03-09 13:30:00,143,3,111
2024-03-09 13:35:00,157,4,108
2024-03-09 13:40:00,164,4,110
2024-03-09 13:45:00,160,4,105
2024-03-09 13:50:00,182,5,109
2024-03-09 13:55:00,143,4,108
2024-03-09 14:00:00,149,4,110
2024-03-09 14:05:00,132,3,109
2024-03-09 14:10:00,170,4,109
2024-03-09 14:15:00,150,4,110
2024-03-09 14:20:00,147,3,112
2024-03-09 14:25:00,175,4,111
2024-03-09 14:30:00,142,4,110
2024-03-09 14:35:00,170,4,107
2024-03-09 14:40:00,179,4,109
2024-03-09 14:45:00,159,4,112
2024-03-09 14:50:00,181,4,110
2024-03-09 14:55:00,152,4,112
2024-03-09 15:00:00,205,5,110
2024-03-09 15:05:00,147,4,107
2024-03-09 15:10:00,168,4,112
2024-03-09 15:15:00,161,4,109
2024-03-09 15:20:00,158,4,109
2024-03-09 15:25:00,180,4,111
2024-03-09 15:30:00,154,4,109
2024-03-09 15:35:00,156,4,109
2024-03-09 15:40:00,176,4,109
2024-03-09 15:45:00,162,4,112
2024-03-09 15:50:00,162,4,109
2024-03-09 15:55:00,172,4,112
2024-03-09 16:00:00,186,4,108
2024-03-09 16:05:00,174,4,115
2024-03-09 16:10:00,193,5,107
2024-03-09 16:15:00,157,4,109
2024-03-09 16:20:00,162,4,109
2024-03-09 16:25:00,164,4,108
2024-03-09 16:30:00,162,4,110
2024-03-09 16:35:00,169,4,109
2024-03-09 16:40:00,170,4,108
2024-03-09 16:45:00,164,4,107
2024-03-09 16:50:00,173,4,111
2024-03-09 16:55:00,194,5,110
2024-03-09 17:00:00,178,5,105
2024-03-09 17:05:00,183,5,108
2024-03-09 17:10:00,161,4,109
2024-03-09 17:15:00,175,4,105
2024-03-09 17:20:00,145,3,109
2024-03-09 17:25:00,158,4,107
2024-03-09 17:30:00,137,3,107
2024-03-09 17:35:00,158,4,106
2024-03-09 17:40:00,148,3,111
2024-03-09 17:45:00,141,3,109
2024-03-09 17:50:00,139,3,106
2024-03-09 17:55:00,152,4,109
2024-03-09 18:00:00,119,3,107
2024-03-09 18:05:00,137,3,109
2024-03-09 18:10:00,115,3,108
2024-03-09 18:15:00,128,3,111
2024-03-09 18:20:00,100,2,109
2024-03-09 18:25:00,107,3,109
2024-03-09 18:30:00,104,3,108
2024-03-09 18:35:00,110,3,106
2024-03-09 18:40:00,132,3,109
2024-03-09 18:45:00,101,3,103
2024-03-09 18:50:00,101,3,103
2024-03-09 18:55:00,105,3,108
2024-03-09 19:00:00,83,2,106
2024-03-09 19:05:00,83,2,104
2024-03-09 19:10:00,94,2,108
2024-03-09 19:15:00,92,2,106
2024-03-09 19:20:00,79,2,107
2024-03-09 19:25:00,81,2,108
2024-03-09 19:30:00,84,2,104
2024-03-09 19:35:00,71,2,107
2024-03-09 19:40:00,80,2,101
2024-03-09 19:45:00,68,2,107
2024-03-09 19:50:00,83,2,103
2024-03-09 19:55:00,70,2,107
2024-03-09 20:00:00,78,2,107
2024-03-09 20:05:00,69,2,105
2024-03-09 20:10:00,84,2,110
2024-03-09 20:15:00,78,2,107
2024-03-09 20:20:00,75,2,106
2024-03-09 20:25:00,75,2,107
2024-03-09 20:30:00,73,2,104
2024-03-09 20:35:00,73,2,104
2024-03-09 20:40:00,76,2,104
2024-03-09 20:45:00,74,2,106
2024-03-09 20:50:00,93,2,110
2024-03-09 20:55:00,78,2,109
2024-03-09 21:00:00,71,2,107
2024-03-09 21:05:00,69,2,104
2024-03-09 21:10:00,82,2,103
2024-03-09 21:15:00,54,1,104
2024-03-09 21:20:00,50,1,102
2024-03-09 21:25:00,75,2,102
2024-03-09 21:30:00,44,1,102
2024-03-09 21:35:00,60,2,102
2024-03-09 21:40:00,80,2,106
2024-03-09 21:45:00,47,1,103
2024-03-09 21:50:00,60,2,104
2024-03-09 21:55:00,56,1,112
2024-03-09 22:00:00,42,1,105
2024-03-09 22:05:00,58,2,105
2024-03-09 22:10:00,56,1,108
2024-03-09 22:15:00,50,1,106
2024-03-09 22:20:00,48,1,105
2024-03-09 22:25:00,39,1,107
2024-03-09 22:30:00,48,1,103
2024-03-09 22:35:00,36,1,113
2024-03-09 22:40:00,38,1,107
2024-03-09 22:45:00,33,1,103
2024-03-09 22:50:00,37,1,103
2024-03-09 22:55:00,31,1,106
2024-03-09 23:00:00,34,1,103
2024-03-09 23:05:00,31,1,109
2024-03-09 23:10:00,36,1,104
2024-03-09 23:15:00,28,2,100
2024-03-09 23:20:00,17,0,108
2024-03-09 23:25:00,26,1,103
2024-03-09 23:30:00,16,0,104
2024-03-09 23:35:00,33,1,108
2024-03-09 23:40:00,27,1,97
2024-03-09 23:45:00,14,0,111
2024-03-09 23:50:00,20,1,118
2024-03-09 23:55:00,21,1,102
2024-03-10 00:00:00,27,1,105
2024-03-10 00:05:00,16,1,103
2024-03-10 00:10:00,16,1,103
2024-03-10 00:15:00,11,0,104
2024-03-10 00:20:00,13,1,106
2024-03-10 00:25:00,22,1,104
2024-03-10 00:30:00,22,1,98
2024-03-10 00:35:00,18,1,112
2024-03-10 00:40:00,11,1,95
2024-03-10 00:45:00,9,1,100
2024-03-10 00:50:00,16,1,109
2024-03-10 00:55:00,14,1,102
2024-03-10 01:00:00,20,1,99
2024-03-10 01:05:00,8,1,96
2024-03-10 01:10:00,11,1,119
2024-03-10 01:15:00,8,1,98
2024-03-10 01:20:00,18,1,98
2024-03-10 01:25:00,8,1,97
2024-03-10 01:30:00,13,1,102
2024-03-10 01:35:00,13,1,84
2024-03-10 01:40:00,17,1,104
2024-03-10 01:45:00,9,0,96
2024-03-10 01:50:00,9,1,110
2024-03-10 01:55:00,11,1,98
2024-03-10 02:00:00,7,1,89
2024-03-10 02:05:00,6,1,101
2024-03-10 02:10:00,11,1,98
2024-03-10 02:15:00,15,1,101
2024-03-10 02:20:00,10,1,99
2024-03-10 02:25:00,9,0,109
2024-03-10 02:30:00,8,0,98
2024-03-10 02:35:00,9,0,100
2024-03-10 02:40:00,8,1,96
2024-03-10 02:45:00,9,1,99
2024-03-10 02:50:00,7,1,105
2024-03-10 02:55:00,8,1,100
2024-03-10 03:00:00,2,1,100
2024-03-10 03:05:00,6,1,89
2024-03-10 03:10:00,14,1,103
2024-03-10 03:15:00,5,1,106
2024-03-10 03:20:00,8,1,100
2024-03-10 03:25:00,9,1,106
2024-03-10 03:30:00,14,1,101
2024-03-10 03:35:00,9,1,108
2024-03-10 03:40:00,9,1,95
2024-03-10 03:45:00,2,0,104
2024-03-10 03:50:00,3,1,100
2024-03-10 03:55:00,5,1,84
2024-03-10 04:00:00,6,1,108
2024-03-10 04:05:00,7,1,91
2024-03-10 04:10:00,7,1,91
2024-03-10 04:15:00,7,0,97
2024-03-10 04:20:00,10,1,105
2024-03-10 04:25:00,7,1,92
2024-03-10 04:30:00,7,1,95
2024-03-10 04:35:00,11,1,96
2024-03-10 04:40:00,7,1,107
2024-03-10 04:45:00,7,0,113
2024-03-10 04:50:00,7,2,89
2024-03-10 04:55:00,6,1,100
2024-03-10 05:00:00,11,1,104
2024-03-10 05:05:00,14,1,98
2024-03-10 05:10:00,5,1,102
2024-03-10 05:15:00,13,1,102
2024-03-10 05:20:00,14,1,94
2024-03-10 05:25:00,9,1,101
2024-03-10 05:30:00,16,1,98
2024-03-10 05:35:00,22,1,93
2024-03-10 05:40:00,11,1,97
2024-03-10 05:45:00,15,1,99
2024-03-10 05:50:00,14,1,93
2024-03-10 05:55:00,22,1,98
2024-03-10 06:00:00,20,1,95
2024-03-10 06:05:00,15,1,98
2024-03-10 06:10:00,22,1,100
2024-03-10 06:15:00,17,1,99
2024-03-10 06:20:00,14,1,100
2024-03-10 06:25:00,28,1,96
2024-03-10 06:30:00,18,1,109
2024-03-10 06:35:00,22,1,104
2024-03-10 06:40:00,23,1,110
2024-03-10 06:45:00,19,1,103
2024-03-10 06:50:00,29,1,104
2024-03-10 06:55:00,21,1,110
2024-03-10 07:00:00,29,1,108
2024-03-10 07:05:00,22,1,106
2024-03-10 07:10:00,16,1,98
2024-03-10 07:15:00,27,1,108
2024-03-10 07:20:00,30,1,111
2024-03-10 07:25:00,22,1,110
2024-03-10 07:30:00,28,1,107
2024-03-10 07:35:00,30,1,98
2024-03-10 07:40:00,35,1,113
2024-03-10 07:45:00,28,1,112
2024-03-10 07:50:00,31,1,110
2024-03-10 07:55:00,28,1,105
2024-03-10 08:00:00,35,1,110
2024-03-10 08:05:00,32,1,115
2024-03-10 08:10:00,23,1,103
2024-03-10 08:15:00,28,1,104
2024-03-10 08:20:00,50,1,104
2024-03-10 08:25:00,37,1,108
2024-03-10 08:30:00,49,2,103
2024-03-10 08:35:00,44,1,106
2024-03-10 08:40:00,43,1,112
2024-03-10 08:45:00,51,1,111
2024-03-10 08:50:00,48,1,110
2024-03-10 08:55:00,40,1,105
2024-03-10 09:00:00,57,1,108
2024-03-10 09:05:00,64,1,112
2024-03-10 09:10:00,79,2,107
2024-03-10 09:15:00,61,2,113
2024-03-10 09:20:00,67,2,108
2024-03-10 09:25:00,89,2,110
2024-03-10 09:30:00,55,1,112
2024-03-10 09:35:00,100,2,105
2024-03-10 09:40:00,54,1,109
2024-03-10 09:45:00,69,1,110
2024-03-10 09:50:00,78,2,111
2024-03-10 09:55:00,73,2,106
2024-03-10 10:00:00,79,2,113
2024-03-10 10:05:00,99,3,108
2024-03-10 10:10:00,99,3,106
2024-03-10 10:15:00,108,3,106
2024-03-10 10:20:00,95,2,109
2024-03-10 10:25:00,117,3,106
2024-03-10 10:30:00,128,3,108
2024-03-10 10:35:00,116,3,110
2024-03-10 10:40:00,132,3,108
2024-03-10 10:45:00,136,3,106
2024-03-10 10:50:00,111,3,109
2024-03-10 10:55:00,134,3,105
2024-03-10 11:00:00,143,3,108
2024-03-10 11:05:00,149,4,105
2024-03-10 11:10:00,144,3,107
2024-03-10 11:15:00,124,3,110
2024-03-10 11:20:00,128,3,110
2024-03-10 11:25:00,152,4,109
2024-03-10 11:30:00,142,3,107
2024-03-10 11:35:00,144,3,107
2024-03-10 11:40:00,122,3,109
2024-03-10 11:45:00,115,3,109
2024-03-10 11:50:00,140,3,111
2024-03-10 11:55:00,119,3,112
2024-03-10 12:00:00,131,3,108
2024-03-10 12:05:00,161,4,109
2024-03-10 12:10:00,128,3,109
2024-03-10 12:15:00,158,4,111
2024-03-10 12:20:00,133,3,111
2024-03-10 12:25:00,131,3,107
2024-03-10 12:30:00,134,3,108
2024-03-10 12:35:00,140,3,109
2024-03-10 12:40:00,110,3,112
2024-03-10 12:45:00,145,4,106
2024-03-10 12:50:00,152,4,112
2024-03-10 12:55:00,135,3,112
2024-03-10 13:00:00,135,3,108
2024-03-10 13:05:00,124,3,111
2024-03-10 13:10:00,137,3,112
2024-03-10 13:15:00,115,3,111
2024-03-10 13:20:00,151,3,111
2024-03-10 13:25:00,127,3,112
2024-03-10 13:30:00,146,4,110
2024-03-10 13:35:00,140,3,114
2024-03-10 13:40:00,121,3,112
2024-03-10 13:45:00,141,3,108
2024-03-10 13:50:00,133,3,110
2024-03-10 13:55:00,151,3,111
2024-03-10 14:00:00,143,4,107
2024-03-10 14:05:00,149,4,110
2024-03-10 14:10:00,146,3,112
2024-03-10 14:15:00,168,4,112
2024-03-10 14:20:00,127,3,111
2024-03-10 14:25:00,176,4,109
2024-03-10 14:30:00,158,4,111
2024-03-10 14:35:00,149,3,111
2024-03-10 14:40:00,148,3,109
2024-03-10 14:45:00,185,5,108
2024-03-10 14:50:00,164,4,112
2024-03-10 14:55:00,176,4,111
2024-03-10 15:00:00,155,4,111
2024-03-10 15:05:00,153,3,110
2024-03-10 15:10:00,167,4,112
2024-03-10 15:15:00,146,3,108
2024-03-10 15:20:00,158,4,111
2024-03-10 15:25:00,172,4,112
2024-03-10 15:30:00,143,3,110
2024-03-10 15:35:00,175,4,115
2024-03-10 15:40:00,191,4,111
2024-03-10 15:45:00,141,3,110
2024-03-10 15:50:00,143,3,110
2024-03-10 15:55:00,185,4,111
2024-03-10 16:00:00,200,5,112
2024-03-10 16:05:00,177,4,111
2024-03-10 16:10:00,184,4,109
2024-03-10 16:15:00,176,4,112
2024-03-10 16:20:00,151,4,110
2024-03-10 16:25:00,203,5,110
2024-03-10 16:30:00,181,4,112
2024-03-10 16:35:00,155,4,112
2024-03-10 16:40:00,183,4,111
2024-03-10 16:45:00,177,4,108
2024-03-10 16:50:00,156,4,109
2024-03-10 16:55:00,183,4,111
2024-03-10 17:00:00,187,4,110
2024-03-10 17:05:00,177,4,108
2024-03-10 17:10:00,143,4,110
2024-03-10 17:15:00,210,5,110
2024-03-10 17:20:00,162,4,109
2024-03-10 17:25:00,149,4,109
2024-03-10 17:30:00,169,4,106
2024-03-10 17:35:00,174,4,108
2024-03-10 17:40:00,159,4,108
2024-03-10 17:45:00,159,4,111
2024-03-10 17:50:00,156,3,110
2024-03-10 17:55:00,140,3,110
2024-03-10 18:00:00,145,3,108
2024-03-10 18:05:00,140,3,111
2024-03-10 18:10:00,145,4,110
2024-03-10 18:15:00,142,4,106
2024-03-10 18:20:00,186,4,109
2024-03-10 18:25:00,116,3,109
2024-03-10 18:30:00,148,4,108
2024-03-10 18:35:00,145,4,106
2024-03-10 18:40:00,134,4,108
2024-03-10 18:45:00,120,3,106
2024-03-10 18:50:00,132,3,105
2024-03-10 18:55:00,137,3,108
2024-03-10 19:00:00,146,4,105
2024-03-10 19:05:00,130,3,104
2024-03-10 19:10:00,137,4,104
2024-03-10 19:15:00,139,3,107
2024-03-10 19:20:00,121,3,103
2024-03-10 19:25:00,120,3,107
2024-03-10 19:30:00,108,3,103
2024-03-10 19:35:00,87,2,104
2024-03-10 19:40:00,118,3,107
2024-03-10 19:45:00,96,3,104
2024-03-10 19:50:00,99,2,108
2024-03-10 19:55:00,105,2,107
2024-03-10 20:00:00,106,3,106
2024-03-10 20:05:00,110,3,101
2024-03-10 20:10:00,103,3,105
2024-03-10 20:15:00,104,3,108
2024-03-10 20:20:00,76,2,105
2024-03-10 20:25:00,91,2,104
2024-03-10 20:30:00,114,3,107
2024-03-10 20:35:00,98,2,112
2024-03-10 20:40:00,112,3,107
2024-03-10 20:45:00,74,2,108
2024-03-10 20:50:00,90,2,107
2024-03-10 20:55:00,79,2,108
2024-03-10 21:00:00,83,2,107
2024-03-10 21:05:00,99,3,107
2024-03-10 21:10:00,71,2,103
2024-03-10 21:15:00,66,1,109
2024-03-10 21:20:00,67,2,107
2024-03-10 21:25:00,72,2,104
2024-03-10 21:30:00,80,2,103
2024-03-10 21:35:00,94,2,104
2024-03-10 21:40:00,81,2,109
2024-03-10 21:45:00,70,2,103
2024-03-10 21:50:00,74,2,105
2024-03-10 21:55:00,56,2,108
2024-03-10 22:00:00,73,2,106
2024-03-10 22:05:00,67,2,107
2024-03-10 22:10:00,50,1,108
2024-03-10 22:15:00,72,2,106
2024-03-10 22:20:00,53,1,113
2024-03-10 22:25:00,63,2,104
2024-03-10 22:30:00,54,1,110
2024-03-10 22:35:00,52,2,102
2024-03-10 22:40:00,46,1,104
2024-03-10 22:45:00,47,1,101
2024-03-10 22:50:00,54,2,105
2024-03-10 22:55:00,45,1,102
2024-03-10 23:00:00,36,2,97
2024-03-10 23:05:00,34,1,104
2024-03-10 23:10:00,49,2,102
2024-03-10 23:15:00,43,1,106
2024-03-10 23:20:00,50,2,101
2024-03-10 23:25:00,28,1,111
2024-03-10 23:30:00,35,2,99
2024-03-10 23:35:00,31,1,100
2024-03-10 23:40:00,31,1,98
2024-03-10 23:45:00,22,1,100
2024-03-10 23:50:00,35,1,101
2024-03-10 23:55:00,27,1,103
2024-03-11 00:00:00,21,1,96
2024-03-11 00:05:00,25,1,105
2024-03-11 00:10:00,28,1,105
2024-03-11 00:15:00,25,1,101
2024-03-11 00:20:00,21,1,97
2024-03-11 00:25:00,22,1,100
2024-03-11 00:30:00,20,1,99
2024-03-11 00:35:00,22,2,93
2024-03-11 00:40:00,23,1,101
2024-03-11 00:45:00,24,1,98
2024-03-11 00:50:00,8,1,95
2024-03-11 00:55:00,17,1,92
2024-03-11 01:00:00,16,1,96
2024-03-11 01:05:00,12,1,95
2024-03-11 01:10:00,14,2,93
2024-03-11 01:15:00,23,1,101
2024-03-11 01:20:00,20,1,98
2024-03-11 01:25:00,11,1,99
2024-03-11 01:30:00,17,2,89
2024-03-11 01:35:00,18,1,99
2024-03-11 01:40:00,13,1,96
2024-03-11 01:45:00,19,1,99
2024-03-11 01:50:00,13,2,89
2024-03-11 01:55:00,10,1,99
2024-03-11 02:00:00,7,1,92
2024-03-11 02:05:00,14,1,98
2024-03-11 02:10:00,17,2,92
2024-03-11 02:15:00,12,2,86
2024-03-11 02:20:00,11,1,86
2024-03-11 02:25:00,12,2,95
2024-03-11 02:30:00,13,1,92
2024-03-11 02:35:00,8,1,88
2024-03-11 02:40:00,8,1,83
2024-03-11 02:45:00,13,1,97
2024-03-11 02:50:00,8,1,96
2024-03-11 02:55:00,13,1,96
2024-03-11 03:00:00,5,1,93
2024-03-11 03:05:00,12,1,92
2024-03-11 03:10:00,12,2,83
2024-03-11 03:15:00,12,1,91
2024-03-11 03:20:00,9,2,86
2024-03-11 03:25:00,16,1,94
2024-03-11 03:30:00,7,2,79
2024-03-11 03:35:00,12,1,91
2024-03-11 03:40:00,15,1,97
2024-03-11 03:45:00,18,2,94
2024-03-11 03:50:00,17,2,87
2024-03-11 03:55:00,19,1,95
2024-03-11 04:00:00,21,2,85
2024-03-11 04:05:00,13,1,95
2024-03-11 04:10:00,10,2,82
2024-03-11 04:15:00,14,1,98
2024-03-11 04:20:00,15,1,90
2024-03-11 04:25:00,24,2,89
2024-03-11 04:30:00,25,3,83
2024-03-11 04:35:00,16,1,88
2024-03-11 04:40:00,23,1,89
2024-03-11 04:45:00,15,2,91
2024-03-11 04:50:00,22,2,92
2024-03-11 04:55:00,24,1,90
2024-03-11 05:00:00,26,2,95
2024-03-11 05:05:00,24,2,86
2024-03-11 05:10:00,37,2,92
2024-03-11 05:15:00,42,2,97
2024-03-11 05:20:00,32,2,93
2024-03-11 05:25:00,43,2,90
2024-03-11 05:30:00,43,1,102
2024-03-11 05:35:00,57,2,98
2024-03-11 05:40:00,61,3,97
2024-03-11 05:45:00,45,2,99
2024-03-11 05:50:00,59,2,97
2024-03-11 05:55:00,41,1,98
2024-03-11 06:00:00,57,3,93
2024-03-11 06:05:00,50,2,97
2024-03-11 06:10:00,48,2,108
2024-03-11 06:15:00,66,3,97
2024-03-11 06:20:00,63,3,97
2024-03-11 06:25:00,70,3,95
2024-03-11 06:30:00,80,3,101
2024-03-11 06:35:00,78,3,104
2024-03-11 06:40:00,100,3,99
2024-03-11 06:45:00,81,2,105
2024-03-11 06:50:00,69,3,98
2024-03-11 06:55:00,107,4,99
2024-03-11 07:00:00,94,3,101
2024-03-11 07:05:00,90,2,109
2024-03-11 07:10:00,73,3,99
2024-03-11 07:15:00,103,3,105
2024-03-11 07:20:00,81,3,102
2024-03-11 07:25:00,84,3,104
2024-03-11 07:30:00,88,2,106
2024-03-11 07:35:00,77,3,104
2024-03-11 07:40:00,112,4,103
2024-03-11 07:45:00,110,3,104
2024-03-11 07:50:00,79,2,110
2024-03-11 07:55:00,104,3,102
2024-03-11 08:00:00,92,4,105
2024-03-11 08:05:00,96,3,104
2024-03-11 08:10:00,94,3,105
2024-03-11 08:15:00,92,3,103
2024-03-11 08:20:00,115,4,103
2024-03-11 08:25:00,91,2,107
2024-03-11 08:30:00,109,3,109
2024-03-11 08:35:00,86,2,106
2024-03-11 08:40:00,116,3,108
2024-03-11 08:45:00,95,3,107
2024-03-11 08:50:00,89,3,105
2024-03-11 08:55:00,99,3,107
2024-03-11 09:00:00,108,4,102
2024-03-11 09:05:00,109,3,107
2024-03-11 09:10:00,98,3,105
2024-03-11 09:15:00,92,3,104
2024-03-11 09:20:00,126,4,101
2024-03-11 09:25:00,95,3,101
2024-03-11 09:30:00,102,3,105
2024-03-11 09:35:00,90,3,103
2024-03-11 09:40:00,91,3,105
2024-03-11 09:45:00,106,3,102
2024-03-11 09:50:00,111,4,103
2024-03-11 09:55:00,108,3,104
2024-03-11 10:00:00,118,4,101
2024-03-11 10:05:00,109,3,103
2024-03-11 10:10:00,120,4,98
2024-03-11 10:15:00,125,4,101
2024-03-11 10:20:00,103,4,98
2024-03-11 10:25:00,126,4,101
2024-03-11 10:30:00,134,4,105
2024-03-11 10:35:00,119,4,104
2024-03-11 10:40:00,113,4,105
2024-03-11 10:45:00,127,4,101
2024-03-11 10:50:00,131,4,103
2024-03-11 10:55:00,128,5,101
2024-03-11 11:00:00,142,5,104
2024-03-11 11:05:00,124,4,100
2024-03-11 11:10:00,121,4,106
2024-03-11 11:15:00,147,5,102
2024-03-11 11:20:00,136,5,101
2024-03-11 11:25:00,120,4,102
2024-03-11 11:30:00,151,5,101
2024-03-11 11:35:00,146,5,102
2024-03-11 11:40:00,136,4,103
2024-03-11 11:45:00,130,4,107
2024-03-11 11:50:00,116,4,102
2024-03-11 11:55:00,105,4,100
2024-03-11 12:00:00,142,5,98
2024-03-11 12:05:00,106,4,99
2024-03-11 12:10:00,126,4,103
2024-03-11 12:15:00,138,5,104
2024-03-11 12:20:00,94,3,103
2024-03-11 12:25:00,165,6,98
2024-03-11 12:30:00,134,4,102
2024-03-11 12:35:00,107,4,102
2024-03-11 12:40:00,100,3,101
2024-03-11 12:45:00,122,4,102
2024-03-11 12:50:00,110,4,98
2024-03-11 12:55:00,106,4,98
2024-03-11 13:00:00,132,4,102
2024-03-11 13:05:00,114,4,97
2024-03-11 13:10:00,142,5,102
2024-03-11 13:15:00,107,4,105
2024-03-11 13:20:00,112,4,101
2024-03-11 13:25:00,139,5,101
2024-03-11 13:30:00,98,4,99
2024-03-11 13:35:00,102,3,101
2024-03-11 13:40:00,118,4,99
2024-03-11 13:45:00,118,4,100
2024-03-11 13:50:00,108,4,103
2024-03-11 13:55:00,115,4,102
2024-03-11 14:00:00,132,4,104
2024-03-11 14:05:00,118,4,100
2024-03-11 14:10:00,111,4,102
2024-03-11 14:15:00,135,5,97
2024-03-11 14:20:00,117,4,105
2024-03-11 14:25:00,125,5,96
2024-03-11 14:30:00,127,4,99
2024-03-11 14:35:00,105,4,100
2024-03-11 14:40:00,118,4,103
2024-03-11 14:45:00,129,5,97
2024-03-11 14:50:00,132,4,102
2024-03-11 14:55:00,129,4,104
2024-03-11 15:00:00,130,4,105
2024-03-11 15:05:00,137,5,101
2024-03-11 15:10:00,111,3,104
2024-03-11 15:15:00,121,4,102
2024-03-11 15:20:00,141,4,102
2024-03-11 15:25:00,127,4,102
2024-03-11 15:30:00,127,4,100
2024-03-11 15:35:00,118,4,105
2024-03-11 15:40:00,111,3,105
2024-03-11 15:45:00,117,4,105
2024-03-11 15:50:00,108,3,103
2024-03-11 15:55:00,108,3,104
2024-03-11 16:00:00,124,4,101
2024-03-11 16:05:00,98,3,103
2024-03-11 16:10:00,86,2,105
2024-03-11 16:15:00,91,2,107
2024-03-11 16:20:00,94,3,104
2024-03-11 16:25:00,111,3,100
2024-03-11 16:30:00,94,3,108
2024-03-11 16:35:00,102,3,104
2024-03-11 16:40:00,105,3,104
2024-03-11 16:45:00,92,3,103
2024-03-11 16:50:00,116,3,104
2024-03-11 16:55:00,93,3,100
2024-03-11 17:00:00,86,2,106
2024-03-11 17:05:00,106,3,101
2024-03-11 17:10:00,124,4,104
2024-03-11 17:15:00,103,3,102
2024-03-11 17:20:00,103,3,100
2024-03-11 17:25:00,118,3,104
2024-03-11 17:30:00,95,3,105
2024-03-11 17:35:00,129,3,105
2024-03-11 17:40:00,98,3,103
2024-03-11 17:45:00,84,2,107
2024-03-11 17:50:00,120,4,102
2024-03-11 17:55:00,108,3,106
2024-03-11 18:00:00,91,3,105
2024-03-11 18:05:00,88,3,101
2024-03-11 18:10:00,108,3,104
2024-03-11 18:15:00,75,2,99
2024-03-11 18:20:00,96,3,101
2024-03-11 18:25:00,84,3,102
2024-03-11 18:30:00,71,2,100
2024-03-11 18:35:00,78,2,99
2024-03-11 18:40:00,87,3,101
2024-03-11 18:45:00,65,2,100
2024-03-11 18:50:00,73,2,103
2024-03-11 18:55:00,77,3,99
2024-03-11 19:00:00,74,2,100
2024-03-11 19:05:00,67,2,100
2024-03-11 19:10:00,44,1,105
2024-03-11 19:15:00,77,3,97
2024-03-11 19:20:00,65,3,103
2024-03-11 19:25:00,64,3,97
2024-03-11 19:30:00,77,3,100
2024-03-11 19:35:00,62,2,103
2024-03-11 19:40:00,74,2,102
2024-03-11 19:45:00,67,2,100
2024-03-11 19:50:00,53,2,101
2024-03-11 19:55:00,50,2,95
2024-03-11 20:00:00,70,3,101
2024-03-11 20:05:00,52,2,98
2024-03-11 20:10:00,50,2,97
2024-03-11 20:15:00,63,3,94
2024-03-11 20:20:00,69,3,98
2024-03-11 20:25:00,69,2,97
2024-03-11 20:30:00,46,2,101
2024-03-11 20:35:00,49,2,99
2024-03-11 20:40:00,46,3,91
2024-03-11 20:45:00,43,2,98
2024-03-11 20:50:00,41,2,99
2024-03-11 20:55:00,64,2,96
2024-03-11 21:00:00,52,2,93
2024-03-11 21:05:00,52,2,98
2024-03-11 21:10:00,48,2,99
2024-03-11 21:15:00,33,1,97
2024-03-11 21:20:00,46,2,91
2024-03-11 21:25:00,45,1,100
2024-03-11 21:30:00,51,2,96
2024-03-11 21:35:00,45,2,96
2024-03-11 21:40:00,50,3,94
2024-03-11 21:45:00,44,2,94
2024-03-11 21:50:00,44,2,98
2024-03-11 21:55:00,44,2,94
2024-03-11 22:00:00,60,2,98
2024-03-11 22:05:00,43,2,94
2024-03-11 22:10:00,51,2,96
2024-03-11 22:15:00,55,2,97
2024-03-11 22:20:00,36,2,91
2024-03-11 22:25:00,31,2,97
2024-03-11 22:30:00,49,2,94
2024-03-11 22:35:00,35,2,90
2024-03-11 22:40:00,45,2,96
2024-03-11 22:45:00,37,2,98
2024-03-11 22:50:00,32,2,95
2024-03-11 22:55:00,39,2,93
2024-03-11 23:00:00,26,1,91
2024-03-11 23:05:00,31,1,93
2024-03-11 23:10:00,39,1,96
2024-03-11 23:15:00,47,2,94
2024-03-11 23:20:00,26,2,91
2024-03-11 23:25:00,34,2,95
2024-03-11 23:30:00,24,1,91
2024-03-11 23:35:00,39,2,91
2024-03-11 23:40:00,23,1,97
2024-03-11 23:45:00,27,2,91
2024-03-11 23:50:00,31,2,90
2024-03-11 23:55:00,26,2,92
